desertionNo,happenDt,happenPlace,kindFullNm,upKindCd,upKindNm,kindCd,kindNm,colorCd,age,weight,noticeNo,noticeSdt,noticeEdt,popfile1,popfile2,processState,sexCd,neuterYn,specialMark,careRegNo,careNm,careTel,careAddr,careOwnerNm,orgNm,updTm,rfidCd,etcBigo,vaccinationChk,healthChk,endReason,sfeSoci,sfeHealth,popfile3
448548202600248,20260317,봉산면,[개] 믹스견,417000,개,000114,믹스견,흰색,2024(년생),4(Kg),경남-합천-2026-00123,20260317,20260327,http://openapi.animal.go.kr/openapi/service/rest/fileDownloadSrvc/files/shelter/2026/02/202603171403215.jpg,http://openapi.animal.go.kr/openapi/service/rest/fileDownloadSrvc/files/shelter/2026/02/202603171403249.jpg,보호중,F,N,마을배회 ,348548201700001,태민동물보호센터,010-2868-2108,"경상남도 합천군 합천읍 옥산로 16 (합천읍, 까치빌라) 태민동물병원",성태민,경상남도 합천군,2026-03-17 14:22:09.0,,,,,,,,
448548202600247,20260317,봉산면,[개] 믹스견,417000,개,000114,믹스견,검정색,2023(년생),4(Kg),경남-합천-2026-00122,20260317,20260327,http://openapi.animal.go.kr/openapi/service/rest/fileDownloadSrvc/files/shelter/2026/02/202603171403396.jpg,http://openapi.animal.go.kr/openapi/service/rest/fileDownloadSrvc/files/shelter/2026/02/202603171403677.jpg,보호중,F,N,마을배회 ,348548201700001,태민동물보호센터,010-2868-2108,"경상남도 합천군 합천읍 옥산로 16 (합천읍, 까치빌라) 태민동물병원",성태민,경상남도 합천군,2026-03-17 14:22:09.0,,,,,,,,
448548202600246,20260317,봉산면,[개] 믹스견,417000,개,000114,믹스견,크림색,2024(년생),4(Kg),경남-합천-2026-00121,20260317,20260327,http://openapi.animal.go.kr/openapi/service/rest/fileDownloadSrvc/files/shelter/2026/02/202603171403537.jpg,http://openapi.animal.go.kr/openapi/service/rest/fileDownloadSrvc/files/shelter/2026/02/202603171403595[1].jpg,보호중,F,N,마을배회 ,348548201700001,태민동물보호센터,010-2868-2108,"경상남도 합천군 합천읍 옥산로 16 (합천읍, 까치빌라) 태민동물병원",성태민,경상남도 합천군,2026-03-17 14:22:09.0,,,,,,,,
448537202600198,20260317,견내량2길 32번지,[고양이] 한국 고양이,422400,고양이,000200,한국 고양이,레몬색&흰색,2023(년생),3(Kg),경남-거제-2026-00119,20260317,20260327,http://openapi.animal.go.kr/openapi/service/rest/fileDownloadSrvc/files/shelter/2026/02/202603171003774.jpg,http://openapi.animal.go.kr/openapi/service/rest/fileDownloadSrvc/files/shelter/2026/02/202603171003538.jpg,보호중,Q,U,"배꼽쪽이 다친걸로추정, 하악질심함",348537200900002,거제시동물보호센터,055-639-6368,경상남도 거제시 사등면 두동로1길 107  거제시동물보호센터,거제시청,경상남도 거제시,2026-03-17 10:51:27.0,,,,,,,,
448536202600153,20260317,청도면,[개] 믹스견,417000,개,000114,믹스견,갈색&흰색,2021(년생),3.5(Kg),경남-밀양-2026-00153,20260317,20260327,http://openapi.animal.go.kr/openapi/service/rest/fileDownloadSrvc/files/shelter/2026/02/20260317140387.jpg,http://openapi.animal.go.kr/openapi/service/rest/fileDownloadSrvc/files/shelter/2026/02/202603171403133.jpg,보호중,F,N,"많이 마른 상태, 발바리 스타일, 매우 얌전함",348536201800001,밀양시 동물보호센터,070-4113-7288,경상남도 밀양시 삼랑진읍 천태로 472 (삼랑진읍) ,밀양시청,경상남도 밀양시,2026-03-17 14:33:20.0,,,,,,,,
448536202600152,20260317,상남면,[개] 믹스견,417000,개,000114,믹스견,갈색&검정,2026(년생),4(Kg),경남-밀양-2026-00152,20260317,20260327,http://openapi.animal.go.kr/openapi/service/rest/fileDownloadSrvc/files/shelter/2026/02/202603171403322.jpg,http://openapi.animal.go.kr/openapi/service/rest/fileDownloadSrvc/files/shelter/2026/02/202603171403367.jpg,보호중,M,N,"왼쪽 뒷다리 철과상, 매우 순한 아가",348536201800001,밀양시 동물보호센터,070-4113-7288,경상남도 밀양시 삼랑진읍 천태로 472 (삼랑진읍) ,밀양시청,경상남도 밀양시,2026-03-17 14:33:10.0,,,,,,,,
448531202600328,20260317,진주시 문산읍 동부로 588번길 14,[개] 믹스견,417000,개,000114,믹스견,검정 황갈색&흰색,2023(년생),13.5(Kg),경남-진주-2026-00062,20260317,20260327,http://openapi.animal.go.kr/openapi/service/rest/fileDownloadSrvc/files/shelter/2026/02/202603171103345[3].jpg,http://openapi.animal.go.kr/openapi/service/rest/fileDownloadSrvc/files/shelter/2026/02/202603171103393.jpg,보호중,M,N,"겁많고, 경계심함",348531201000001,진주시동물보호센터,055-749-6134,"경상남도 진주시 집현면 신당길207번길 22 (집현면, 지역농업개발시설) ",농업기술센터소장,경상남도 진주시,2026-03-17 11:48:21.0,,,,,,,,
447521202600094,20260317,용암면 성암로1053 크린스타,[개] 슈나우져,417000,개,000123,슈나우져,검정&흰색,2024(년생),9(Kg),경북-성주-2026-00091,20260317,20260324,http://openapi.animal.go.kr/openapi/service/rest/fileDownloadSrvc/files/shelter/2026/02/202603171103466.jpg,http://openapi.animal.go.kr/openapi/service/rest/fileDownloadSrvc/files/shelter/2026/02/202603171103511.jpg,보호중,M,N,"작함,사람좋아함",347521201900002,성주군동물보호센터,010-2949-6699,경상북도 성주군 선남면 선노로 522 (선남면) ,박명석,경상북도 성주군,2026-03-17 11:17:03.0,,,,,,,,
447519202600074,20260317,금천면 방지길,[개] 믹스견,417000,개,000114,믹스견,흰색,2026(60일미만)(년생),4(Kg),경북-청도-2026-00067,20260317,20260327,http://openapi.animal.go.kr/openapi/service/rest/fileDownloadSrvc/files/shelter/2026/02/202603171103862.jpg,http://openapi.animal.go.kr/openapi/service/rest/fileDownloadSrvc/files/shelter/2026/02/202603171103888.jpg,보호중,F,U,귀여움,347519202100001,청도군동물보호센터,054-371-9267,경상북도 청도군 청도읍 중앙로 84-466  동물보호센터,청도군수,경상북도 청도군,2026-03-17 11:43:27.0,,,,,,,,
447519202600073,20260317,금천면 방지길,[개] 믹스견,417000,개,000114,믹스견,흰색,2026(60일미만)(년생),2(Kg),경북-청도-2026-00066,20260317,20260327,http://openapi.animal.go.kr/openapi/service/rest/fileDownloadSrvc/files/shelter/2026/02/202603171103210[1].jpg,http://openapi.animal.go.kr/openapi/service/rest/fileDownloadSrvc/files/shelter/2026/02/202603171103238.jpg,보호중,M,U,꼬물꼬물 귀여운 녀석,347519202100001,청도군동물보호센터,054-371-9267,경상북도 청도군 청도읍 중앙로 84-466  동물보호센터,청도군수,경상북도 청도군,2026-03-17 11:43:26.0,,,,,,,,
447519202600072,20260317,금천면 방지길,[개] 믹스견,417000,개,000114,믹스견,흑갈색,2026(60일미만)(년생),2(Kg),경북-청도-2026-00065,20260317,20260327,http://openapi.animal.go.kr/openapi/service/rest/fileDownloadSrvc/files/shelter/2026/02/202603171103279[1].jpg,http://openapi.animal.go.kr/openapi/service/rest/fileDownloadSrvc/files/shelter/2026/02/202603171103307.jpg,보호중,M,U,꼬물꼬물 귀여운 녀석,347519202100001,청도군동물보호센터,054-371-9267,경상북도 청도군 청도읍 중앙로 84-466  동물보호센터,청도군수,경상북도 청도군,2026-03-17 11:43:26.0,,,,,,,,
447519202600071,20260317,금천면 방지길,[개] 믹스견,417000,개,000114,믹스견,갈색,2026(60일미만)(년생),2(Kg),경북-청도-2026-00064,20260317,20260327,http://openapi.animal.go.kr/openapi/service/rest/fileDownloadSrvc/files/shelter/2026/02/202603171103218.jpg,http://openapi.animal.go.kr/openapi/service/rest/fileDownloadSrvc/files/shelter/2026/02/202603171103247.jpg,보호중,F,U,꼬물꼬물 귀여운 녀석,347519202100001,청도군동물보호센터,054-371-9267,경상북도 청도군 청도읍 중앙로 84-466  동물보호센터,청도군수,경상북도 청도군,2026-03-17 11:43:26.0,,,,,,,,
447519202600070,20260317,화양읍 범곡길 534-9,[개] 믹스견,417000,개,000114,믹스견,검정색,2026(60일미만)(년생),4(Kg),경북-청도-2026-00063,20260317,20260327,http://openapi.animal.go.kr/openapi/service/rest/fileDownloadSrvc/files/shelter/2026/02/202603171103346.jpg,http://openapi.animal.go.kr/openapi/service/rest/fileDownloadSrvc/files/shelter/2026/02/202603171103370.jpg,보호중,F,U,푸들종류로 추정/ 청도 보건소 인근에서 발견,347519202100001,청도군동물보호센터,054-371-9267,경상북도 청도군 청도읍 중앙로 84-466  동물보호센터,청도군수,경상북도 청도군,2026-03-17 11:43:26.0,,,,,,,,
447505202600195,20260317,용강파출소 부근,[개] 포메라니안,417000,개,000089,포메라니안,흰색,2026(년생),2.2(Kg),경북-경주-2026-00199,20260317,20260327,http://openapi.animal.go.kr/openapi/service/rest/fileDownloadSrvc/files/shelter/2026/02/202603171003684.jpg,http://openapi.animal.go.kr/openapi/service/rest/fileDownloadSrvc/files/shelter/2026/02/202603171003791.jpg,보호중,M,N,성격 좋고 사람 좋아해요. 왼쪽 뒷다리 이상있음.,347505201700001,경주동물사랑보호센터,010-8889-2883,경상북도 경주시 천북면 천북로 8-4  경주시 동물사랑보호센터,경주시장,경상북도 경주시,2026-03-17 10:58:04.0,,,,,,,,
447505202600194,20260317,외동읍 연안부근,[개] 보더 콜리,417000,개,000020,보더 콜리,검정&흰색,2024(년생),15(Kg),경북-경주-2026-00198,20260317,20260327,http://openapi.animal.go.kr/openapi/service/rest/fileDownloadSrvc/files/shelter/2026/02/202603171003314[2].jpg,http://openapi.animal.go.kr/openapi/service/rest/fileDownloadSrvc/files/shelter/2026/02/202603171003377.jpg,보호중,M,N,성격 좋고 사람 잘 따름. 보호자 분 꼭 찾으러 오세요,347505201700001,경주동물사랑보호센터,010-8889-2883,경상북도 경주시 천북면 천북로 8-4  경주시 동물사랑보호센터,경주시장,경상북도 경주시,2026-03-17 10:48:04.0,,,,,,,,
445479202600214,20260317, 부안소방서 구조대 차고,[개] 믹스견,417000,개,000114,믹스견,갈색,2023(년생),7(Kg),전북-부안-2026-00166,20260317,20260401,http://openapi.animal.go.kr/openapi/service/rest/fileDownloadSrvc/files/shelter/2026/02/202603171303413[1].jpg,http://openapi.animal.go.kr/openapi/service/rest/fileDownloadSrvc/files/shelter/2026/02/202603171303488.jpg,보호중,M,N,활발해 보임.,345479202100001,부안군 동물보호센터,063-580-4445,전북특별자치도 부안군 주산면 주산로 369  부안군 동물보호센터,김동환,전북특별자치도 부안군,2026-03-17 13:45:25.0,,,,,,,,
445479202600213,20260317, 부안소방서 구조대 차고,[개] 믹스견,417000,개,000114,믹스견,갈색&검정,2024(년생),6(Kg),전북-부안-2026-00165,20260317,20260401,http://openapi.animal.go.kr/openapi/service/rest/fileDownloadSrvc/files/shelter/2026/02/202603171303127[1].jpg,http://openapi.animal.go.kr/openapi/service/rest/fileDownloadSrvc/files/shelter/2026/02/202603171303171[1].jpg,보호중,F,N,털이 많이 자라 긴편.,345479202100001,부안군 동물보호센터,063-580-4445,전북특별자치도 부안군 주산면 주산로 369  부안군 동물보호센터,김동환,전북특별자치도 부안군,2026-03-17 13:45:06.0,,,,,,,,
445479202600209,20260317, 변산면 묵정길 104-12,[개] 믹스견,417000,개,000114,믹스견,흰색,2022(년생),9(Kg),전북-부안-2026-00164,20260317,20260401,http://openapi.animal.go.kr/openapi/service/rest/fileDownloadSrvc/files/shelter/2026/02/202603171103417.jpg,http://openapi.animal.go.kr/openapi/service/rest/fileDownloadSrvc/files/shelter/2026/02/202603171103462.jpg,보호중,F,N,털이길고 많이 엉킨상태.,345479202100001,부안군 동물보호센터,063-580-4445,전북특별자치도 부안군 주산면 주산로 369  부안군 동물보호센터,김동환,전북특별자치도 부안군,2026-03-17 11:30:52.0,,,,,,,,
445471202600070,20260317,김제시 금산면 금평로 313,[개] 말티즈,417000,개,000072,말티즈,흰색,2022(년생),1(Kg),전북-김제-2026-00070,20260317,20260401,http://openapi.animal.go.kr/openapi/service/rest/fileDownloadSrvc/files/shelter/2026/02/202603171403491[1].jpg,http://openapi.animal.go.kr/openapi/service/rest/fileDownloadSrvc/files/shelter/2026/02/202603171403467[1].jpg,보호중,M,N,순하다,345471201800002,전북말산업복합센터,063-547-3549,전라북도 김제시 용지면 금백로 571-39 (용지면) 전북말산업복합센터,조희천,전북특별자치도 김제시,2026-03-17 14:37:36.0,410160010287664,-,,,,,,
445468202600345,20260317,익산시 부송동 우남콤비타운아파트 경비실,[개] 포메라니안,417000,개,000089,포메라니안,갈색,2018(년생),7(Kg),전북-익산-2026-00280,20260317,20260327,http://openapi.animal.go.kr/openapi/service/rest/fileDownloadSrvc/files/shelter/2026/02/202603171203921.jpg,http://openapi.animal.go.kr/openapi/service/rest/fileDownloadSrvc/files/shelter/2026/02/202603171203944.jpg,보호중,M,Y,글로펫 녹색 목테 착용하고있으며 나이가 많아 보이고 살이 많이 찜,345468201200001,익산유기동물보호소,063-855-1214,전북특별자치도 익산시 삼기면 황금로 342-17  ,임종현,전북특별자치도 익산시,2026-03-17 14:34:31.0,,,,,,,,
444462202600182,20260317,서문 2길 21-6,[개] 믹스견,417000,개,000114,믹스견,검정&흰색,2013(년생),15(Kg),충남-태안-2026-00109,20260317,20260327,http://openapi.animal.go.kr/openapi/service/rest/fileDownloadSrvc/files/shelter/2026/02/202603171103303.jpg,http://openapi.animal.go.kr/openapi/service/rest/fileDownloadSrvc/files/shelter/2026/02/202603171103311.jpg,보호중,M,N,순하고 잘따름,344462200900001,최동물병원,041-672-0346,충청남도 태안군 태안읍 남문리 504-6,최기중,충청남도 태안군,2026-03-17 11:34:41.0,,,,,,,,
444460202600075,20260317,장곡길 724,[개] 푸들,417000,개,000128,푸들,검정&흰색,2024(년생),7.2(Kg),충남-홍성-2026-00080,20260317,20260325,http://openapi.animal.go.kr/openapi/service/rest/fileDownloadSrvc/files/shelter/2026/02/202603170903731[1].jpg,http://openapi.animal.go.kr/openapi/service/rest/fileDownloadSrvc/files/shelter/2026/02/202603170903748.jpg,보호중,M,N,온순함,344460202500001,홍성반려동물문화센터,041-630-1374,충청남도 홍성군 은하면 은하로 155-38  ,홍성군수,충청남도 홍성군,2026-03-17 09:30:29.0,,,"광견병,종합백신,코로나",원충,,,,
444460202600074,20260317,충청남도 홍성군 홍성읍 문화로72번길 72 주차장,[개] 푸들,417000,개,000128,푸들,크림색,2019(년생),3.3(Kg),충남-홍성-2026-00079,20260317,20260325,http://openapi.animal.go.kr/openapi/service/rest/fileDownloadSrvc/files/shelter/2026/02/202603170903678.jpg,http://openapi.animal.go.kr/openapi/service/rest/fileDownloadSrvc/files/shelter/2026/02/202603170903721.jpg,보호중,M,Y,경계심이 많음,344460202500001,홍성반려동물문화센터,041-630-1374,충청남도 홍성군 은하면 은하로 155-38  ,홍성군수,충청남도 홍성군,2026-03-17 09:30:16.0,,,"광견병,종합백신,코로나",,,,,
444460202600073,20260317,버스 터미널 부근,[개] 믹스견,417000,개,000114,믹스견,흑갈색,2026(60일미만)(년생),1(Kg),충남-홍성-2026-00078,20260317,20260325,http://openapi.animal.go.kr/openapi/service/rest/fileDownloadSrvc/files/shelter/2026/02/202603170903690[1].jpg,http://openapi.animal.go.kr/openapi/service/rest/fileDownloadSrvc/files/shelter/2026/02/202603170903706.jpg,보호중,M,N,온순함/사람을 잘 따름.,344460202500001,홍성반려동물문화센터,041-630-1374,충청남도 홍성군 은하면 은하로 155-38  ,홍성군수,충청남도 홍성군,2026-03-17 09:30:04.0,,,"종합백신,코로나",,,,,
444460202600072,20260317,버스 터미널 부근,[개] 믹스견,417000,개,000114,믹스견,흑갈색,2026(60일미만)(년생),1(Kg),충남-홍성-2026-00077,20260317,20260325,http://openapi.animal.go.kr/openapi/service/rest/fileDownloadSrvc/files/shelter/2026/02/202603170903562.jpg,http://openapi.animal.go.kr/openapi/service/rest/fileDownloadSrvc/files/shelter/2026/02/202603170903582.jpg,보호중,M,N,온순함/사람을 잘 따름.,344460202500001,홍성반려동물문화센터,041-630-1374,충청남도 홍성군 은하면 은하로 155-38  ,홍성군수,충청남도 홍성군,2026-03-17 09:29:48.0,,,"종합백신,코로나",,,,,
444451202600222,20260317,대전학생해양수련원,[개] 믹스견,417000,개,000114,믹스견,흰색,2023(년생),18(Kg),충남-보령-2026-00065,20260317,20260327,http://openapi.animal.go.kr/openapi/service/rest/fileDownloadSrvc/files/shelter/2026/02/202603170903198.jpg,http://openapi.animal.go.kr/openapi/service/rest/fileDownloadSrvc/files/shelter/2026/02/202603170903648.jpg,보호중,M,N,.,344451201300001,보령시유기동물보호소,010-5427-7210,충청남도 보령시 대천방조제로 322 (대천동) 보령시시설관리공단 내 좌측 생태공원2,장경무,충청남도 보령시,2026-03-17 09:12:12.0,,,,,,,,
442434202600066,20260317,간성읍 남천마루1길 18-30,[개] 시바,417000,개,000100,시바,기타(검정하양),2025(년생),8(Kg),강원-고성-2026-00038,20260317,20260324,http://openapi.animal.go.kr/openapi/service/rest/fileDownloadSrvc/files/shelter/2026/02/202603171003782.jpg,http://openapi.animal.go.kr/openapi/service/rest/fileDownloadSrvc/files/shelter/2026/02/202603171003843.jpg,보호중,F,N,활발함,342434202500001,고성군 동물보호센터,033-680-4171,강원특별자치도 고성군 간성읍 진부령로 2768-10  ,정연배,강원특별자치도 고성군,2026-03-17 10:33:30.0,,,,,,,,
442434202600064,20260317,공현진1리,[개] 진도견,417000,개,000067,진도견,흰색,2023(년생),10(Kg),강원-고성-2026-00039,20260317,20260324,http://openapi.animal.go.kr/openapi/service/rest/fileDownloadSrvc/files/shelter/2026/02/20260317100382.jpg,http://openapi.animal.go.kr/openapi/service/rest/fileDownloadSrvc/files/shelter/2026/02/202603171003710.jpg,보호중,F,N,사납고 겁이 많음,342434202500001,고성군 동물보호센터,033-680-4171,강원특별자치도 고성군 간성읍 진부령로 2768-10  ,정연배,강원특별자치도 고성군,2026-03-17 10:27:53.0,,,,,,,,
441416202600049,20260317,설악면 위곡리 단독주택 주변,[개] 믹스견,417000,개,000114,믹스견,갈색&흰색,2022(년생),9(Kg),경기-가평-2026-00019,20260317,20260327,http://openapi.animal.go.kr/openapi/service/rest/fileDownloadSrvc/files/shelter/2026/02/202603171303405.jpg,http://openapi.animal.go.kr/openapi/service/rest/fileDownloadSrvc/files/shelter/2026/02/202603171303902.jpg,보호중,F,N,"설악면 위곡리 단독주택 주변/갈색목걸이,사슬 목줄 착용",341416200900001,가평군유기동물보호소,031-580-4794,"경기도 가평군 가평읍 아랫마장길 59 (가평읍, 농업기술센터) 가평 유기동물 보호소(10:00~18:00)",가평군,경기도 가평군,2026-03-17 13:48:56.0,,,,,,,,
441416202600048,20260317,설악면 신포교 다리부근 배회,[개] 믹스견,417000,개,000114,믹스견,검정&흰색,2023(년생),4(Kg),경기-가평-2026-00018,20260317,20260327,http://openapi.animal.go.kr/openapi/service/rest/fileDownloadSrvc/files/shelter/2026/02/202603171303394.jpg,http://openapi.animal.go.kr/openapi/service/rest/fileDownloadSrvc/files/shelter/2026/02/202603171303936.jpg,보호중,F,N,"설악면 신포교 다리부근 배회/목걸이,목줄 없음",341416200900001,가평군유기동물보호소,031-580-4794,"경기도 가평군 가평읍 아랫마장길 59 (가평읍, 농업기술센터) 가평 유기동물 보호소(10:00~18:00)",가평군,경기도 가평군,2026-03-17 13:37:02.0,,,,,,,,
441405202600344,20260317,처인구 포곡읍 곡현로 129,[개] 믹스견,417000,개,000114,믹스견,호반색&흰색,2022(년생),20(Kg),경기-용인-2026-00052,20260317,20260327,http://openapi.animal.go.kr/openapi/service/rest/fileDownloadSrvc/files/shelter/2026/02/202603171403187.jpg,http://openapi.animal.go.kr/openapi/service/rest/fileDownloadSrvc/files/shelter/2026/02/202603171403855.jpg,보호중,M,N,"검은색 목줄과 끊어진 초록색 와이어줄, 검은색 로프줄 착용",341405201800001,용인시 동물보호센터,031-6193-3463,경기도 용인시 처인구 중부대로 1074-1 (삼가동) 용인시 동물보호센터,용인시장,경기도 용인시,2026-03-17 14:34:22.0,,,,,,,,
427347202600214,20260317,본리 119,[고양이] 한국 고양이,422400,고양이,000200,한국 고양이,검은색흰색황토색조합,2026(60일미만)(년생),0.10(Kg),대구-달서-2026-00037,20260317,20260327,http://openapi.animal.go.kr/openapi/service/rest/fileDownloadSrvc/files/shelter/2026/02/202603170903887[1].jpg,http://openapi.animal.go.kr/openapi/service/rest/fileDownloadSrvc/files/shelter/2026/02/202603171303204.jpg,보호중,F,N,"어미분리 자묘, 저체온증,상태 매우 나쁨",327347201400001,대구유기동물보호협회,053-964-6258,대구광역시 동구 금강로 151-13 (금강동) ,임규호,대구광역시 달서구,2026-03-17 13:24:22.0,,,,,,,,
426331202600039,20260317,우암로 58-1,[고양이] 믹스묘,422400,고양이,000212,믹스묘,기타(갈+흰),2022(년생),4(Kg),부산-남구-2026-00038,20260317,20260327,http://openapi.animal.go.kr/openapi/service/rest/fileDownloadSrvc/files/shelter/2026/02/202603171303280[1].jpg,http://openapi.animal.go.kr/openapi/service/rest/fileDownloadSrvc/files/shelter/2026/02/202603171303293[1].jpg,보호중,M,N,"사고 의심, 기력 매우 저하, 안면 부상, 갈+흰",326331201100001,(사)동부동물보호협회,051-701-7599,부산광역시 해운대구 송정2로13번길 46 (송정동) ,장영철,부산광역시 남구,2026-03-17 13:59:45.0,,,,,,,,
411305202600084,20260317,"서울 동대문구 이문로 148 (이문동, 이문동교회)",[고양이] 한국 고양이,422400,고양이,000200,한국 고양이,흰색/검은색 얼룩무늬,2025(년생),3.24(Kg),서울-동대문-2026-00073,20260317,20260327,http://openapi.animal.go.kr/openapi/service/rest/fileDownloadSrvc/files/shelter/2026/02/20260317130329.jpg,http://openapi.animal.go.kr/openapi/service/rest/fileDownloadSrvc/files/shelter/2026/02/20260317130395.jpg,보호중,M,N,교통사고. 좌 후지 골절. 저체온. 기립불능. 기력없음. 귀 오염. 털 때탐. ,311305201300001,한국동물구조관리협회,031-867-9119,경기도 양주시 남면 감악산로 63-37 ,김철훈,서울특별시 동대문구,2026-03-17 13:29:20.0,,,,,,,,
450650202600581,20260316,서귀포시 성산읍 신풍상동로 25,[개] 믹스견,417000,개,000114,믹스견,갈색,2026(년생),11.6(Kg),제주-제주-2026-00569,20260317,20260327,http://openapi.animal.go.kr/openapi/service/rest/fileDownloadSrvc/files/shelter/2026/02/202603170903325.jpg,http://openapi.animal.go.kr/openapi/service/rest/fileDownloadSrvc/files/shelter/2026/02/202603170903334.jpg,보호중,M,Y,개체관리번호 0530 - 5개월/빨강연두목줄,350650201200001,제주 동물보호센터,064-710-4065,제주특별자치도 제주시 첨단동길 184-14 (용강동) ,문성업,제주특별자치도,2026-03-17 09:23:10.0,410097800545436,,,,,,,
450650202600580,20260316,제주시 애월읍  고성리 산111-1,[개] 믹스견,417000,개,000114,믹스견,갈색,2024(년생),16(Kg),제주-제주-2026-00568,20260317,20260327,http://openapi.animal.go.kr/openapi/service/rest/fileDownloadSrvc/files/shelter/2026/02/202603170903995.jpg,http://openapi.animal.go.kr/openapi/service/rest/fileDownloadSrvc/files/shelter/2026/02/20260317090335.jpg,보호중,M,N,"개체관리번호 0529 - 우전지, 우후지 골절",350650201200001,제주 동물보호센터,064-710-4065,제주특별자치도 제주시 첨단동길 184-14 (용강동) ,문성업,제주특별자치도,2026-03-17 09:23:10.0,,,,,,,,
450650202600579,20260316,제주시 한림읍 일주서로 4787 맞은편,[개] 믹스견,417000,개,000114,믹스견,흰색,2014(년생),13.9(Kg),제주-제주-2026-00567,20260317,20260327,http://openapi.animal.go.kr/openapi/service/rest/fileDownloadSrvc/files/shelter/2026/02/202603170903552.jpg,http://openapi.animal.go.kr/openapi/service/rest/fileDownloadSrvc/files/shelter/2026/02/202603170903568.jpg,보호중,M,N,"개체관리번호 0528 - 경부 피부 외상, 심장사상충",350650201200001,제주 동물보호센터,064-710-4065,제주특별자치도 제주시 첨단동길 184-14 (용강동) ,문성업,제주특별자치도,2026-03-17 09:23:10.0,,,,,,,,
450650202600578,20260316,서귀포시 남원읍 위미리 204,[개] 믹스견,417000,개,000114,믹스견,갈색,2023(년생),15.3(Kg),제주-제주-2026-00566,20260317,20260327,http://openapi.animal.go.kr/openapi/service/rest/fileDownloadSrvc/files/shelter/2026/02/20260317090353.jpg,http://openapi.animal.go.kr/openapi/service/rest/fileDownloadSrvc/files/shelter/2026/02/20260317090369.jpg,보호중,F,U,개체관리번호 0527 - 빨간목줄,350650201200001,제주 동물보호센터,064-710-4065,제주특별자치도 제주시 첨단동길 184-14 (용강동) ,문성업,제주특별자치도,2026-03-17 09:23:10.0,,,,,,,,
450650202600577,20260316,서귀포시 토평동 2755,[개] 믹스견,417000,개,000114,믹스견,갈색&검정&흰색,2023(년생),13.7(Kg),제주-제주-2026-00565,20260317,20260327,http://openapi.animal.go.kr/openapi/service/rest/fileDownloadSrvc/files/shelter/2026/02/202603170903953.jpg,http://openapi.animal.go.kr/openapi/service/rest/fileDownloadSrvc/files/shelter/2026/02/202603170903964.jpg,보호중,M,N,개체관리번호 0526,350650201200001,제주 동물보호센터,064-710-4065,제주특별자치도 제주시 첨단동길 184-14 (용강동) ,문성업,제주특별자치도,2026-03-17 09:23:10.0,,,,,,,,
450650202600576,20260316,서귀포시 남원읍 하례리 229,[개] 믹스견,417000,개,000114,믹스견,갈색,2023(년생),19(Kg),제주-제주-2026-00564,20260317,20260327,http://openapi.animal.go.kr/openapi/service/rest/fileDownloadSrvc/files/shelter/2026/02/20260317090324.jpg,http://openapi.animal.go.kr/openapi/service/rest/fileDownloadSrvc/files/shelter/2026/02/20260317090341.jpg,보호중,M,N,개체관리번호 0525,350650201200001,제주 동물보호센터,064-710-4065,제주특별자치도 제주시 첨단동길 184-14 (용강동) ,문성업,제주특별자치도,2026-03-17 09:23:09.0,,,,,,,,
450650202600575,20260316,서귀포시 상효동 중산간동로 7578,[개] 믹스견,417000,개,000114,믹스견,갈색,2022(년생),20.1(Kg),제주-제주-2026-00563,20260317,20260327,http://openapi.animal.go.kr/openapi/service/rest/fileDownloadSrvc/files/shelter/2026/02/202603170903395.jpg,http://openapi.animal.go.kr/openapi/service/rest/fileDownloadSrvc/files/shelter/2026/02/202603170903414.jpg,보호중,M,N,개체관리번호 0524,350650201200001,제주 동물보호센터,064-710-4065,제주특별자치도 제주시 첨단동길 184-14 (용강동) ,문성업,제주특별자치도,2026-03-17 09:23:09.0,,,,,,,,
450650202600574,20260316,서귀포시 남원읍 남원리 2202,[개] 믹스견,417000,개,000114,믹스견,흰색,2024(년생),17.3(Kg),제주-제주-2026-00562,20260317,20260327,http://openapi.animal.go.kr/openapi/service/rest/fileDownloadSrvc/files/shelter/2026/02/202603170903318.jpg,http://openapi.animal.go.kr/openapi/service/rest/fileDownloadSrvc/files/shelter/2026/02/202603170903329.jpg,보호중,F,U,개체관리번호 0523,350650201200001,제주 동물보호센터,064-710-4065,제주특별자치도 제주시 첨단동길 184-14 (용강동) ,문성업,제주특별자치도,2026-03-17 09:23:09.0,,,,,,,,
450650202600573,20260316,서귀포시 성산읍 수송로 152,[개] 믹스견,417000,개,000114,믹스견,흰색,2025(년생),10(Kg),제주-제주-2026-00561,20260317,20260327,http://openapi.animal.go.kr/openapi/service/rest/fileDownloadSrvc/files/shelter/2026/02/20260317090393.jpg,http://openapi.animal.go.kr/openapi/service/rest/fileDownloadSrvc/files/shelter/2026/02/202603170903106.jpg,보호중,M,N,개체관리번호 0522,350650201200001,제주 동물보호센터,064-710-4065,제주특별자치도 제주시 첨단동길 184-14 (용강동) ,문성업,제주특별자치도,2026-03-17 09:23:09.0,,,,,,,,
450650202600572,20260316,서귀포시 상효동 516로 501,[개] 믹스견,417000,개,000114,믹스견,검정&흰색,2026(년생),4.8(Kg),제주-제주-2026-00560,20260317,20260327,http://openapi.animal.go.kr/openapi/service/rest/fileDownloadSrvc/files/shelter/2026/02/202603170903922.jpg,http://openapi.animal.go.kr/openapi/service/rest/fileDownloadSrvc/files/shelter/2026/02/202603170903936.jpg,보호중,F,N,개체관리번호 0521 - 3개월/빨간하네스착용,350650201200001,제주 동물보호센터,064-710-4065,제주특별자치도 제주시 첨단동길 184-14 (용강동) ,문성업,제주특별자치도,2026-03-17 09:23:08.0,,,,,,,,
450650202600571,20260316,서귀포시 남원읍 남원리 2202,[개] 믹스견,417000,개,000114,믹스견,흰색,2024(년생),16.1(Kg),제주-제주-2026-00559,20260317,20260327,http://openapi.animal.go.kr/openapi/service/rest/fileDownloadSrvc/files/shelter/2026/02/202603170903704.jpg,http://openapi.animal.go.kr/openapi/service/rest/fileDownloadSrvc/files/shelter/2026/02/202603170903716.jpg,보호중,M,N,개체관리번호 0520 ,350650201200001,제주 동물보호센터,064-710-4065,제주특별자치도 제주시 첨단동길 184-14 (용강동) ,문성업,제주특별자치도,2026-03-17 09:22:46.0,,,,,,,,
448544202600069,20260316,경상남도 하동군 횡천면 안양로 285,[개] 믹스견,417000,개,000114,믹스견,갈색&검정,2026(년생),3.1(Kg),경남-하동-2026-00053,20260317,20260327,http://openapi.animal.go.kr/openapi/service/rest/fileDownloadSrvc/files/shelter/2026/02/202603161103478.jpg,http://openapi.animal.go.kr/openapi/service/rest/fileDownloadSrvc/files/shelter/2026/02/20260316110391.jpg,보호중,F,N,순하고 사람을 잘 따름 활발한 성격. 초록색 목걸이 착용,348544201100001,하동군유기동물보호소,055-880-2677,경상남도 하동군 적량면 한옥정길 90 (적량면) 유기동물보호소,하동군농업기술센터,경상남도 하동군,2026-03-17 13:28:36.0,,,,,,,,
448544202600068,20260316,경상남도 하동군 횡천면 안양로 285,[개] 믹스견,417000,개,000114,믹스견,검정색,2026(년생),2.9(Kg),경남-하동-2026-00052,20260317,20260327,http://openapi.animal.go.kr/openapi/service/rest/fileDownloadSrvc/files/shelter/2026/02/202603161103771.jpg,http://openapi.animal.go.kr/openapi/service/rest/fileDownloadSrvc/files/shelter/2026/02/202603161103395.jpg,보호중,M,N,입소당시 겁이많아보였음 파란색 목걸이 착용,348544201100001,하동군유기동물보호소,055-880-2677,경상남도 하동군 적량면 한옥정길 90 (적량면) 유기동물보호소,하동군농업기술센터,경상남도 하동군,2026-03-17 13:28:36.0,,,,,,,,
448535202600131,20260316,김해시 호계로472번길 1,[개] 푸들,417000,개,000128,푸들,흰색,2023(년생),3(Kg),경남-김해-2026-00121,20260317,20260327,http://openapi.animal.go.kr/openapi/service/rest/fileDownloadSrvc/files/shelter/2026/02/202603171003404.png,http://openapi.animal.go.kr/openapi/service/rest/fileDownloadSrvc/files/shelter/2026/02/202603171003433.png,보호중,M,U,김해시-121,348535202400001,(사)동물보호관리협회,051-971-6208,부산광역시 강서구 가락대로1283번길 25-2 (봉림동) ,변재갑,경상남도 김해시,2026-03-17 10:14:52.0,,,,,,,,
448535202600130,20260316,김해시 주촌면 주선로 140,[고양이] 한국 고양이,422400,고양이,000200,한국 고양이,검정색,2026(년생),0.5(Kg),경남-김해-2026-00120,20260317,20260327,http://openapi.animal.go.kr/openapi/service/rest/fileDownloadSrvc/files/shelter/2026/02/20260317100369.png,http://openapi.animal.go.kr/openapi/service/rest/fileDownloadSrvc/files/shelter/2026/02/202603171003686.png,보호중,Q,U,"김해시-120, 3개월미만 추정, 어미잃은 젖먹이 새끼고양이, 5두 입소",348535202400001,(사)동물보호관리협회,051-971-6208,부산광역시 강서구 가락대로1283번길 25-2 (봉림동) ,변재갑,경상남도 김해시,2026-03-17 10:14:52.0,,,,,,,,
448535202600129,20260316,김해시 주촌면 주선로 140,[고양이] 한국 고양이,422400,고양이,000200,한국 고양이,검정색,2026(년생),0.5(Kg),경남-김해-2026-00119,20260317,20260327,http://openapi.animal.go.kr/openapi/service/rest/fileDownloadSrvc/files/shelter/2026/02/202603171003468.png,http://openapi.animal.go.kr/openapi/service/rest/fileDownloadSrvc/files/shelter/2026/02/202603171003137.png,보호중,Q,U,"김해시-119, 3개월미만 추정, 어미잃은 젖먹이 새끼고양이, 5두 입소",348535202400001,(사)동물보호관리협회,051-971-6208,부산광역시 강서구 가락대로1283번길 25-2 (봉림동) ,변재갑,경상남도 김해시,2026-03-17 10:14:51.0,,,,,,,,
448535202600128,20260316,김해시 주촌면 주선로 140,[고양이] 한국 고양이,422400,고양이,000200,한국 고양이,검정색,2026(년생),0.5(Kg),경남-김해-2026-00118,20260317,20260327,http://openapi.animal.go.kr/openapi/service/rest/fileDownloadSrvc/files/shelter/2026/02/202603171003733.png,http://openapi.animal.go.kr/openapi/service/rest/fileDownloadSrvc/files/shelter/2026/02/202603171003276.png,보호중,Q,U,"김해시-118, 3개월미만 추정, 어미잃은 젖먹이 새끼고양이, 5두 입소",348535202400001,(사)동물보호관리협회,051-971-6208,부산광역시 강서구 가락대로1283번길 25-2 (봉림동) ,변재갑,경상남도 김해시,2026-03-17 10:14:51.0,,,,,,,,
448535202600127,20260316,김해시 주촌면 주선로 140,[고양이] 한국 고양이,422400,고양이,000200,한국 고양이,검정색,2026(년생),0.5(Kg),경남-김해-2026-00117,20260317,20260327,http://openapi.animal.go.kr/openapi/service/rest/fileDownloadSrvc/files/shelter/2026/02/202603171003372.png,http://openapi.animal.go.kr/openapi/service/rest/fileDownloadSrvc/files/shelter/2026/02/202603171003910.png,보호중,Q,U,"김해시-117, 3개월미만 추정, 어미잃은 젖먹이 새끼고양이, 5두입소",348535202400001,(사)동물보호관리협회,051-971-6208,부산광역시 강서구 가락대로1283번길 25-2 (봉림동) ,변재갑,경상남도 김해시,2026-03-17 10:14:51.0,,,,,,,,
448535202600126,20260316,김해시 주촌면 주선로 140,[고양이] 한국 고양이,422400,고양이,000200,한국 고양이,검정색,2026(년생),0.5(Kg),경남-김해-2026-00116,20260317,20260327,http://openapi.animal.go.kr/openapi/service/rest/fileDownloadSrvc/files/shelter/2026/02/202603170903691.png,http://openapi.animal.go.kr/openapi/service/rest/fileDownloadSrvc/files/shelter/2026/02/202603170903268.png,보호중,Q,U,"김해시-116, 3개월미만 추정,어미잃은 젖먹이 새끼고양이, 5두 입소",348535202400001,(사)동물보호관리협회,051-971-6208,부산광역시 강서구 가락대로1283번길 25-2 (봉림동) ,변재갑,경상남도 김해시,2026-03-17 10:14:51.0,,,,,,,,
447525202600060,20260316,북면,[개] 믹스견,417000,개,000114,믹스견,흰색,2024(년생),10(Kg),경북-울진-2026-00033,20260317,20260327,http://openapi.animal.go.kr/openapi/service/rest/fileDownloadSrvc/files/shelter/2026/02/202603170903296.jpg,http://openapi.animal.go.kr/openapi/service/rest/fileDownloadSrvc/files/shelter/2026/02/202603170903316.jpg,보호중,M,U,온순하고 친근함,347525202100001,울진군동물보호센터,054-789-6795,경상북도 울진군 울진읍 대흥신림로 916-37  ,울진군수,경상북도 울진군,2026-03-17 09:00:51.0,,,,,,,,
446493202600056,20260316,삼산면 송정리,[개] 믹스견,417000,개,000114,믹스견,검정색,2026(년생),3.58(Kg),전남-해남-2026-00056,20260317,20260327,http://openapi.animal.go.kr/openapi/service/rest/fileDownloadSrvc/files/shelter/2026/02/202603161603661.jpg,http://openapi.animal.go.kr/openapi/service/rest/fileDownloadSrvc/files/shelter/2026/02/202603161603685[1].jpg,보호중,M,U,사람을 경계함.,346493200900001,해남유기동물보호센터,061-531-3916,전라남도 해남군 해남읍 용머리길 14-37  ,명현관,전라남도 해남군,2026-03-16 16:36:35.0,,,,,,,,
445471202600069,20260316,포획단,[개] 믹스견,417000,개,000114,믹스견,검정&흰색,2024(년생),5(Kg),전북-김제-2026-00069,20260317,20260401,http://openapi.animal.go.kr/openapi/service/rest/fileDownloadSrvc/files/shelter/2026/02/202603171403455.jpg,http://openapi.animal.go.kr/openapi/service/rest/fileDownloadSrvc/files/shelter/2026/02/202603171403610.jpg,보호중,F,N,순하다,345471201800002,전북말산업복합센터,063-547-3549,전라북도 김제시 용지면 금백로 571-39 (용지면) 전북말산업복합센터,조희천,전북특별자치도 김제시,2026-03-17 14:37:36.0,,,,,,,,
445468202600344,20260316,익산시 함열읍 남당길 9-11,[개] 진도견,417000,개,000067,진도견,흑갈색,2026(년생),4.5(Kg),전북-익산-2026-00279,20260317,20260327,http://openapi.animal.go.kr/openapi/service/rest/fileDownloadSrvc/files/shelter/2026/02/202603171203281.jpg,http://openapi.animal.go.kr/openapi/service/rest/fileDownloadSrvc/files/shelter/2026/02/202603171203303.jpg,보호중,F,N,생후4개월정도 되었으며 겁이 좀 있지만 순함,345468201200001,익산유기동물보호소,063-855-1214,전북특별자치도 익산시 삼기면 황금로 342-17  ,임종현,전북특별자치도 익산시,2026-03-17 14:34:19.0,,,,,,,,
445468202600343,20260316,익산시 함열읍 남당길 9-11,[개] 믹스견,417000,개,000114,믹스견,흰색,2026(년생),6(Kg),전북-익산-2026-00278,20260317,20260327,http://openapi.animal.go.kr/openapi/service/rest/fileDownloadSrvc/files/shelter/2026/02/202603171203682.jpg,http://openapi.animal.go.kr/openapi/service/rest/fileDownloadSrvc/files/shelter/2026/02/202603171203707.jpg,보호중,M,N,생후4개월정도된 진도믹스로 겁이 좀 있지만 순함,345468201200001,익산유기동물보호소,063-855-1214,전북특별자치도 익산시 삼기면 황금로 342-17  ,임종현,전북특별자치도 익산시,2026-03-17 14:33:58.0,,,,,,,,
445468202600342,20260316,익산시 함열읍 남당길 9-11,[개] 진도견,417000,개,000067,진도견,기타(흰갈색),2026(년생),5(Kg),전북-익산-2026-00277,20260317,20260327,http://openapi.animal.go.kr/openapi/service/rest/fileDownloadSrvc/files/shelter/2026/02/202603171203348.jpg,http://openapi.animal.go.kr/openapi/service/rest/fileDownloadSrvc/files/shelter/2026/02/202603171203376.jpg,보호중,M,N,생후4개월정도 되었으며 겁이 좀 있지만 순함,345468201200001,익산유기동물보호소,063-855-1214,전북특별자치도 익산시 삼기면 황금로 342-17  ,임종현,전북특별자치도 익산시,2026-03-17 14:33:36.0,,,,,,,,
445468202600341,20260316,익산시 함열읍 남당길 9-11,[개] 진도견,417000,개,000067,진도견,기타(흰갈색),2026(년생),5(Kg),전북-익산-2026-00276,20260317,20260327,http://openapi.animal.go.kr/openapi/service/rest/fileDownloadSrvc/files/shelter/2026/02/202603171103136.jpg,http://openapi.animal.go.kr/openapi/service/rest/fileDownloadSrvc/files/shelter/2026/02/202603171103208[1].jpg,보호중,M,N,생후4개월정도 되었으며 겁이 좀 있지만 순함,345468201200001,익산유기동물보호소,063-855-1214,전북특별자치도 익산시 삼기면 황금로 342-17  ,임종현,전북특별자치도 익산시,2026-03-17 14:33:20.0,,,,,,,,
445468202600340,20260316,익산시 함열읍 남당길 9-11,[개] 진도견,417000,개,000067,진도견,기타(흰갈색),2023(년생),18(Kg),전북-익산-2026-00275,20260317,20260327,http://openapi.animal.go.kr/openapi/service/rest/fileDownloadSrvc/files/shelter/2026/02/202603171103870.jpg,http://openapi.animal.go.kr/openapi/service/rest/fileDownloadSrvc/files/shelter/2026/02/202603171103893[1].jpg,보호중,F,N,빨간목테를 하고있으며 사람에 대한 경계심이 많음,345468201200001,익산유기동물보호소,063-855-1214,전북특별자치도 익산시 삼기면 황금로 342-17  ,임종현,전북특별자치도 익산시,2026-03-17 14:32:57.0,,,,,,,,
445468202600339,20260316,익산시 함열읍 남당길 9-11,[개] 믹스견,417000,개,000114,믹스견,흰색,2025(년생),13(Kg),전북-익산-2026-00274,20260317,20260327,http://openapi.animal.go.kr/openapi/service/rest/fileDownloadSrvc/files/shelter/2026/02/202603171103374[1].jpg,http://openapi.animal.go.kr/openapi/service/rest/fileDownloadSrvc/files/shelter/2026/02/202603171103398[1].jpg,보호중,M,N,빨간 목테를 하고있으며 겁은조금있지만 성격이 순함,345468201200001,익산유기동물보호소,063-855-1214,전북특별자치도 익산시 삼기면 황금로 342-17  ,임종현,전북특별자치도 익산시,2026-03-17 14:32:32.0,,,,,,,,
444450202600044,20260316,사곡면 도화동길 86-38,[개] 믹스견,417000,개,000114,믹스견,갈색&흰색,2025(년생),6.7(Kg),충남-공주-2026-00045,20260317,20260330,http://openapi.animal.go.kr/openapi/service/rest/fileDownloadSrvc/files/shelter/2026/02/202603170903205.jpg,http://openapi.animal.go.kr/openapi/service/rest/fileDownloadSrvc/files/shelter/2026/02/202603170903263.jpg,보호중,F,U,"심장사상충&파보 음성, 종합&광견병 백신, 심장사상충약",344450202200001,공주시 동물보호센터,041-840-3495,충청남도 공주시 우성면 내산목천길 52-15  ,공주시,충청남도 공주시,2026-03-17 09:32:34.0,,,"광견병,종합백신","사상충,파보",,,,
443440202600040,20260316,신백초등학교 내,[개] 믹스견,417000,개,000114,믹스견,갈색,2023(년생),12(Kg),충북-제천-2026-00028,20260317,20260327,http://openapi.animal.go.kr/openapi/service/rest/fileDownloadSrvc/files/shelter/2026/02/202603170903540.jpg,http://openapi.animal.go.kr/openapi/service/rest/fileDownloadSrvc/files/shelter/2026/02/202603170903609.jpg,보호중,M,N,심장사상충양성,343440201500002,제천시 동물보호센터,043-647-0059,충청북도 제천시 금성면 적성로8길 51 (금성면) ,오세정,충청북도 제천시,2026-03-17 09:53:19.0,,,"종합백신,코로나","사상충,파보,코로나",,,,
441414202600076,20260316,경기 연천군 청산면 초성리 490-2 인근,[개] 믹스견,417000,개,000114,믹스견,갈색&흰색,2021(년생),22.5(Kg),경기-연천-2026-00067,20260317,20260327,http://openapi.animal.go.kr/openapi/service/rest/fileDownloadSrvc/files/shelter/2026/02/202603171303473.jpg,http://openapi.animal.go.kr/openapi/service/rest/fileDownloadSrvc/files/shelter/2026/02/202603171303484.jpg,보호중,F,U,경계. 사나움. 방어적 입질. 갈색 목줄. 쇠사슬 리드줄. 이빨 빠짐 및 출혈. 꼬리 단미 안됨. 털 때탐. ,341414201300001,한국동물구조관리협회,031-867-9119,경기도 양주시 남면 감악산로 63-37 ,김철훈,경기도 연천군,2026-03-17 13:28:09.0,,,,,,,,
441409202600138,20260316,경기 김포시 월곶면 군하로 185-38 (군하리) 인근,[개] 믹스견,417000,개,000114,믹스견,갈색&흰색,2021(년생),16.3(Kg),경기-김포-2026-00063,20260317,20260327,http://openapi.animal.go.kr/openapi/service/rest/fileDownloadSrvc/files/shelter/2026/02/202603171303479.jpg,http://openapi.animal.go.kr/openapi/service/rest/fileDownloadSrvc/files/shelter/2026/02/202603171303491.jpg,보호중,M,N,온순. 얌전. 약간의 치석. 눈곱. 꼬리 단미 안됨. 털 상태 양호.,341409201400001,한국동물구조관리협회,031-867-9119,경기도 양주시 남면 감악산로 63-37 (남면) ,김철훈,경기도 김포시,2026-03-17 13:35:47.0,,,,,,,,
441409202600137,20260316,경기 김포시 대곶면 초원지리 533-3 인근,[개] 믹스견,417000,개,000114,믹스견,흰색,2020(년생),12.8(Kg),경기-김포-2026-00062,20260317,20260327,http://openapi.animal.go.kr/openapi/service/rest/fileDownloadSrvc/files/shelter/2026/02/202603171303229[2].jpg,http://openapi.animal.go.kr/openapi/service/rest/fileDownloadSrvc/files/shelter/2026/02/202603171303270.jpg,보호중,M,N,콧등 상처. 꼬리 상처. 피부질환. 눈물자국. 치석. 꼬리 단미 안됨. 털 상태 양호. ,341409201400001,한국동물구조관리협회,031-867-9119,경기도 양주시 남면 감악산로 63-37 (남면) ,김철훈,경기도 김포시,2026-03-17 13:35:47.0,,,,,,,,
441409202600136,20260316,경기 김포시 양촌읍 학운리 2865,[개] 푸들,417000,개,000128,푸들,흰색,2021(년생),3.1(Kg),경기-김포-2026-00061,20260317,20260327,http://openapi.animal.go.kr/openapi/service/rest/fileDownloadSrvc/files/shelter/2026/02/202603171303763.jpg,http://openapi.animal.go.kr/openapi/service/rest/fileDownloadSrvc/files/shelter/2026/02/202603171303806[1].jpg,보호중,F,U,노란색 패딩. 흰 바탕 병아리 그림 옷. 눈곱. 눈물자국. 피부질환. 온순. 얌전. 사람 좋아함. 꼬리 단미. ,341409201400001,한국동물구조관리협회,031-867-9119,경기도 양주시 남면 감악산로 63-37 (남면) ,김철훈,경기도 김포시,2026-03-17 13:35:47.0,,,,,,,,
441406202600130,20260316,경기 파주시 문산읍 선유리 211-40,[기타축종] 돼지,429900,기타,000117,기타축종,기타(살색),2026(60일미만)(년생),14.6(Kg),경기-파주-2026-00110,20260317,20260327,http://openapi.animal.go.kr/openapi/service/rest/fileDownloadSrvc/files/shelter/2026/02/202603171303557.jpg,http://openapi.animal.go.kr/openapi/service/rest/fileDownloadSrvc/files/shelter/2026/02/202603171303572.jpg,보호중,Q,U,연령 추정 어려움. 등 부분 상처. 눈곱. 겁 많음. 중성화 추정. ,341406202200002,한국동물구조관리협회,031-867-9119,경기도 양주시 남면 감악산로 63-37  ,김철훈,경기도 파주시,2026-03-17 13:29:13.0,,,,,,,,
441406202600129,20260316,경기 파주시 월롱면 엘지로 157,[개] 믹스견,417000,개,000114,믹스견,기타(흰색),2024(년생),10.8(Kg),경기-파주-2026-00109,20260317,20260327,http://openapi.animal.go.kr/openapi/service/rest/fileDownloadSrvc/files/shelter/2026/02/202603171303757.jpg,http://openapi.animal.go.kr/openapi/service/rest/fileDownloadSrvc/files/shelter/2026/02/202603171303771.jpg,보호중,F,U,코 갈색. 눈물자국. 오른쪽 눈 위 흉터. 겁 있음. 꼬리 단미 안됨. 털 때탐. ,341406202200002,한국동물구조관리협회,031-867-9119,경기도 양주시 남면 감악산로 63-37  ,김철훈,경기도 파주시,2026-03-17 13:29:13.0,,,,,,,,
441406202600128,20260316,경기 파주시 조리읍 오산리 341-1,[개] 믹스견,417000,개,000114,믹스견,갈색&검정&흰색,2023(년생),16.3(Kg),경기-파주-2026-00108,20260317,20260327,http://openapi.animal.go.kr/openapi/service/rest/fileDownloadSrvc/files/shelter/2026/02/202603171303361[1].jpg,http://openapi.animal.go.kr/openapi/service/rest/fileDownloadSrvc/files/shelter/2026/02/202603171303371[1].jpg,보호중,M,N,겁 있음. 눈곱. 양 발 갈색. 꼬리 단미 안됨. 털 상태 양호. ,341406202200002,한국동물구조관리협회,031-867-9119,경기도 양주시 남면 감악산로 63-37  ,김철훈,경기도 파주시,2026-03-17 13:29:13.0,,,,,,,,
441374202600187,20260316,권선구 정조로 370(세류동),[개] 프렌치 불독,417000,개,000050,프렌치 불독,기타(흑백색),2024(년생),10.50(Kg),경기-수원-2026-00087,20260317,20260327,http://openapi.animal.go.kr/openapi/service/rest/fileDownloadSrvc/files/shelter/2026/02/202603170903638.jpg,http://openapi.animal.go.kr/openapi/service/rest/fileDownloadSrvc/files/shelter/2026/02/202603170903332.jpg,보호중,M,N,하네스 착용,341374202000001,수원시 동물보호센터,031-5191-3557,"경기도 수원시 영통구 광교호수로 234 (하동, 수원시 동물보호센터) 하동 40-10",수원시장,경기도 수원시,2026-03-17 10:58:58.0,,,,,,,,
431373202600268,20260316,상북면 등억알프스리,[고양이] 한국 고양이,422400,고양이,000200,한국 고양이,기타(흰/검정색),2025(년생),3(Kg),울산-울주-2026-00161,20260317,20260327,http://openapi.animal.go.kr/openapi/service/rest/fileDownloadSrvc/files/shelter/2026/02/202603171203508.jpg,http://openapi.animal.go.kr/openapi/service/rest/fileDownloadSrvc/files/shelter/2026/02/202603171203933[1].jpg,보호중,Q,N,"안구돌출, 기력없음, 보행불가함",331373201200002,울산유기동물보호센터,052-238-6113,울산광역시 울주군 온양읍 발리 1144,조구래,울산광역시 울주군,2026-03-17 12:47:42.0,,,,,,,,
431373202600267,20260316,두서면 수정길,[고양이] 한국 고양이,422400,고양이,000200,한국 고양이,레몬색&흰색,2025(년생),3(Kg),울산-울주-2026-00160,20260317,20260327,http://openapi.animal.go.kr/openapi/service/rest/fileDownloadSrvc/files/shelter/2026/02/202603171203795.jpg,http://openapi.animal.go.kr/openapi/service/rest/fileDownloadSrvc/files/shelter/2026/02/202603171203808.jpg,보호중,Q,N,"목에 철과상 심함, 중성화 병행할 예정, 사나움",331373201200002,울산유기동물보호센터,052-238-6113,울산광역시 울주군 온양읍 발리 1144,조구래,울산광역시 울주군,2026-03-17 12:47:42.0,,,,,,,,
431373202600266,20260316,두서면 수정길,[고양이] 한국 고양이,422400,고양이,000200,한국 고양이,레몬색&흰색,2025(년생),3(Kg),울산-울주-2026-00159,20260317,20260327,http://openapi.animal.go.kr/openapi/service/rest/fileDownloadSrvc/files/shelter/2026/02/202603171203793.jpg,http://openapi.animal.go.kr/openapi/service/rest/fileDownloadSrvc/files/shelter/2026/02/202603171203801[1].jpg,보호중,Q,N,"다리골절, 중성화 되어 있음, 사나움",331373201200002,울산유기동물보호센터,052-238-6113,울산광역시 울주군 온양읍 발리 1144,조구래,울산광역시 울주군,2026-03-17 12:47:41.0,,,,,,,,
431373202600265,20260316,두서면 상선필길,[개] 믹스견,417000,개,000114,믹스견,크림색,2023(년생),17(Kg),울산-울주-2026-00158,20260317,20260327,http://openapi.animal.go.kr/openapi/service/rest/fileDownloadSrvc/files/shelter/2026/02/202603171203898.jpg,http://openapi.animal.go.kr/openapi/service/rest/fileDownloadSrvc/files/shelter/2026/02/202603171203737.jpg,보호중,M,N,"웃는 얼굴, 온순함",331373201200002,울산유기동물보호센터,052-238-6113,울산광역시 울주군 온양읍 발리 1144,조구래,울산광역시 울주군,2026-03-17 12:47:41.0,,,,,,,,
428354202600131,20260316,삼산 1지구 휴먼시아,[고양이] 한국 고양이,422400,고양이,000200,한국 고양이,흰색,2024(년생),3.6(Kg),인천-부평-2026-00075,20260317,20260327,http://openapi.animal.go.kr/openapi/service/rest/fileDownloadSrvc/files/shelter/2026/02/202603162303997.jpg,http://openapi.animal.go.kr/openapi/service/rest/fileDownloadSrvc/files/shelter/2026/02/202603162303709.jpg,보호중,M,N,목부위 큰 상처,328354201700002,늘푸른동물병원,032-507-0075,인천광역시 부평구 후정동로 60 (삼산동) ,성환규,인천광역시 부평구,2026-03-17 10:17:58.0,,,,,,,,
428349202600106,20260316,중구청 제2청사 당직실,[고양이] 한국 고양이,422400,고양이,000200,한국 고양이,기타(치즈무늬),2024(년생),2.3(Kg),인천-중구-2026-00059,20260317,20260327,http://openapi.animal.go.kr/openapi/service/rest/fileDownloadSrvc/files/shelter/2026/02/202603161203233.jpg,http://openapi.animal.go.kr/openapi/service/rest/fileDownloadSrvc/files/shelter/2026/02/202603161203258.jpg,보호중,Q,U,"구조시 입주변이 많이 지저분함, 피를 흘림, 다리에 상처, 경계심이 많음",328349201500001,신공항동물병원,032-751-4598,인천광역시 중구 운남동로3번길 9 (운남동) ,안재훈,인천광역시 중구,2026-03-17 10:03:43.0,,,,,,,,
428349202600105,20260316,중구청 제2청사 당직실,[개] 포메라니안,417000,개,000089,포메라니안,흰색,2023(년생),5.1(Kg),인천-중구-2026-00058,20260317,20260327,http://openapi.animal.go.kr/openapi/service/rest/fileDownloadSrvc/files/shelter/2026/02/202603161103492.jpg,http://openapi.animal.go.kr/openapi/service/rest/fileDownloadSrvc/files/shelter/2026/02/202603161103518[2].jpg,보호중,M,N,"구조시 하늘색 하네스 착용중, 매우 순함",328349201500001,신공항동물병원,032-751-4598,인천광역시 중구 운남동로3번길 9 (운남동) ,안재훈,인천광역시 중구,2026-03-17 10:03:34.0,,,,,,,,
427348202600155,20260316,화원 우방아이유쉘 아파트 정문 ,[고양이] 믹스묘,422400,고양이,000212,믹스묘,기타(베이지혼합),2025(년생),3.9(Kg),대구-달성-2026-00055,20260317,20260327,http://openapi.animal.go.kr/openapi/service/rest/fileDownloadSrvc/files/shelter/2026/02/202603161403740[1].jpg,http://openapi.animal.go.kr/openapi/service/rest/fileDownloadSrvc/files/shelter/2026/02/202603161403576.jpg,보호중,F,U,내장칩 없음. 온순함. ,327348201500004,화원연합동물병원,053-634-7975,대구광역시 달성군 화원읍 사문진로 447 (화원읍) 화원읍 관할,김덕수,대구광역시 달성군,2026-03-17 09:31:33.0,,,,파보,,,,
427348202600154,20260316,화원 이진캐스빌 경비실,[고양이] 한국 고양이,422400,고양이,000200,한국 고양이,검은색흰색황토색조합,2026(60일미만)(년생),2.1(Kg),대구-달성-2026-00054,20260317,20260327,http://openapi.animal.go.kr/openapi/service/rest/fileDownloadSrvc/files/shelter/2026/02/202603161403242.jpg,http://openapi.animal.go.kr/openapi/service/rest/fileDownloadSrvc/files/shelter/2026/02/202603161403227[1].jpg,보호중,F,U,4개월령. 온순함. 내장칩 없음. ,327348201500004,화원연합동물병원,053-634-7975,대구광역시 달성군 화원읍 사문진로 447 (화원읍) 화원읍 관할,김덕수,대구광역시 달성군,2026-03-17 09:30:06.0,,,,파보,,,,
427347202600215,20260316,송현 119,[고양이] 한국 고양이,422400,고양이,000200,한국 고양이,"기타(검정,흰색)",2026(년생),0.85(Kg),대구-달서-2026-00038,20260317,20260327,http://openapi.animal.go.kr/openapi/service/rest/fileDownloadSrvc/files/shelter/2026/02/202603170903300[1].jpg,http://openapi.animal.go.kr/openapi/service/rest/fileDownloadSrvc/files/shelter/2026/02/202603171303954.jpg,보호중,F,N,"교통사고, 의식 없음",327347201400001,대구유기동물보호협회,053-964-6258,대구광역시 동구 금강로 151-13 (금강동) ,임규호,대구광역시 달서구,2026-03-17 13:24:14.0,,,,,,,,
427345202600091,20260316,서리지 수변공원,[기타축종] 토끼,429900,기타,000117,기타축종,기타(회색),2024(년생),2.1(Kg),대구-북구-2026-00033,20260317,20260327,http://openapi.animal.go.kr/openapi/service/rest/fileDownloadSrvc/files/shelter/2026/02/202603170903187.jpg,http://openapi.animal.go.kr/openapi/service/rest/fileDownloadSrvc/files/shelter/2026/02/202603170903731.jpg,보호중,Q,N,"한쪽 눈 이상, 기력 없음",327345201400001,대구유기동물보호협회,053-964-6258,대구광역시 동구 금강로 151-13 (금강동) ,임규호,대구광역시 북구,2026-03-17 09:13:24.0,,,,,,,,
427344202600073,20260316,대명역 부근,[고양이] 한국 고양이,422400,고양이,000200,한국 고양이,"기타(흰색,회색)",2026(60일미만)(년생),0.10(Kg),대구-남구-2026-00026,20260317,20260327,http://openapi.animal.go.kr/openapi/service/rest/fileDownloadSrvc/files/shelter/2026/02/202603170903155.jpg,http://openapi.animal.go.kr/openapi/service/rest/fileDownloadSrvc/files/shelter/2026/02/202603171303109.jpg,보호중,Q,N,"어미분리 자묘, 저체온증,상태 매우 나쁨",327344201600001,대구유기동물보호협회,053-964-6258,대구광역시 동구 금강로 151-13 (금강동) ,임규호,대구광역시 남구,2026-03-17 13:21:21.0,,,,,,,,
426329202600048,20260316,부산진구 백양순환로 30,[개] 말티즈,417000,개,000072,말티즈,흰색,2024(년생),3(Kg),부산-부산진-2026-00031,20260317,20260327,http://openapi.animal.go.kr/openapi/service/rest/fileDownloadSrvc/files/shelter/2026/02/202603170903448.png,http://openapi.animal.go.kr/openapi/service/rest/fileDownloadSrvc/files/shelter/2026/02/20260317090300.png,보호중,M,N,따로 없음,326329202600001,동물보호관리협회,051-971-6208,부산광역시 강서구 가락대로1283번길 25-2 (봉림동) ,변재갑,부산광역시 부산진구,2026-03-17 09:25:40.0,410097800242270,-,,,,,,
411305202600083,20260316,서울 동대문구 서울시립대로29나길 5-8 (휘경동) 인근,[개] 믹스견,417000,개,000114,믹스견,흰색,2018(년생),26.5(Kg),서울-동대문-2026-00072,20260317,20260327,http://openapi.animal.go.kr/openapi/service/rest/fileDownloadSrvc/files/shelter/2026/02/202603171303261.jpg,http://openapi.animal.go.kr/openapi/service/rest/fileDownloadSrvc/files/shelter/2026/02/202603171303279.jpg,보호중,M,N,온순. 얌전. 사람 좋아함. 양 눈 백내장. 눈곱. 눈물 자국. 치석. 꼬리 단미 안됨. 털 상태 양호. ,311305201300001,한국동물구조관리협회,031-867-9119,경기도 양주시 남면 감악산로 63-37 ,김철훈,서울특별시 동대문구,2026-03-17 13:29:20.0,,,,,,,,
450651202600528,20260316,제주시 외도일동 1355-1 외도YJ풋살장 주차장내,[고양이] 한국 고양이,422400,고양이,000200,한국 고양이,기타(치즈),2024(년생),2.7(Kg),제주-제주-2026-00003,20260316,20260326,http://openapi.animal.go.kr/openapi/service/rest/fileDownloadSrvc/files/shelter/2026/02/202603161303936[1].jpg,http://openapi.animal.go.kr/openapi/service/rest/fileDownloadSrvc/files/shelter/2026/02/202603161303964.jpg,종료(자연사),M,N,개체관리번호 26059 - 척추골절/하반신마비,350651202500001,제2동물보호센터,064-710-4806,제주특별자치도 제주시 애월읍 어림비로 616-107  ,제2동물보호센터장,제주특별자치도 제주시,2026-03-16 14:56:49.0,,,,,척추골절,,,
450651202600526,20260316,제주시 도남동 오등13길 30-1 주차장,[고양이] 한국 고양이,422400,고양이,000200,한국 고양이,기타(치즈),2024(년생),3.9(Kg),제주-제주-2026-00002,20260316,20260326,http://openapi.animal.go.kr/openapi/service/rest/fileDownloadSrvc/files/shelter/2026/02/202603161303396.jpg,http://openapi.animal.go.kr/openapi/service/rest/fileDownloadSrvc/files/shelter/2026/02/202603161303407[1].jpg,보호중,F,Y,개체관리번호 26057 - 오른쪽 뒷다리 골절,350651202500001,제2동물보호센터,064-710-4806,제주특별자치도 제주시 애월읍 어림비로 616-107  ,제2동물보호센터장,제주특별자치도 제주시,2026-03-16 13:54:48.0,,,,,,,,
448567202600243,20260316,의창구 동읍 화양리 1099-7 주변,[개] 믹스견,417000,개,000114,믹스견,검정&황갈색,2026(60일미만)(년생),2(Kg),경남-창원1-2026-00149,20260316,20260326,http://openapi.animal.go.kr/openapi/service/rest/fileDownloadSrvc/files/shelter/2026/02/202603161603791.jpg,http://openapi.animal.go.kr/openapi/service/rest/fileDownloadSrvc/files/shelter/2026/02/202603161603645.jpg,보호중,F,N,"26년 1월생 추정, 노끈 착용, 근엄한 자세와 그렇지 못한 콧물, 꼬리가 멈추지 않음 (공고 중 입양 가능)",348527200900001,창원동물보호센터,055-225-5701,경상남도 창원시 성산구 공단로474번길 117 (상복동) 창원동물보호센터,창원시장,경상남도 창원시 의창성산구,2026-03-17 10:10:59.0,410100008339692,,,,,,,
448567202600242,20260316,의창구 동읍 화양리 1099-7 주변,[개] 믹스견,417000,개,000114,믹스견,갈색&검정,2026(60일미만)(년생),2.3(Kg),경남-창원1-2026-00148,20260316,20260326,http://openapi.animal.go.kr/openapi/service/rest/fileDownloadSrvc/files/shelter/2026/02/202603161603539.jpg,http://openapi.animal.go.kr/openapi/service/rest/fileDownloadSrvc/files/shelter/2026/02/202603161603568[1].jpg,보호중,F,N,"26년 1월생 추정, 든든하게 드시고 오신 듯 배가 너무 빵빵하심, 꼬리가 멈추지 않음 (공고 중 입양 가능)",348527200900001,창원동물보호센터,055-225-5701,경상남도 창원시 성산구 공단로474번길 117 (상복동) 창원동물보호센터,창원시장,경상남도 창원시 의창성산구,2026-03-17 10:10:49.0,410100008339104,,,,,,,
448567202600241,20260316,마산합포구 신포동2가 105-5,[개] 믹스견,417000,개,000114,믹스견,흰색,2022(년생),5(Kg),경남-창원1-2026-00147,20260316,20260326,http://openapi.animal.go.kr/openapi/service/rest/fileDownloadSrvc/files/shelter/2026/02/20260316160339.jpg,http://openapi.animal.go.kr/openapi/service/rest/fileDownloadSrvc/files/shelter/2026/02/20260316160386.jpg,종료(반환),F,N,"내장칩 있음, 보호자와 연락됨",348527200900001,창원동물보호센터,055-225-5701,경상남도 창원시 성산구 공단로474번길 117 (상복동) 창원동물보호센터,창원시장,경상남도 창원시 의창성산구,2026-03-17 13:45:13.0,410160010985703,-,,,,,,
448567202600240,20260316,진해구 두동 청안해오름@ 단지 내,[개] 믹스견,417000,개,000114,믹스견,흰색,2024(년생),19(Kg),경남-창원1-2026-00146,20260316,20260326,http://openapi.animal.go.kr/openapi/service/rest/fileDownloadSrvc/files/shelter/2026/02/202603161303469.jpg,http://openapi.animal.go.kr/openapi/service/rest/fileDownloadSrvc/files/shelter/2026/02/202603161303499[1].jpg,보호중,M,N,"소방서 인계, 마취총 맞고 입소, 터치에 거부감은 없음, 우리 앤가? 싶으시면 연락 부탁드립니다",348527200900001,창원동물보호센터,055-225-5701,경상남도 창원시 성산구 공단로474번길 117 (상복동) 창원동물보호센터,창원시장,경상남도 창원시 의창성산구,2026-03-16 13:40:51.0,,,,,,,,
448543202600044,20260316,고현면 동도마 마을,[개] 믹스견,417000,개,000114,믹스견,갈색&흰색,2025(년생),6.2(Kg),경남-남해-2026-00038,20260316,20260326,http://openapi.animal.go.kr/openapi/service/rest/fileDownloadSrvc/files/shelter/2026/02/202603161003470.jpg,http://openapi.animal.go.kr/openapi/service/rest/fileDownloadSrvc/files/shelter/2026/02/202603161003479.jpg,보호중,F,N,온순함,348543201300001,남해군동물보호센터,055-860-3974,경상남도 남해군 이동면 남해대로 2449  동물보호센터,민성식,경상남도 남해군,2026-03-16 10:15:46.0,,,,"사상충,파보,코로나,홍역",,,,
448543202600043,20260316,고현면 관당마을 ,[개] 믹스견,417000,개,000114,믹스견,갈색&흰색,2026(년생),3.5(Kg),경남-남해-2026-00037,20260316,20260326,http://openapi.animal.go.kr/openapi/service/rest/fileDownloadSrvc/files/shelter/2026/02/202603161003114.jpg,http://openapi.animal.go.kr/openapi/service/rest/fileDownloadSrvc/files/shelter/2026/02/202603161003127.jpg,보호중,F,N,경계심있으나 온순함,348543201300001,남해군동물보호센터,055-860-3974,경상남도 남해군 이동면 남해대로 2449  동물보호센터,민성식,경상남도 남해군,2026-03-16 10:15:36.0,,,,"사상충,파보,코로나,홍역",,,,
448543202600042,20260316,고현면 관당마을 ,[개] 믹스견,417000,개,000114,믹스견,갈색&검정&흰색,2026(년생),3(Kg),경남-남해-2026-00036,20260316,20260326,http://openapi.animal.go.kr/openapi/service/rest/fileDownloadSrvc/files/shelter/2026/02/202603161003792.jpg,http://openapi.animal.go.kr/openapi/service/rest/fileDownloadSrvc/files/shelter/2026/02/202603161003803.jpg,보호중,F,N,경계심있으나 온순함,348543201300001,남해군동물보호센터,055-860-3974,경상남도 남해군 이동면 남해대로 2449  동물보호센터,민성식,경상남도 남해군,2026-03-16 10:15:24.0,,,,"사상충,파보,코로나,홍역",,,,
448543202600041,20260316,설천면 해안도로 동비교 아래,[개] 믹스견,417000,개,000114,믹스견,갈색,2026(년생),5(Kg),경남-남해-2026-00035,20260316,20260326,http://openapi.animal.go.kr/openapi/service/rest/fileDownloadSrvc/files/shelter/2026/02/202603161003199.jpg,http://openapi.animal.go.kr/openapi/service/rest/fileDownloadSrvc/files/shelter/2026/02/202603161003207.jpg,보호중,F,N,1차접종완료,348543201300001,남해군동물보호센터,055-860-3974,경상남도 남해군 이동면 남해대로 2449  동물보호센터,민성식,경상남도 남해군,2026-03-16 10:15:11.0,,,,"사상충,파보,코로나,홍역",,,,
448543202600040,20260316,설천면 해안도로 동비교 아래,[개] 믹스견,417000,개,000114,믹스견,갈색,2026(년생),5(Kg),경남-남해-2026-00034,20260316,20260326,http://openapi.animal.go.kr/openapi/service/rest/fileDownloadSrvc/files/shelter/2026/02/202603161003802[1].jpg,http://openapi.animal.go.kr/openapi/service/rest/fileDownloadSrvc/files/shelter/2026/02/202603161003811.jpg,보호중,F,N,1차접종 완료.,348543201300001,남해군동물보호센터,055-860-3974,경상남도 남해군 이동면 남해대로 2449  동물보호센터,민성식,경상남도 남해군,2026-03-16 10:15:01.0,,,,"사상충,파보,코로나,홍역",,,,
448543202600039,20260316,고현면 관당마을,[개] 믹스견,417000,개,000114,믹스견,갈색&흰색,2026(년생),2.6(Kg),경남-남해-2026-00033,20260316,20260326,http://openapi.animal.go.kr/openapi/service/rest/fileDownloadSrvc/files/shelter/2026/02/202603161003176.jpg,http://openapi.animal.go.kr/openapi/service/rest/fileDownloadSrvc/files/shelter/2026/02/202603161003187.jpg,보호중,F,N,없음,348543201300001,남해군동물보호센터,055-860-3974,경상남도 남해군 이동면 남해대로 2449  동물보호센터,민성식,경상남도 남해군,2026-03-16 10:14:51.0,,,,"사상충,파보,코로나,홍역",,,,
448543202600038,20260316,고현면 관당마을 ,[개] 믹스견,417000,개,000114,믹스견,갈색&흰색,2026(년생),2.6(Kg),경남-남해-2026-00032,20260316,20260326,http://openapi.animal.go.kr/openapi/service/rest/fileDownloadSrvc/files/shelter/2026/02/202603160903886.jpg,http://openapi.animal.go.kr/openapi/service/rest/fileDownloadSrvc/files/shelter/2026/02/202603160903904[1].jpg,보호중,F,N,"꼬리 끝단 1/3지점 출혈 골절추정,항생제주사 처방받음",348543201300001,남해군동물보호센터,055-860-3974,경상남도 남해군 이동면 남해대로 2449  동물보호센터,민성식,경상남도 남해군,2026-03-16 09:58:42.0,,,,"사상충,파보,코로나,홍역",,,,
448543202600037,20260316,고현면 관당마을 ,[개] 믹스견,417000,개,000114,믹스견,갈색&흰색,2026(년생),3.5(Kg),경남-남해-2026-00031,20260316,20260326,http://openapi.animal.go.kr/openapi/service/rest/fileDownloadSrvc/files/shelter/2026/02/202603160903350.jpg,http://openapi.animal.go.kr/openapi/service/rest/fileDownloadSrvc/files/shelter/2026/02/202603160903359[1].jpg,보호중,M,N,없음,348543201300001,남해군동물보호센터,055-860-3974,경상남도 남해군 이동면 남해대로 2449  동물보호센터,민성식,경상남도 남해군,2026-03-16 09:56:04.0,,,,"사상충,파보,코로나,홍역",,,,
448541202600166,20260316,장마면 도동길,[개] 믹스견,417000,개,000114,믹스견,갈색,2026(년생),2(Kg),경남-창녕-2026-00104,20260316,20260326,http://openapi.animal.go.kr/openapi/service/rest/fileDownloadSrvc/files/shelter/2026/02/202603162203685.jpg,http://openapi.animal.go.kr/openapi/service/rest/fileDownloadSrvc/files/shelter/2026/02/202603162203450.jpg,보호중,F,N,진도믹스 추정,348541201300001,창녕 유기동물보호소,010-5488-5003,경상남도 창녕군 고암면 창밀로 335-26 (고암면) 고암면 억만리 28,황재균,경상남도 창녕군,2026-03-17 09:25:56.0,,,,,,,,
448541202600165,20260316,부곡면 학포리,[개] 믹스견,417000,개,000114,믹스견,갈색,2024(년생),10(Kg),경남-창녕-2026-00103,20260316,20260326,http://openapi.animal.go.kr/openapi/service/rest/fileDownloadSrvc/files/shelter/2026/02/202603162203209.jpg,http://openapi.animal.go.kr/openapi/service/rest/fileDownloadSrvc/files/shelter/2026/02/202603162203610.jpg,보호중,F,N,00164 모견 추정,348541201300001,창녕 유기동물보호소,010-5488-5003,경상남도 창녕군 고암면 창밀로 335-26 (고암면) 고암면 억만리 28,황재균,경상남도 창녕군,2026-03-17 09:21:21.0,,,,,,,,
448541202600164,20260316,부곡면 학포리,[개] 믹스견,417000,개,000114,믹스견,갈색,2026(년생),2(Kg),경남-창녕-2026-00102,20260316,20260326,http://openapi.animal.go.kr/openapi/service/rest/fileDownloadSrvc/files/shelter/2026/02/202603162203837.jpg,http://openapi.animal.go.kr/openapi/service/rest/fileDownloadSrvc/files/shelter/2026/02/202603162203413.jpg,보호중,M,N,00165자견 추정,348541201300001,창녕 유기동물보호소,010-5488-5003,경상남도 창녕군 고암면 창밀로 335-26 (고암면) 고암면 억만리 28,황재균,경상남도 창녕군,2026-03-17 09:22:19.0,,,,,,,,
448541202600163,20260316,남지읍 대곡길,[개] 믹스견,417000,개,000114,믹스견,흰색,2026(년생),2(Kg),경남-창녕-2026-00101,20260316,20260326,http://openapi.animal.go.kr/openapi/service/rest/fileDownloadSrvc/files/shelter/2026/02/202603162203262.jpg,http://openapi.animal.go.kr/openapi/service/rest/fileDownloadSrvc/files/shelter/2026/02/202603162203257.jpg,보호중,F,N,진도믹스 추정,348541201300001,창녕 유기동물보호소,010-5488-5003,경상남도 창녕군 고암면 창밀로 335-26 (고암면) 고암면 억만리 28,황재균,경상남도 창녕군,2026-03-17 09:26:44.0,,,,,,,,
448541202600162,20260316,남지읍 남고길,[고양이] 한국 고양이,422400,고양이,000200,한국 고양이,흰색/검은색 얼룩무늬,2023(년생),3(Kg),경남-창녕-2026-00100,20260316,20260326,http://openapi.animal.go.kr/openapi/service/rest/fileDownloadSrvc/files/shelter/2026/02/202603162203519.jpg,http://openapi.animal.go.kr/openapi/service/rest/fileDownloadSrvc/files/shelter/2026/02/202603162203984.jpg,보호중,F,Y,"피부상해피, 기력저하",348541201300001,창녕 유기동물보호소,010-5488-5003,경상남도 창녕군 고암면 창밀로 335-26 (고암면) 고암면 억만리 28,황재균,경상남도 창녕군,2026-03-16 22:54:59.0,,,,,,,,
448539202600031,20260316,의령읍 상리624-1,[개] 믹스견,417000,개,000114,믹스견,갈색&검정,2026(60일미만)(년생),1(Kg),경남-의령-2026-00028,20260316,20260326,http://openapi.animal.go.kr/openapi/service/rest/fileDownloadSrvc/files/shelter/2026/02/20260316110340.jpg,http://openapi.animal.go.kr/openapi/service/rest/fileDownloadSrvc/files/shelter/2026/02/202603161103185.jpg,보호중,F,N,-,348539201900001,의령군 동물보호센터,055-570-4203,경상남도 의령군 의령읍 남강로 485-75  ,하영효,경상남도 의령군,2026-03-16 11:56:03.0,,,,,,,,
448539202600030,20260316,의령읍 상리624-1,[개] 믹스견,417000,개,000114,믹스견,갈색&검정&흰색,2026(60일미만)(년생),1(Kg),경남-의령-2026-00029,20260316,20260326,http://openapi.animal.go.kr/openapi/service/rest/fileDownloadSrvc/files/shelter/2026/02/202603161103586[1].jpg,http://openapi.animal.go.kr/openapi/service/rest/fileDownloadSrvc/files/shelter/2026/02/202603161103784.jpg,보호중,F,N,-,348539201900001,의령군 동물보호센터,055-570-4203,경상남도 의령군 의령읍 남강로 485-75  ,하영효,경상남도 의령군,2026-03-16 11:56:10.0,,,,,,,,
448539202600029,20260316,의령읍 상리624-1,[개] 믹스견,417000,개,000114,믹스견,갈색&검정&흰색,2026(60일미만)(년생),1(Kg),경남-의령-2026-00030,20260316,20260326,http://openapi.animal.go.kr/openapi/service/rest/fileDownloadSrvc/files/shelter/2026/02/202603161103251.jpg,http://openapi.animal.go.kr/openapi/service/rest/fileDownloadSrvc/files/shelter/2026/02/202603161103446[1].jpg,보호중,F,N,-,348539201900001,의령군 동물보호센터,055-570-4203,경상남도 의령군 의령읍 남강로 485-75  ,하영효,경상남도 의령군,2026-03-16 11:56:19.0,,,,,,,,
448539202600028,20260316,의령읍 상리624-1,[개] 믹스견,417000,개,000114,믹스견,갈색&검정&흰색,2026(60일미만)(년생),1(Kg),경남-의령-2026-00031,20260316,20260326,http://openapi.animal.go.kr/openapi/service/rest/fileDownloadSrvc/files/shelter/2026/02/202603161103327[1].jpg,http://openapi.animal.go.kr/openapi/service/rest/fileDownloadSrvc/files/shelter/2026/02/202603161103519.jpg,보호중,M,N,-,348539201900001,의령군 동물보호센터,055-570-4203,경상남도 의령군 의령읍 남강로 485-75  ,하영효,경상남도 의령군,2026-03-16 11:56:26.0,,,,,,,,
448537202600187,20260316,덕포동 배회,[개] 믹스견,417000,개,000114,믹스견,갈색&검정,2023(년생),13(Kg),경남-거제-2026-00118,20260316,20260326,http://openapi.animal.go.kr/openapi/service/rest/fileDownloadSrvc/files/shelter/2026/02/202603161103655.jpg,http://openapi.animal.go.kr/openapi/service/rest/fileDownloadSrvc/files/shelter/2026/02/202603161103714.jpg,보호중,M,N,순함.목줄착용,348537200900002,거제시동물보호센터,055-639-6368,경상남도 거제시 사등면 두동로1길 107  거제시동물보호센터,거제시청,경상남도 거제시,2026-03-16 11:18:50.0,,,,,,,,
448536202600151,20260316,산내면,[개] 믹스견,417000,개,000114,믹스견,흰색,2026(60일미만)(년생),1(Kg),경남-밀양-2026-00151,20260316,20260326,http://openapi.animal.go.kr/openapi/service/rest/fileDownloadSrvc/files/shelter/2026/02/202603161303403.jpg,http://openapi.animal.go.kr/openapi/service/rest/fileDownloadSrvc/files/shelter/2026/02/202603161303447.jpg,보호중,M,N,"체온이 낮고 많이 마른 상태, 작은 눈의 아가",348536201800001,밀양시 동물보호센터,070-4113-7288,경상남도 밀양시 삼랑진읍 천태로 472 (삼랑진읍) ,밀양시청,경상남도 밀양시,2026-03-16 13:33:49.0,,,,,,,,
448534202600061,20260316,곤양 중항리 인근,[개] 믹스견,417000,개,000114,믹스견,갈색&흰색,2025(년생),18(Kg),경남-사천-2026-00059,20260316,20260326,http://openapi.animal.go.kr/openapi/service/rest/fileDownloadSrvc/files/shelter/2026/02/202603161003232[1].jpg,http://openapi.animal.go.kr/openapi/service/rest/fileDownloadSrvc/files/shelter/2026/02/202603161003695.jpg,보호중,F,N,겁이 많고 적응중,348534202000001,사천시 동물보호센터,055-831-3768,경상남도 사천시 용현면 진삼로 902  사천시유기동물보호소,김성일,경상남도 사천시,2026-03-16 10:52:11.0,,,,사상충,,,,
448531202600317,20260316,진주시 수곡면 대천리 290,[개] 믹스견,417000,개,000114,믹스견,갈색&검정&흰색,2026(60일미만)(년생),2.6(Kg),경남-진주-2026-00061,20260316,20260326,http://openapi.animal.go.kr/openapi/service/rest/fileDownloadSrvc/files/shelter/2026/02/20260316100397.jpg,http://openapi.animal.go.kr/openapi/service/rest/fileDownloadSrvc/files/shelter/2026/02/202603161003116.jpg,보호중,F,N,조용하고 착함,348531201000001,진주시동물보호센터,055-749-6134,"경상남도 진주시 집현면 신당길207번길 22 (집현면, 지역농업개발시설) ",농업기술센터소장,경상남도 진주시,2026-03-16 10:34:43.0,,,,,,,,
448531202600316,20260316,진주시 수곡면 대천리 290,[개] 믹스견,417000,개,000114,믹스견,갈색&흰색,2026(60일미만)(년생),2.2(Kg),경남-진주-2026-00060,20260316,20260326,http://openapi.animal.go.kr/openapi/service/rest/fileDownloadSrvc/files/shelter/2026/02/202603161003345.jpg,http://openapi.animal.go.kr/openapi/service/rest/fileDownloadSrvc/files/shelter/2026/02/202603161003369.jpg,보호중,F,N,조용하고 착함,348531201000001,진주시동물보호센터,055-749-6134,"경상남도 진주시 집현면 신당길207번길 22 (집현면, 지역농업개발시설) ",농업기술센터소장,경상남도 진주시,2026-03-16 10:33:02.0,,,,,,,,
447517202600019,20260316,경북 영양군 영양읍 낙원로 63,[개] 믹스견,417000,개,000114,믹스견,흰색,2025(년생),10(Kg),경북-영양-2026-00003,20260316,20260326,http://openapi.animal.go.kr/openapi/service/rest/fileDownloadSrvc/files/shelter/2026/02/202603161003430.jpeg,http://openapi.animal.go.kr/openapi/service/rest/fileDownloadSrvc/files/shelter/2026/02/202603161003646.png,보호중,F,N,성격 온순,347517201400001,영양군유기동물보호소,054-680-6662,경상북도 영양군 영양읍 달구터길 85  ,영양군,경상북도 영양군,2026-03-16 10:24:50.0,,,,,,,,
447511202600279,20260316,상주시 외답 6길 일대,[개] 믹스견,417000,개,000114,믹스견,검정색,2026(60일미만)(년생),1.54(Kg),경북-상주-2026-00129,20260316,20260326,http://openapi.animal.go.kr/openapi/service/rest/fileDownloadSrvc/files/shelter/2026/02/202603161103350.jpg,http://openapi.animal.go.kr/openapi/service/rest/fileDownloadSrvc/files/shelter/2026/02/202603161103518[1].jpg,보호중,M,N,맨몸상태 온순함 ,347511202000001,상주시 동물보호센터,010-6682-1198,경상북도 상주시 사벌국면 상풍로 124  ,이승훈,경상북도 상주시,2026-03-16 11:33:56.0,,,,,,,,
447511202600278,20260316,상주시 외답 6길 일대,[개] 믹스견,417000,개,000114,믹스견,갈색&검정,2026(60일미만)(년생),1.66(Kg),경북-상주-2026-00128,20260316,20260326,http://openapi.animal.go.kr/openapi/service/rest/fileDownloadSrvc/files/shelter/2026/02/202603161103204.jpg,http://openapi.animal.go.kr/openapi/service/rest/fileDownloadSrvc/files/shelter/2026/02/20260316110378.jpg,보호중,M,N,맨몸상태 온순함 ,347511202000001,상주시 동물보호센터,010-6682-1198,경상북도 상주시 사벌국면 상풍로 124  ,이승훈,경상북도 상주시,2026-03-16 11:33:50.0,,,,,,,,
447511202600277,20260316,상주시 외답 6길 일대,[개] 믹스견,417000,개,000114,믹스견,갈색&검정,2026(60일미만)(년생),1.56(Kg),경북-상주-2026-00127,20260316,20260326,http://openapi.animal.go.kr/openapi/service/rest/fileDownloadSrvc/files/shelter/2026/02/202603161103961[1].jpg,http://openapi.animal.go.kr/openapi/service/rest/fileDownloadSrvc/files/shelter/2026/02/202603161103964[1].jpg,보호중,M,N,맨몸상태 온순함 ,347511202000001,상주시 동물보호센터,010-6682-1198,경상북도 상주시 사벌국면 상풍로 124  ,이승훈,경상북도 상주시,2026-03-16 11:33:42.0,,,,,,,,
447511202600276,20260316,상주시 외답 6길 일대,[개] 믹스견,417000,개,000114,믹스견,흰색,2026(60일미만)(년생),1.44(Kg),경북-상주-2026-00126,20260316,20260326,http://openapi.animal.go.kr/openapi/service/rest/fileDownloadSrvc/files/shelter/2026/02/202603161103505.jpg,http://openapi.animal.go.kr/openapi/service/rest/fileDownloadSrvc/files/shelter/2026/02/202603161103412.jpg,보호중,F,N,맨몸상태 온순함 ,347511202000001,상주시 동물보호센터,010-6682-1198,경상북도 상주시 사벌국면 상풍로 124  ,이승훈,경상북도 상주시,2026-03-16 11:33:36.0,,,,,,,,
447511202600275,20260316,상주시 외답 6길 일대,[개] 믹스견,417000,개,000114,믹스견,갈색&검정,2026(60일미만)(년생),1.74(Kg),경북-상주-2026-00125,20260316,20260326,http://openapi.animal.go.kr/openapi/service/rest/fileDownloadSrvc/files/shelter/2026/02/202603161103807.jpg,http://openapi.animal.go.kr/openapi/service/rest/fileDownloadSrvc/files/shelter/2026/02/202603161103467.jpg,보호중,M,N,맨몸상태 온순함 ,347511202000001,상주시 동물보호센터,010-6682-1198,경상북도 상주시 사벌국면 상풍로 124  ,이승훈,경상북도 상주시,2026-03-16 11:33:30.0,,,,,,,,
447511202600274,20260316,상주시 외답 6길 일대,[개] 믹스견,417000,개,000114,믹스견,흰색,2026(60일미만)(년생),1.36(Kg),경북-상주-2026-00124,20260316,20260326,http://openapi.animal.go.kr/openapi/service/rest/fileDownloadSrvc/files/shelter/2026/02/202603161103217.jpg,http://openapi.animal.go.kr/openapi/service/rest/fileDownloadSrvc/files/shelter/2026/02/202603161103934.jpg,보호중,F,N,맨몸상태 온순함 ,347511202000001,상주시 동물보호센터,010-6682-1198,경상북도 상주시 사벌국면 상풍로 124  ,이승훈,경상북도 상주시,2026-03-16 11:33:22.0,,,,,,,,
447511202600273,20260316,상주시 외답 6길 일대,[개] 믹스견,417000,개,000114,믹스견,갈색&검정,2026(60일미만)(년생),0.98(Kg),경북-상주-2026-00123,20260316,20260326,http://openapi.animal.go.kr/openapi/service/rest/fileDownloadSrvc/files/shelter/2026/02/202603161003198.jpg,http://openapi.animal.go.kr/openapi/service/rest/fileDownloadSrvc/files/shelter/2026/02/202603161003297.jpg,보호중,F,N,맨몸상태 온순함 ,347511202000001,상주시 동물보호센터,010-6682-1198,경상북도 상주시 사벌국면 상풍로 124  ,이승훈,경상북도 상주시,2026-03-16 11:33:14.0,,,,,,,,
447511202600272,20260316,상주시 외답 6길 일대,[개] 믹스견,417000,개,000114,믹스견,갈색&검정,2026(60일미만)(년생),1.14(Kg),경북-상주-2026-00122,20260316,20260326,http://openapi.animal.go.kr/openapi/service/rest/fileDownloadSrvc/files/shelter/2026/02/202603161003875.jpg,http://openapi.animal.go.kr/openapi/service/rest/fileDownloadSrvc/files/shelter/2026/02/202603161003920[1].jpg,보호중,F,N,맨몸상태 온순함 ,347511202000001,상주시 동물보호센터,010-6682-1198,경상북도 상주시 사벌국면 상풍로 124  ,이승훈,경상북도 상주시,2026-03-16 11:33:07.0,,,,,,,,
447511202600271,20260316,상주시 외답 6길 일대,[개] 믹스견,417000,개,000114,믹스견,검정색,2026(60일미만)(년생),0.98(Kg),경북-상주-2026-00121,20260316,20260326,http://openapi.animal.go.kr/openapi/service/rest/fileDownloadSrvc/files/shelter/2026/02/202603161003543[2].jpg,http://openapi.animal.go.kr/openapi/service/rest/fileDownloadSrvc/files/shelter/2026/02/202603161003674[1].jpg,보호중,M,N,맨몸상태 온순함 ,347511202000001,상주시 동물보호센터,010-6682-1198,경상북도 상주시 사벌국면 상풍로 124  ,이승훈,경상북도 상주시,2026-03-16 11:33:00.0,,,,,,,,
447511202600270,20260316,상주시 외답 6길 일대,[개] 믹스견,417000,개,000114,믹스견,갈색&검정,2026(60일미만)(년생),1.36(Kg),경북-상주-2026-00120,20260316,20260326,http://openapi.animal.go.kr/openapi/service/rest/fileDownloadSrvc/files/shelter/2026/02/202603161003525.jpg,http://openapi.animal.go.kr/openapi/service/rest/fileDownloadSrvc/files/shelter/2026/02/202603161003600.jpg,보호중,M,N,맨몸상태 온순함 ,347511202000001,상주시 동물보호센터,010-6682-1198,경상북도 상주시 사벌국면 상풍로 124  ,이승훈,경상북도 상주시,2026-03-16 11:32:51.0,,,,,,,,
447511202600269,20260316,상주시 외답 6길 일대,[개] 믹스견,417000,개,000114,믹스견,갈색&검정,2026(60일미만)(년생),1.24(Kg),경북-상주-2026-00119,20260316,20260326,http://openapi.animal.go.kr/openapi/service/rest/fileDownloadSrvc/files/shelter/2026/02/202603161003667[1].jpg,http://openapi.animal.go.kr/openapi/service/rest/fileDownloadSrvc/files/shelter/2026/02/202603161003563.jpg,보호중,F,N,맨몸상태 온순함 ,347511202000001,상주시 동물보호센터,010-6682-1198,경상북도 상주시 사벌국면 상풍로 124  ,이승훈,경상북도 상주시,2026-03-16 11:32:43.0,,,,,,,,
447510202600103,20260316,창신1길 21,[개] 말티즈,417000,개,000072,말티즈,흰색,2016(년생),3(Kg),경북-영천-2026-00080,20260316,20260323,http://openapi.animal.go.kr/openapi/service/rest/fileDownloadSrvc/files/shelter/2026/02/202603161703808[1].jpg,http://openapi.animal.go.kr/openapi/service/rest/fileDownloadSrvc/files/shelter/2026/02/202603161703206[1].jpg,보호중,F,N,"오른쪽 가슴에 종양이 있음, 현재 피부가 검은색으로 변함",347510201600001,영천유기동물보호센터,054-339-7177,"경상북도 영천시 천문로 622-13 (오미동, 영천시농업기술센터) ",영천시,경상북도 영천시,2026-03-16 17:36:59.0,,,,,,,,
447509202600085,20260316,폴리텍대학 뒤 솔향마을 뒷산,[개] 믹스견,417000,개,000114,믹스견,흰색&황갈색,2020(년생),10.28(Kg),경북-영주-2026-00084,20260316,20260326,http://openapi.animal.go.kr/openapi/service/rest/fileDownloadSrvc/files/shelter/2026/02/202603161103388.jpeg,http://openapi.animal.go.kr/openapi/service/rest/fileDownloadSrvc/files/shelter/2026/02/202603161103431.jpeg,보호중,F,N,"뒷산에 철사로 묶여있었음 순하나, 주눅이 들어있음",347509200900001,영주시 동물보호센터,054-631-3997,경상북도 영주시 장수면 반구로 143 [*미고시] 영주시동물보호센터,영주시 농업기술센터,경상북도 영주시,2026-03-16 11:58:00.0,,,,,,,,
447509202600084,20260316,충혼탑 인근,[개] 믹스견,417000,개,000114,믹스견,옅은 황색,2024(년생),8.24(Kg),경북-영주-2026-00083,20260316,20260326,http://openapi.animal.go.kr/openapi/service/rest/fileDownloadSrvc/files/shelter/2026/02/202603161103134.jpeg,http://openapi.animal.go.kr/openapi/service/rest/fileDownloadSrvc/files/shelter/2026/02/202603161103185[1].jpeg,보호중,F,N,"순함, 사람 잘 따름",347509200900001,영주시 동물보호센터,054-631-3997,경상북도 영주시 장수면 반구로 143 [*미고시] 영주시동물보호센터,영주시 농업기술센터,경상북도 영주시,2026-03-16 11:58:00.0,,,,,,,,
447509202600083,20260316,충혼탑 인근,[개] 믹스견,417000,개,000114,믹스견,검정&흰색,2023(년생),8.16(Kg),경북-영주-2026-00082,20260316,20260326,http://openapi.animal.go.kr/openapi/service/rest/fileDownloadSrvc/files/shelter/2026/02/202603161103935.jpeg,http://openapi.animal.go.kr/openapi/service/rest/fileDownloadSrvc/files/shelter/2026/02/202603161103185.jpeg,보호중,F,N,"순함, 사람 잘 따름",347509200900001,영주시 동물보호센터,054-631-3997,경상북도 영주시 장수면 반구로 143 [*미고시] 영주시동물보호센터,영주시 농업기술센터,경상북도 영주시,2026-03-16 11:57:59.0,,,,,,,,
447509202600082,20260316,파머스에서 안동방향 외곽도로 1키로 쯤,[개] 믹스견,417000,개,000114,믹스견,흰색,2018(년생),20(Kg),경북-영주-2026-00081,20260316,20260326,http://openapi.animal.go.kr/openapi/service/rest/fileDownloadSrvc/files/shelter/2026/02/202603161103200.jpeg,http://openapi.animal.go.kr/openapi/service/rest/fileDownloadSrvc/files/shelter/2026/02/202603161103258.jpeg,보호중,M,N,심하게 굶주린듯 순함,347509200900001,영주시 동물보호센터,054-631-3997,경상북도 영주시 장수면 반구로 143 [*미고시] 영주시동물보호센터,영주시 농업기술센터,경상북도 영주시,2026-03-16 11:57:59.0,,,,,,,,
447507202600062,20260316,풍산읍 서미1리마을회관입구 느티나무,[개] 믹스견,417000,개,000114,믹스견,금색,2026(60일미만)(년생),2(Kg),경북-안동-2026-00064,20260316,20260323,http://openapi.animal.go.kr/openapi/service/rest/fileDownloadSrvc/files/shelter/2026/02/202603162203787.jpg,http://openapi.animal.go.kr/openapi/service/rest/fileDownloadSrvc/files/shelter/2026/02/202603162203861.jpg,보호중,M,N,"생후3개월건강양호한강아지, 똑똑하고  말귀잘알아들음",347507200900001,유기동물보호센터,010-7703-1999,경상북도 안동시 서후면 풍산태사로 3252-29 (서후면) ,조종영,경상북도 안동시,2026-03-16 22:13:59.0,,,,,,,,
447507202600061,20260316,풍산읍 서미1리마을회관입구 느티나무,[개] 믹스견,417000,개,000114,믹스견,금색,2026(년생),2(Kg),경북-안동-2026-00063,20260316,20260323,http://openapi.animal.go.kr/openapi/service/rest/fileDownloadSrvc/files/shelter/2026/02/202603162203934.jpg,http://openapi.animal.go.kr/openapi/service/rest/fileDownloadSrvc/files/shelter/2026/02/20260316220305.jpg,보호중,M,N,"생후3개월가량건강한강아지,",347507200900001,유기동물보호센터,010-7703-1999,경상북도 안동시 서후면 풍산태사로 3252-29 (서후면) ,조종영,경상북도 안동시,2026-03-16 22:13:59.0,,,,,,,,
447507202600060,20260316,남안동 농협주유소 일대,[개] 믹스견,417000,개,000114,믹스견,금색&흰색,2024(년생),5(Kg),경북-안동-2026-00062,20260316,20260323,http://openapi.animal.go.kr/openapi/service/rest/fileDownloadSrvc/files/shelter/2026/02/202603161103362.jpg,http://openapi.animal.go.kr/openapi/service/rest/fileDownloadSrvc/files/shelter/2026/02/202603161103404.jpg,보호중,M,N,교통사고척추골절 목테새것착용 보통체형 매우순함 ,347507200900001,유기동물보호센터,010-7703-1999,경상북도 안동시 서후면 풍산태사로 3252-29 (서후면) ,조종영,경상북도 안동시,2026-03-16 11:04:58.0,,,,,,,,
447505202600193,20260316,외동읍 신계상신길 부근,[개] 믹스견,417000,개,000114,믹스견,흰색,2026(년생),4(Kg),경북-경주-2026-00197,20260316,20260326,http://openapi.animal.go.kr/openapi/service/rest/fileDownloadSrvc/files/shelter/2026/02/202603161603158.jpg,http://openapi.animal.go.kr/openapi/service/rest/fileDownloadSrvc/files/shelter/2026/02/202603161603224.jpg,보호중,M,N,피부병 있음. 성격이 까칠함,347505201700001,경주동물사랑보호센터,010-8889-2883,경상북도 경주시 천북면 천북로 8-4  경주시 동물사랑보호센터,경주시장,경상북도 경주시,2026-03-16 16:27:29.0,,,,,,,,
447505202600192,20260316,하동 1길 인근,[고양이] 한국 고양이,422400,고양이,000200,한국 고양이,레몬색&흰색,2026(년생),3(Kg),경북-경주-2026-00196,20260316,20260326,http://openapi.animal.go.kr/openapi/service/rest/fileDownloadSrvc/files/shelter/2026/02/202603161503269[1].jpg,http://openapi.animal.go.kr/openapi/service/rest/fileDownloadSrvc/files/shelter/2026/02/202603161503988.jpg,보호중,M,N,성격 좋음. 다리 절뚝임,347505201700001,경주동물사랑보호센터,010-8889-2883,경상북도 경주시 천북면 천북로 8-4  경주시 동물사랑보호센터,경주시장,경상북도 경주시,2026-03-16 16:32:13.0,,,,,,,,
447505202600191,20260316,외동읍 신계상신길 부근,[개] 믹스견,417000,개,000114,믹스견,흰색,2026(년생),5(Kg),경북-경주-2026-00195,20260316,20260326,http://openapi.animal.go.kr/openapi/service/rest/fileDownloadSrvc/files/shelter/2026/02/202603161103719.jpg,http://openapi.animal.go.kr/openapi/service/rest/fileDownloadSrvc/files/shelter/2026/02/202603161103377.jpg,보호중,M,N,경계심 심해요. 피부병있음,347505201700001,경주동물사랑보호센터,010-8889-2883,경상북도 경주시 천북면 천북로 8-4  경주시 동물사랑보호센터,경주시장,경상북도 경주시,2026-03-16 11:48:09.0,,,,,,,,
447505202600190,20260316,외동읍 신계상신길 부근,[개] 믹스견,417000,개,000114,믹스견,흰색,2026(년생),4.6(Kg),경북-경주-2026-00194,20260316,20260326,http://openapi.animal.go.kr/openapi/service/rest/fileDownloadSrvc/files/shelter/2026/02/202603161103148.jpg,http://openapi.animal.go.kr/openapi/service/rest/fileDownloadSrvc/files/shelter/2026/02/202603161103882[1].jpg,보호중,M,N,경계심이 심해요. 피부병 있음.,347505201700001,경주동물사랑보호센터,010-8889-2883,경상북도 경주시 천북면 천북로 8-4  경주시 동물사랑보호센터,경주시장,경상북도 경주시,2026-03-16 11:48:00.0,,,,,,,,
447505202600189,20260316,충효서악길 부근,[개] 믹스견,417000,개,000114,믹스견,흰색,2026(년생),7(Kg),경북-경주-2026-00193,20260316,20260326,http://openapi.animal.go.kr/openapi/service/rest/fileDownloadSrvc/files/shelter/2026/02/202603161103391.jpg,http://openapi.animal.go.kr/openapi/service/rest/fileDownloadSrvc/files/shelter/2026/02/202603161103514.jpg,종료(자연사),M,N,교통사고 추정 예후 불량,347505201700001,경주동물사랑보호센터,010-8889-2883,경상북도 경주시 천북면 천북로 8-4  경주시 동물사랑보호센터,경주시장,경상북도 경주시,2026-03-16 11:38:39.0,,,,,교통사고로 인한 예후불량,,,
447502202600162,20260316,경상북도 포항시 남구 구룡포읍 후동리 인근,[개] 믹스견,417000,개,000114,믹스견,흰색,2024(년생),17(Kg),경북-포항-2026-00162,20260316,20260326,http://openapi.animal.go.kr/openapi/service/rest/fileDownloadSrvc/files/shelter/2026/02/202603161703652.jpg,http://openapi.animal.go.kr/openapi/service/rest/fileDownloadSrvc/files/shelter/2026/02/202603161703439.png,보호중,M,N,"경계심이 심하고 꽤 호전적임,앞다리 쪽에 올무가 걸려있었음,현제 예민함 + 까칠함 MAX",347502201600001,(사)영일동물플러스,054-262-8295,경상북도 포항시 북구 흥해읍 덕장길 224 (흥해읍) ,김태연,경상북도 포항시,2026-03-16 17:12:30.0,,,,,,,,
447502202600161,20260316,경상북도 포항시 북구 흥해읍 매산리 산64,[개] 믹스견,417000,개,000114,믹스견,흰색,2026(년생),3(Kg),경북-포항-2026-00161,20260316,20260326,http://openapi.animal.go.kr/openapi/service/rest/fileDownloadSrvc/files/shelter/2026/02/202603161503717.jpg,http://openapi.animal.go.kr/openapi/service/rest/fileDownloadSrvc/files/shelter/2026/02/202603161503763.png,보호중,F,N,"3개월추정,순둥순둥한 표정,쫑근선 귀,처음에는 약간 소심하지만 금방 친해져서 사람좋아하고 애교 많음!",347502201600001,(사)영일동물플러스,054-262-8295,경상북도 포항시 북구 흥해읍 덕장길 224 (흥해읍) ,김태연,경상북도 포항시,2026-03-16 15:19:42.0,,,,,,,,
446496202600098,20260316,나산면 선박길 99,[개] 믹스견,417000,개,000114,믹스견,갈색&흰색,2025(년생),8.00(Kg),전남-함평-2026-00098,20260316,20260330,http://openapi.animal.go.kr/openapi/service/rest/fileDownloadSrvc/files/shelter/2026/02/202603161603810.jpg,http://openapi.animal.go.kr/openapi/service/rest/fileDownloadSrvc/files/shelter/2026/02/202603161603261[1].jpg,보호중,M,U,경계심,346496201800001,학교임시동물보호센터,010-5649-3435,전라남도 함평군 학교면 송산길 84 (학교면) 월산리 806-1 ,문경만,전라남도 함평군,2026-03-16 16:58:16.0,,,,,,,,
446496202600097,20260316,손불면 북성길 162-11,[개] 믹스견,417000,개,000114,믹스견,흰색,2025(년생),5.00(Kg),전남-함평-2026-00097,20260316,20260330,http://openapi.animal.go.kr/openapi/service/rest/fileDownloadSrvc/files/shelter/2026/02/20260316160396[1].jpg,http://openapi.animal.go.kr/openapi/service/rest/fileDownloadSrvc/files/shelter/2026/02/202603161603729[1].jpg,보호중,M,U,피부병치료요함,346496201800001,학교임시동물보호센터,010-5649-3435,전라남도 함평군 학교면 송산길 84 (학교면) 월산리 806-1 ,문경만,전라남도 함평군,2026-03-16 16:51:15.0,,,,,,,,
446496202600096,20260316,손불면 북성길 162-11,[개] 믹스견,417000,개,000114,믹스견,갈색&흰색,2025(년생),5.00(Kg),전남-함평-2026-00096,20260316,20260330,http://openapi.animal.go.kr/openapi/service/rest/fileDownloadSrvc/files/shelter/2026/02/202603161603423.jpg,http://openapi.animal.go.kr/openapi/service/rest/fileDownloadSrvc/files/shelter/2026/02/20260316160315.jpg,보호중,M,U,피부병치료요함,346496201800001,학교임시동물보호센터,010-5649-3435,전라남도 함평군 학교면 송산길 84 (학교면) 월산리 806-1 ,문경만,전라남도 함평군,2026-03-16 16:45:37.0,,,,,,,,
446496202600095,20260316,학교면 학교신기길 16,[개] 믹스견,417000,개,000114,믹스견,갈색,2026(년생),2.00(Kg),전남-함평-2026-00095,20260316,20260330,http://openapi.animal.go.kr/openapi/service/rest/fileDownloadSrvc/files/shelter/2026/02/202603161603761.jpg,http://openapi.animal.go.kr/openapi/service/rest/fileDownloadSrvc/files/shelter/2026/02/202603161603521[1].jpg,보호중,F,U,경계심,346496201800001,학교임시동물보호센터,010-5649-3435,전라남도 함평군 학교면 송산길 84 (학교면) 월산리 806-1 ,문경만,전라남도 함평군,2026-03-16 16:35:04.0,,,,,,,,
446494202600086,20260316,삼호읍 현대대불로 39,[개] 믹스견,417000,개,000114,믹스견,흰색,2026(60일미만)(년생),3(Kg),전남-영암-2026-00086,20260316,20260326,http://openapi.animal.go.kr/openapi/service/rest/fileDownloadSrvc/files/shelter/2026/02/202603161703670.png,http://openapi.animal.go.kr/openapi/service/rest/fileDownloadSrvc/files/shelter/2026/02/202603161703680[1].png,보호중,F,N,건강하며 사회성이 좋음,346494201700001,유기동물 삼호 보호소,010-9599-5400,전라남도 영암군 삼호읍 녹색로 1117-49 (삼호읍) 영암유기동물 삼호보호소,임동원,전라남도 영암군,2026-03-16 17:49:20.0,,,,,,,,
446494202600085,20260316,삼호읍 현대대불로 39,[개] 믹스견,417000,개,000114,믹스견,흰색,2026(60일미만)(년생),3(Kg),전남-영암-2026-00085,20260316,20260326,http://openapi.animal.go.kr/openapi/service/rest/fileDownloadSrvc/files/shelter/2026/02/202603161703497.png,http://openapi.animal.go.kr/openapi/service/rest/fileDownloadSrvc/files/shelter/2026/02/202603161703558.png,보호중,F,N,건강하며 사회성이 좋음,346494201700001,유기동물 삼호 보호소,010-9599-5400,전라남도 영암군 삼호읍 녹색로 1117-49 (삼호읍) 영암유기동물 삼호보호소,임동원,전라남도 영암군,2026-03-16 17:49:15.0,,,,,,,,
446484202600321,20260316,다압면 매화마을 주변,[개] 믹스견,417000,개,000114,믹스견,갈색,2026(년생),4.3(Kg),전남-광양-2026-00103,20260316,20260326,http://openapi.animal.go.kr/openapi/service/rest/fileDownloadSrvc/files/shelter/2026/02/202603161703595.jpg,http://openapi.animal.go.kr/openapi/service/rest/fileDownloadSrvc/files/shelter/2026/02/202603161703607.jpg,보호중,F,N,믹스 갈색 암컷 6개월추정,346484201900001,광양시 임시보호소,061-797-3386,전라남도 광양시 봉강면 인덕로 1169-20 (봉강면) 지곡리 864-24,광양시청 ,전라남도 광양시,2026-03-16 17:44:15.0,,,종합백신,파보,,,,
446484202600320,20260316,다압면 매화마을 주변,[개] 요크셔 테리어,417000,개,000113,요크셔 테리어,검정&금색,2012(년생),3.5(Kg),전남-광양-2026-00102,20260316,20260326,http://openapi.animal.go.kr/openapi/service/rest/fileDownloadSrvc/files/shelter/2026/02/202603161703686[1].jpg,http://openapi.animal.go.kr/openapi/service/rest/fileDownloadSrvc/files/shelter/2026/02/202603161703703[1].jpg,보호중,F,U,요크 금색+검정 암컷 14살추정,346484201900001,광양시 임시보호소,061-797-3386,전라남도 광양시 봉강면 인덕로 1169-20 (봉강면) 지곡리 864-24,광양시청 ,전라남도 광양시,2026-03-16 17:44:15.0,,,,,,,,
446481202600197,20260316,대포길 55-6,[개] 믹스견,417000,개,000114,믹스견,갈색&흰색,2024(년생),7.4(Kg),전남-여수-2026-00084,20260316,20260326,http://openapi.animal.go.kr/openapi/service/rest/fileDownloadSrvc/files/shelter/2026/02/202603161703928.jpeg,http://openapi.animal.go.kr/openapi/service/rest/fileDownloadSrvc/files/shelter/2026/02/202603161703237.jpeg,보호중,M,N,온순함 / 심장사상충 양성 / 구충제 및 진드기약 도포,346481200900001,반려동물보호센터,061-659-2474,전라남도 여수시 여수산단로 292-62 (평여동) 반려동물보호센터,여수시청,전라남도 여수시,2026-03-16 17:51:08.0,,,,사상충,,,,
446481202600196,20260316,무선 5길 5-8 도로변,[개] 푸들,417000,개,000128,푸들,흰색,2024(년생),6(Kg),전남-여수-2026-00083,20260316,20260326,http://openapi.animal.go.kr/openapi/service/rest/fileDownloadSrvc/files/shelter/2026/02/20260316150382.jpeg,http://openapi.animal.go.kr/openapi/service/rest/fileDownloadSrvc/files/shelter/2026/02/202603161503618.jpeg,보호중,M,N,중성화 O / 온순함,346481200900001,반려동물보호센터,061-659-2474,전라남도 여수시 여수산단로 292-62 (평여동) 반려동물보호센터,여수시청,전라남도 여수시,2026-03-16 17:50:42.0,,,,,,,,
445479202600202,20260316, 백산면 동학로 15,[개] 믹스견,417000,개,000114,믹스견,흰색,2025(년생),4(Kg),전북-부안-2026-00163,20260316,20260331,http://openapi.animal.go.kr/openapi/service/rest/fileDownloadSrvc/files/shelter/2026/02/20260316140305.jpg,http://openapi.animal.go.kr/openapi/service/rest/fileDownloadSrvc/files/shelter/2026/02/20260316140350.jpg,보호중,F,N,털이 길고 많이엉킨상태. ,345479202100001,부안군 동물보호센터,063-580-4445,전북특별자치도 부안군 주산면 주산로 369  부안군 동물보호센터,김동환,전북특별자치도 부안군,2026-03-16 14:38:35.0,,,,,,,,
445473202600130,20260316,동향면 하노마을,[개] 셰퍼드,417000,개,000122,셰퍼드,호반색(호랑이무늬),2019(년생),30(Kg),전북-진안-2026-00030,20260316,20260326,http://openapi.animal.go.kr/openapi/service/rest/fileDownloadSrvc/files/shelter/2026/02/202603161703872[1].jpg,http://openapi.animal.go.kr/openapi/service/rest/fileDownloadSrvc/files/shelter/2026/02/202603161703923.jpg,종료(반환),Q,U,칩있음(410100012476376),345473202300001,진안군유기동물보호소,063-430-8175,전북특별자치도 진안군 진안읍 예리길 36  .,진안군청,전북특별자치도 진안군,2026-03-16 17:47:54.0,410100012476376,-,,,,,,
445471202600068,20260316,포획단,[개] 믹스견,417000,개,000114,믹스견,흰색,2024(년생),5(Kg),전북-김제-2026-00068,20260316,20260331,http://openapi.animal.go.kr/openapi/service/rest/fileDownloadSrvc/files/shelter/2026/02/202603161703129.jpg,http://openapi.animal.go.kr/openapi/service/rest/fileDownloadSrvc/files/shelter/2026/02/202603161703537.jpg,보호중,M,N,순하다,345471201800002,전북말산업복합센터,063-547-3549,전라북도 김제시 용지면 금백로 571-39 (용지면) 전북말산업복합센터,조희천,전북특별자치도 김제시,2026-03-16 17:36:00.0,,,,,,,,
445471202600067,20260316,황산면,[개] 믹스견,417000,개,000114,믹스견,갈색,2024(년생),5(Kg),전북-김제-2026-00067,20260316,20260331,http://openapi.animal.go.kr/openapi/service/rest/fileDownloadSrvc/files/shelter/2026/02/202603161703298.jpg,http://openapi.animal.go.kr/openapi/service/rest/fileDownloadSrvc/files/shelter/2026/02/202603161703560.jpg,보호중,F,N,순하다,345471201800002,전북말산업복합센터,063-547-3549,전라북도 김제시 용지면 금백로 571-39 (용지면) 전북말산업복합센터,조희천,전북특별자치도 김제시,2026-03-16 17:36:00.0,,,,,,,,
445471202600066,20260316,포획단,[개] 믹스견,417000,개,000114,믹스견,흰색,2024(년생),5(Kg),전북-김제-2026-00066,20260316,20260331,http://openapi.animal.go.kr/openapi/service/rest/fileDownloadSrvc/files/shelter/2026/02/202603161703513.jpg,http://openapi.animal.go.kr/openapi/service/rest/fileDownloadSrvc/files/shelter/2026/02/202603161703931.jpg,보호중,M,N,순하다,345471201800002,전북말산업복합센터,063-547-3549,전라북도 김제시 용지면 금백로 571-39 (용지면) 전북말산업복합센터,조희천,전북특별자치도 김제시,2026-03-16 17:35:59.0,,,,,,,,
445471202600065,20260316,포획단,[개] 믹스견,417000,개,000114,믹스견,흰색,2024(년생),5(Kg),전북-김제-2026-00065,20260316,20260331,http://openapi.animal.go.kr/openapi/service/rest/fileDownloadSrvc/files/shelter/2026/02/202603161703747.jpg,http://openapi.animal.go.kr/openapi/service/rest/fileDownloadSrvc/files/shelter/2026/02/202603161703975[2].jpg,보호중,F,N,순하다,345471201800002,전북말산업복합센터,063-547-3549,전라북도 김제시 용지면 금백로 571-39 (용지면) 전북말산업복합센터,조희천,전북특별자치도 김제시,2026-03-16 17:35:59.0,,,,,,,,
445471202600064,20260316,경찰서앞,[개] 믹스견,417000,개,000114,믹스견,흰색,2023(년생),5(Kg),전북-김제-2026-00064,20260316,20260331,http://openapi.animal.go.kr/openapi/service/rest/fileDownloadSrvc/files/shelter/2026/02/202603161303779.jpg,http://openapi.animal.go.kr/openapi/service/rest/fileDownloadSrvc/files/shelter/2026/02/20260316130324.jpg,보호중,F,N,겁이 많음,345471201800002,전북말산업복합센터,063-547-3549,전라북도 김제시 용지면 금백로 571-39 (용지면) 전북말산업복합센터,조희천,전북특별자치도 김제시,2026-03-16 13:27:17.0,,,,,,,,
445470202600346,20260316,아영면 아백로,[개] 믹스견,417000,개,000114,믹스견,흰색,2026(60일미만)(년생),1.5(Kg),전북-남원-2026-00134,20260316,20260326,http://openapi.animal.go.kr/openapi/service/rest/fileDownloadSrvc/files/shelter/2026/02/202603161703231.jpg,http://openapi.animal.go.kr/openapi/service/rest/fileDownloadSrvc/files/shelter/2026/02/202603161703273[1].jpg,보호중,M,N,겁이 많아 소심한 성격으로 보임,345470202100001,인월동물병원,063-636-2873,전북특별자치도 남원시 인월면 인월로 64  ,김세전,전북특별자치도 남원시,2026-03-16 17:43:01.0,,,,,,순한 성격으로 보입니다. 많은 관심 부탁 드립니다.,건강상 큰 문제는 없어 보입니다. 입양이 될 수 있도록 관심 바랍니다.,
445470202600345,20260316,아영면 아백로,[개] 믹스견,417000,개,000114,믹스견,흰색,2026(60일미만)(년생),1.5(Kg),전북-남원-2026-00133,20260316,20260326,http://openapi.animal.go.kr/openapi/service/rest/fileDownloadSrvc/files/shelter/2026/02/202603161703178[1].jpg,http://openapi.animal.go.kr/openapi/service/rest/fileDownloadSrvc/files/shelter/2026/02/202603161703217.jpg,보호중,M,N,활발한 성격을 가져 사람을 잘 따름,345470202100001,인월동물병원,063-636-2873,전북특별자치도 남원시 인월면 인월로 64  ,김세전,전북특별자치도 남원시,2026-03-16 17:42:51.0,,,,,,순한 성격으로 보입니다. 많은 관심 부탁 드립니다.,건강상 큰 문제는 없어 보입니다. 입양이 될 수 있도록 관심 바랍니다.,
445470202600344,20260316,아영면 아백로,[개] 믹스견,417000,개,000114,믹스견,흰색,2026(60일미만)(년생),1.5(Kg),전북-남원-2026-00132,20260316,20260326,http://openapi.animal.go.kr/openapi/service/rest/fileDownloadSrvc/files/shelter/2026/02/202603161703687.jpg,http://openapi.animal.go.kr/openapi/service/rest/fileDownloadSrvc/files/shelter/2026/02/202603161703785[2].jpg,보호중,M,N,피부가 하얗고 손이커 매우 귀여움,345470202100001,인월동물병원,063-636-2873,전북특별자치도 남원시 인월면 인월로 64  ,김세전,전북특별자치도 남원시,2026-03-16 17:42:39.0,,,,,,순한 성격으로 보입니다. 많은 관심 부탁 드립니다.,건강상 큰 문제는 없어 보입니다. 입양이 될 수 있도록 관심 바랍니다.,
445469202600251,20260316,상동 84,[개] 믹스견,417000,개,000114,믹스견,흰색,2022(년생),23(Kg),전북-정읍-2026-00120,20260316,20260326,http://openapi.animal.go.kr/openapi/service/rest/fileDownloadSrvc/files/shelter/2026/02/202603161103944.jpg,http://openapi.animal.go.kr/openapi/service/rest/fileDownloadSrvc/files/shelter/2026/02/20260316110320.jpg,종료(반환),M,N,온순하고 사람을 좋아함,345469202000001,정읍시 동물보호소,063-535-6295,전북특별자치도 정읍시 2산단5길 37-1 (하북동) ,정읍시청,전북특별자치도 정읍시,2026-03-17 11:24:29.0,,,,,,,,
445469202600250,20260316,지평길 35-4,[개] 믹스견,417000,개,000114,믹스견,흰색,2022(년생),17(Kg),전북-정읍-2026-00119,20260316,20260326,http://openapi.animal.go.kr/openapi/service/rest/fileDownloadSrvc/files/shelter/2026/02/202603161003706.jpg,http://openapi.animal.go.kr/openapi/service/rest/fileDownloadSrvc/files/shelter/2026/02/202603161003756[1].jpg,보호중,M,N,경계심이 강하고 공격성 있음,345469202000001,정읍시 동물보호소,063-535-6295,전북특별자치도 정읍시 2산단5길 37-1 (하북동) ,정읍시청,전북특별자치도 정읍시,2026-03-16 11:04:32.0,,,,,,,,
445469202600249,20260316,말목장터로 590-18,[개] 믹스견,417000,개,000114,믹스견,흰색,2023(년생),13(Kg),전북-정읍-2026-00118,20260316,20260326,http://openapi.animal.go.kr/openapi/service/rest/fileDownloadSrvc/files/shelter/2026/02/202603161003885.jpg,http://openapi.animal.go.kr/openapi/service/rest/fileDownloadSrvc/files/shelter/2026/02/202603161003932[1].jpg,보호중,M,N,약간의 경계심있음,345469202000001,정읍시 동물보호소,063-535-6295,전북특별자치도 정읍시 2산단5길 37-1 (하북동) ,정읍시청,전북특별자치도 정읍시,2026-03-16 11:04:32.0,,,,,,,,
445469202600248,20260316,북면 북신촌1길 59-4,[개] 믹스견,417000,개,000114,믹스견,갈색&검정&흰색,2023(년생),5(Kg),전북-정읍-2026-00117,20260316,20260326,http://openapi.animal.go.kr/openapi/service/rest/fileDownloadSrvc/files/shelter/2026/02/202603161003394.jpg,http://openapi.animal.go.kr/openapi/service/rest/fileDownloadSrvc/files/shelter/2026/02/202603161003444.jpg,보호중,F,N,온순하고 새끼2마리 함께입소,345469202000001,정읍시 동물보호소,063-535-6295,전북특별자치도 정읍시 2산단5길 37-1 (하북동) ,정읍시청,전북특별자치도 정읍시,2026-03-16 11:04:32.0,,,,,,,,
445468202600338,20260316,익산시 삼기면 원서두길 71-2,[개] 포메라니안,417000,개,000089,포메라니안,크림색,2013(년생),2.5(Kg),전북-익산-2026-00273,20260316,20260326,http://openapi.animal.go.kr/openapi/service/rest/fileDownloadSrvc/files/shelter/2026/02/202603161503411[1].jpg,http://openapi.animal.go.kr/openapi/service/rest/fileDownloadSrvc/files/shelter/2026/02/202603161503433[1].jpg,보호중,F,U,나이가 많고 순함,345468201200001,익산유기동물보호소,063-855-1214,전북특별자치도 익산시 삼기면 황금로 342-17  ,임종현,전북특별자치도 익산시,2026-03-16 16:16:09.0,,,,,,,,
445467202600300,20260316,서당길 11 구암동 현대아파트,[개] 믹스견,417000,개,000114,믹스견,갈색&검정&흰색,2026(60일미만)(년생),3(Kg),전북-군산-2026-00129,20260316,20260331,http://openapi.animal.go.kr/openapi/service/rest/fileDownloadSrvc/files/shelter/2026/02/202603161003344[1].jpg,http://openapi.animal.go.kr/openapi/service/rest/fileDownloadSrvc/files/shelter/2026/02/202603161003418[2].jpg,보호중,M,N,2개월추정 순함 칩x,345467201000001,군산유기동물보호센터,063-451-2975,전북특별자치도 군산시 대야면 보덕안정길 124  ,이강노,전북특별자치도 군산시,2026-03-16 10:57:28.0,,,,,,,,
445464202600933,20260316,무삼지로 7,[개] 믹스견,417000,개,000114,믹스견,갈색&흰색,2021(년생),7.45(Kg),전북-전주-2026-00154,20260316,20260325,http://openapi.animal.go.kr/openapi/service/rest/fileDownloadSrvc/files/shelter/2026/02/202603162303107.jpg,http://openapi.animal.go.kr/openapi/service/rest/fileDownloadSrvc/files/shelter/2026/02/202603162303324.jpg,종료(반환),M,N,온순함,345464201200001,행복한동물병원,063-244-0090,전라북도 전주시 덕진구 인후동1가 806-6,김창진,전북특별자치도 전주시,2026-03-17 10:56:54.0,410100004139793,-,,,,,,
444568202600119,20260316,당진시 순성면 남부로 1105,[개] 믹스견,417000,개,000114,믹스견,검정&황갈색,2024(년생),8.00(Kg),충남-당진-2026-00119,20260316,20260326,http://openapi.animal.go.kr/openapi/service/rest/fileDownloadSrvc/files/shelter/2026/02/202603161503373[2].jpg,http://openapi.animal.go.kr/openapi/service/rest/fileDownloadSrvc/files/shelter/2026/02/202603161503848[1].jpg,보호중,M,U,약간 경계함. 파란색 목줄 착용,344568201700001,당진시동물보호소,041-356-8210,충청남도 당진시 고대면 삼포길 180  ,당진시장,충청남도 당진시,2026-03-16 15:58:09.0,,,,,,,,
444568202600118,20260316,당진시 석문면 해명1로 21 석문LH천년나무 4단지 자전거 보관소,[고양이] 한국 고양이,422400,고양이,000200,한국 고양이,기타(흰.황갈),2026(년생),4.00(Kg),충남-당진-2026-00118,20260316,20260326,http://openapi.animal.go.kr/openapi/service/rest/fileDownloadSrvc/files/shelter/2026/02/202603161503201.jpg,http://openapi.animal.go.kr/openapi/service/rest/fileDownloadSrvc/files/shelter/2026/02/202603161503254[1].jpg,보호중,M,U,"8개월, 사람좋아함. 겁있음. 고양이 집기류와 함께 유기",344568201700001,당진시동물보호소,041-356-8210,충청남도 당진시 고대면 삼포길 180  ,당진시장,충청남도 당진시,2026-03-16 15:41:21.0,,,,,,,,
444558202600006,20260316,계룡시 두마면 입암리 81,[개] 믹스견,417000,개,000114,믹스견,검정 황갈색&흰색,2025(년생),7.00(Kg),충남-계룡-2026-00006,20260316,20260326,http://openapi.animal.go.kr/openapi/service/rest/fileDownloadSrvc/files/shelter/2026/02/202603162103120.jpg,http://openapi.animal.go.kr/openapi/service/rest/fileDownloadSrvc/files/shelter/2026/02/202603162103307.jpg,보호중,F,U,순함. 심장사상충 키트 양성 확인,344558202400001,주동물병원,042-840-2653,충청남도 계룡시 계룡대로 245 (금암동) 1층,주진우,충청남도 계룡시,2026-03-16 21:07:15.0,,,,,,,,
444462202600179,20260316,고남면 편교동길 49-38,[개] 믹스견,417000,개,000114,믹스견,흰색,2026(년생),4(Kg),충남-태안-2026-00108,20260316,20260326,http://openapi.animal.go.kr/openapi/service/rest/fileDownloadSrvc/files/shelter/2026/02/202603161703177.jpg,http://openapi.animal.go.kr/openapi/service/rest/fileDownloadSrvc/files/shelter/2026/02/202603161703199.jpg,보호중,M,N,순하고 겁이 많음,344462200900001,최동물병원,041-672-0346,충청남도 태안군 태안읍 남문리 504-6,최기중,충청남도 태안군,2026-03-16 17:04:53.0,,,,,,,,
444462202600178,20260316,고남면 편교동길 49-38,[개] 믹스견,417000,개,000114,믹스견,검정&황갈색,2026(년생),4(Kg),충남-태안-2026-00107,20260316,20260326,http://openapi.animal.go.kr/openapi/service/rest/fileDownloadSrvc/files/shelter/2026/02/202603161703656.jpg,http://openapi.animal.go.kr/openapi/service/rest/fileDownloadSrvc/files/shelter/2026/02/20260316170354.jpg,보호중,F,N,순하고 겁이 많음,344462200900001,최동물병원,041-672-0346,충청남도 태안군 태안읍 남문리 504-6,최기중,충청남도 태안군,2026-03-16 17:04:53.0,,,,,,,,
444462202600177,20260316,고남면 편교동길 49-38,[개] 믹스견,417000,개,000114,믹스견,흰색,2026(년생),4(Kg),충남-태안-2026-00106,20260316,20260326,http://openapi.animal.go.kr/openapi/service/rest/fileDownloadSrvc/files/shelter/2026/02/20260316170311[1].jpg,http://openapi.animal.go.kr/openapi/service/rest/fileDownloadSrvc/files/shelter/2026/02/20260316170396.jpg,보호중,F,N,순하고 겁이 많음,344462200900001,최동물병원,041-672-0346,충청남도 태안군 태안읍 남문리 504-6,최기중,충청남도 태안군,2026-03-16 17:04:53.0,,,,,,,,
444461202600116,20260316,삽교읍 상성성미길 18-54,[고양이] 한국 고양이,422400,고양이,000200,한국 고양이,레몬색&흰색,2025(년생),1.4(Kg),충남-예산-2026-00043,20260316,20260323,http://openapi.animal.go.kr/openapi/service/rest/fileDownloadSrvc/files/shelter/2026/02/202603161803619.jpg,http://openapi.animal.go.kr/openapi/service/rest/fileDownloadSrvc/files/shelter/2026/02/202603161803660.jpg,종료(자연사),F,U,"눈꼽, 구강출혈, 저체중, 저체온, 기력저하 등 상태가 안좋은 상태로 길에서 발견",344461202400001,예산임시동물보호센터,041-339-7838,충청남도 예산군 예산읍 군청로 22  ,예산군,충청남도 예산군,2026-03-17 13:33:59.0,,,,,,,입원하여 수액 처치중,
444452202600297,20260316,음봉면 아름다운여행,[개] 푸들,417000,개,000128,푸들,크림색,2022(년생),6(Kg),충남-아산-2026-00077,20260316,20260326,http://openapi.animal.go.kr/openapi/service/rest/fileDownloadSrvc/files/shelter/2026/02/202603161603891.jpg,http://openapi.animal.go.kr/openapi/service/rest/fileDownloadSrvc/files/shelter/2026/02/202603161603927.jpg,보호중,F,N,26-297호(관리)77호(공고)/칩있음,344452202300001,아산동물복지지원센터,041-530-6200,충청남도 아산시 환경공원로 158 (배미동) ,아산시장,충청남도 아산시,2026-03-16 16:57:12.0,410097800412374,-,,,,,,
444452202600296,20260316,음봉면 아름다운여행,[개] 말티즈,417000,개,000072,말티즈,흰색,2023(년생),2.5(Kg),충남-아산-2026-00076,20260316,20260326,http://openapi.animal.go.kr/openapi/service/rest/fileDownloadSrvc/files/shelter/2026/02/202603161603487[3].jpg,http://openapi.animal.go.kr/openapi/service/rest/fileDownloadSrvc/files/shelter/2026/02/202603161603554.jpg,보호중,M,Y,26-296호(관리)76호(공고),344452202300001,아산동물복지지원센터,041-530-6200,충청남도 아산시 환경공원로 158 (배미동) ,아산시장,충청남도 아산시,2026-03-16 16:49:12.0,,,"광견병,종합백신",사상충,,,,
444452202600295,20260316,배방읍 공수길 24-8,[개] 믹스견,417000,개,000114,믹스견,갈색,2024(년생),21(Kg),충남-아산-2026-00075,20260316,20260326,http://openapi.animal.go.kr/openapi/service/rest/fileDownloadSrvc/files/shelter/2026/02/202603161603556[1].jpg,http://openapi.animal.go.kr/openapi/service/rest/fileDownloadSrvc/files/shelter/2026/02/202603161603601.jpg,보호중,M,N,26-295호(관리)75호(공고),344452202300001,아산동물복지지원센터,041-530-6200,충청남도 아산시 환경공원로 158 (배미동) ,아산시장,충청남도 아산시,2026-03-16 16:39:40.0,,,"광견병,종합백신",사상충,,,,
444451202600221,20260316,보령시 갓바위1길 9,[개] 믹스견,417000,개,000114,믹스견,밤색,2021(년생),14(Kg),충남-보령-2026-00064,20260316,20260326,http://openapi.animal.go.kr/openapi/service/rest/fileDownloadSrvc/files/shelter/2026/02/20260316180352.jpg,http://openapi.animal.go.kr/openapi/service/rest/fileDownloadSrvc/files/shelter/2026/02/202603161803938.jpg,보호중,F,N,.,344451201300001,보령시유기동물보호소,010-5427-7210,충청남도 보령시 대천방조제로 322 (대천동) 보령시시설관리공단 내 좌측 생태공원2,장경무,충청남도 보령시,2026-03-16 18:06:18.0,,,,,,,,
444451202600206,20260316,보령호로 159번 일원,[개] 믹스견,417000,개,000114,믹스견,밤색&흰색,2021(년생),7(Kg),충남-보령-2026-00063,20260316,20260326,http://openapi.animal.go.kr/openapi/service/rest/fileDownloadSrvc/files/shelter/2026/02/202603161303714.jpg,http://openapi.animal.go.kr/openapi/service/rest/fileDownloadSrvc/files/shelter/2026/02/20260316130311.jpg,보호중,F,N,.,344451201300001,보령시유기동물보호소,010-5427-7210,충청남도 보령시 대천방조제로 322 (대천동) 보령시시설관리공단 내 좌측 생태공원2,장경무,충청남도 보령시,2026-03-16 13:11:29.0,,,,,,,,
444449202600395,20260316,천안야구장 수로,[개] 믹스견,417000,개,000114,믹스견,갈색&검정,2026(년생),4.8(Kg),충남-천안-2026-00090,20260316,20260326,http://openapi.animal.go.kr/openapi/service/rest/fileDownloadSrvc/files/shelter/2026/02/202603161503330.jpg,http://openapi.animal.go.kr/openapi/service/rest/fileDownloadSrvc/files/shelter/2026/02/202603161503428.jpg,보호중,M,N,"4개월 추정, 마름, 경계 및 입질있음, 진드기 감염",344449202100001,천안시 동물보호센터,010-5913-5119,"충청남도 천안시 동남구 목천읍 충절로 577  문의전화 : 입양(010-5913-5119), 구조(010-4999-6119)",천안시장,충청남도 천안시,2026-03-16 15:37:18.0,,,,,,,,
444449202600393,20260316,경부고속도로 하행 323km 지점,[개] 믹스견,417000,개,000114,믹스견,갈색,2022(년생),22.2(Kg),충남-천안-2026-00088,20260316,20260326,http://openapi.animal.go.kr/openapi/service/rest/fileDownloadSrvc/files/shelter/2026/02/202603161303360.jpg,http://openapi.animal.go.kr/openapi/service/rest/fileDownloadSrvc/files/shelter/2026/02/202603161303420.jpg,종료(반환),M,Y,"순함, 내장칩 있음",344449202100001,천안시 동물보호센터,010-5913-5119,"충청남도 천안시 동남구 목천읍 충절로 577  문의전화 : 입양(010-5913-5119), 구조(010-4999-6119)",천안시장,충청남도 천안시,2026-03-16 13:53:21.0,,,,,,,,
444449202600392,20260316,경부고속도로 하행 323km 지점,[개] 믹스견,417000,개,000114,믹스견,크림색,2025(년생),20(Kg),충남-천안-2026-00087,20260316,20260326,http://openapi.animal.go.kr/openapi/service/rest/fileDownloadSrvc/files/shelter/2026/02/20260316130359[1].jpg,http://openapi.animal.go.kr/openapi/service/rest/fileDownloadSrvc/files/shelter/2026/02/202603161303224.jpg,종료(반환),F,U,순함,344449202100001,천안시 동물보호센터,010-5913-5119,"충청남도 천안시 동남구 목천읍 충절로 577  문의전화 : 입양(010-5913-5119), 구조(010-4999-6119)",천안시장,충청남도 천안시,2026-03-16 13:54:39.0,,,"광견병,종합백신,코로나",사상충,,,,
444449202600391,20260316,서북구 직산읍 4산단2길 32 천안서북소방서 인근,[개] 믹스견,417000,개,000114,믹스견,검정&흰색,2025(년생),8.2(Kg),충남-천안-2026-00086,20260316,20260326,http://openapi.animal.go.kr/openapi/service/rest/fileDownloadSrvc/files/shelter/2026/02/202603161303757.jpg,http://openapi.animal.go.kr/openapi/service/rest/fileDownloadSrvc/files/shelter/2026/02/202603161303569.jpg,보호중,F,U,"보더콜리 믹스 추정, 순함, 사람 잘 따름",344449202100001,천안시 동물보호센터,010-5913-5119,"충청남도 천안시 동남구 목천읍 충절로 577  문의전화 : 입양(010-5913-5119), 구조(010-4999-6119)",천안시장,충청남도 천안시,2026-03-16 13:14:27.0,,,"광견병,종합백신,코로나",사상충,,,,
444449202600390,20260316,서북구 두정동 1440 주복교회,[개] 시바,417000,개,000100,시바,검정색,2022(년생),7.3(Kg),충남-천안-2026-00085,20260316,20260326,http://openapi.animal.go.kr/openapi/service/rest/fileDownloadSrvc/files/shelter/2026/02/202603160903522.jpg,http://openapi.animal.go.kr/openapi/service/rest/fileDownloadSrvc/files/shelter/2026/02/202603160903610.jpg,종료(반환),M,Y,"목줄 착용, 순함",344449202100001,천안시 동물보호센터,010-5913-5119,"충청남도 천안시 동남구 목천읍 충절로 577  문의전화 : 입양(010-5913-5119), 구조(010-4999-6119)",천안시장,충청남도 천안시,2026-03-16 14:26:26.0,,,,,,,,
443571202600166,20260316,내수읍 묵방2길 59-44번지 ,[개] 오브차카 믹스추정,417000,개,000115,기타,검정&황갈색,2021(년생),45(Kg),충북-청주-2026-00166,20260316,20260326,http://openapi.animal.go.kr/openapi/service/rest/fileDownloadSrvc/files/shelter/2026/02/202603161703580.jpeg,http://openapi.animal.go.kr/openapi/service/rest/fileDownloadSrvc/files/shelter/2026/02/202603161703604.jpeg,보호중,F,U,"오브차카 믹스추정 대형견 켄넬훈련되어있음, 양쪽 귀 외이염 심한 상태",343571201600001,반려동물보호센터,043-201-2298,충청북도 청주시 흥덕구 강내면 서부로 411-23  청주시 반려동물 보호센터,청주시청,충청북도 청주시,2026-03-16 17:27:02.0,,,,,,,,
443571202600165,20260316,상당구 공군사관학교,[개] 믹스견,417000,개,000114,믹스견,갈색&검정,2026(60일미만)(년생),1.5(Kg),충북-청주-2026-00165,20260316,20260326,http://openapi.animal.go.kr/openapi/service/rest/fileDownloadSrvc/files/shelter/2026/02/20260316170344.jpeg,http://openapi.animal.go.kr/openapi/service/rest/fileDownloadSrvc/files/shelter/2026/02/20260316170377.jpeg,보호중,F,N,7주령 추정 믹스견 7형제자매견 ,343571201600001,반려동물보호센터,043-201-2298,충청북도 청주시 흥덕구 강내면 서부로 411-23  청주시 반려동물 보호센터,청주시청,충청북도 청주시,2026-03-16 17:27:26.0,,,,,,,,
443571202600164,20260316,상당구 공군사관학교,[개] 믹스견,417000,개,000114,믹스견,갈색&검정,2026(60일미만)(년생),1.5(Kg),충북-청주-2026-00164,20260316,20260326,http://openapi.animal.go.kr/openapi/service/rest/fileDownloadSrvc/files/shelter/2026/02/202603161703163.jpeg,http://openapi.animal.go.kr/openapi/service/rest/fileDownloadSrvc/files/shelter/2026/02/202603161703199.jpeg,보호중,F,N,7주령 추정 믹스견 7형제자매견 ,343571201600001,반려동물보호센터,043-201-2298,충청북도 청주시 흥덕구 강내면 서부로 411-23  청주시 반려동물 보호센터,청주시청,충청북도 청주시,2026-03-16 17:27:50.0,,,,,,,,
443571202600163,20260316,상당구 공군사관학교,[개] 믹스견,417000,개,000114,믹스견,갈색&검정,2026(60일미만)(년생),1.5(Kg),충북-청주-2026-00163,20260316,20260326,http://openapi.animal.go.kr/openapi/service/rest/fileDownloadSrvc/files/shelter/2026/02/202603161703475.jpeg,http://openapi.animal.go.kr/openapi/service/rest/fileDownloadSrvc/files/shelter/2026/02/202603161703696.jpeg,보호중,F,N,7주령 추정 믹스견 7형제자매견 ,343571201600001,반려동물보호센터,043-201-2298,충청북도 청주시 흥덕구 강내면 서부로 411-23  청주시 반려동물 보호센터,청주시청,충청북도 청주시,2026-03-16 17:28:12.0,,,,,,,,
443571202600162,20260316,상당구 공군사관학교,[개] 믹스견,417000,개,000114,믹스견,갈색&흰색,2026(60일미만)(년생),1.5(Kg),충북-청주-2026-00162,20260316,20260326,http://openapi.animal.go.kr/openapi/service/rest/fileDownloadSrvc/files/shelter/2026/02/202603161703233.jpeg,http://openapi.animal.go.kr/openapi/service/rest/fileDownloadSrvc/files/shelter/2026/02/202603161703597.jpeg,보호중,F,N,7주령 추정 믹스견 7형제자매견 ,343571201600001,반려동물보호센터,043-201-2298,충청북도 청주시 흥덕구 강내면 서부로 411-23  청주시 반려동물 보호센터,청주시청,충청북도 청주시,2026-03-16 17:28:36.0,,,,,,,,
443571202600161,20260316,상당구 공군사관학교,[개] 믹스견,417000,개,000114,믹스견,갈색&검정,2026(60일미만)(년생),1.5(Kg),충북-청주-2026-00161,20260316,20260326,http://openapi.animal.go.kr/openapi/service/rest/fileDownloadSrvc/files/shelter/2026/02/202603161703984.jpeg,http://openapi.animal.go.kr/openapi/service/rest/fileDownloadSrvc/files/shelter/2026/02/20260316170328.jpeg,보호중,M,N,7주령 추정 믹스견 7형제자매견 ,343571201600001,반려동물보호센터,043-201-2298,충청북도 청주시 흥덕구 강내면 서부로 411-23  청주시 반려동물 보호센터,청주시청,충청북도 청주시,2026-03-16 17:29:00.0,,,,,,,,
443571202600160,20260316,상당구 공군사관학교,[개] 믹스견,417000,개,000114,믹스견,갈색&흰색,2026(60일미만)(년생),1.5(Kg),충북-청주-2026-00160,20260316,20260326,http://openapi.animal.go.kr/openapi/service/rest/fileDownloadSrvc/files/shelter/2026/02/202603161703816.jpeg,http://openapi.animal.go.kr/openapi/service/rest/fileDownloadSrvc/files/shelter/2026/02/202603161703840.jpeg,보호중,M,N,7주령 추정 믹스견 7형제자매견 ,343571201600001,반려동물보호센터,043-201-2298,충청북도 청주시 흥덕구 강내면 서부로 411-23  청주시 반려동물 보호센터,청주시청,충청북도 청주시,2026-03-16 17:29:24.0,,,,,,,,
443571202600159,20260316,상당구 공군사관학교 ,[개] 믹스견,417000,개,000114,믹스견,갈색&검정,2026(60일미만)(년생),1.5(Kg),충북-청주-2026-00159,20260316,20260326,http://openapi.animal.go.kr/openapi/service/rest/fileDownloadSrvc/files/shelter/2026/02/202603161703988.jpeg,http://openapi.animal.go.kr/openapi/service/rest/fileDownloadSrvc/files/shelter/2026/02/20260316170329.jpeg,보호중,M,N,7주령 추정 믹스견 7형제자매견 ,343571201600001,반려동물보호센터,043-201-2298,충청북도 청주시 흥덕구 강내면 서부로 411-23  청주시 반려동물 보호센터,청주시청,충청북도 청주시,2026-03-16 17:29:52.0,,,,,,,,
443443202600127,20260316,옥천읍,[개] 믹스견,417000,개,000114,믹스견,검정색,2023(년생),23(Kg),충북-옥천-2026-00067,20260316,20260326,http://openapi.animal.go.kr/openapi/service/rest/fileDownloadSrvc/files/shelter/2026/02/202603161803537.jpeg,http://openapi.animal.go.kr/openapi/service/rest/fileDownloadSrvc/files/shelter/2026/02/202603161803258.jpeg,보호중,F,N,[관리번호067]옥천읍 마암리 민가 인근에서 발견,343443201500001,옥천동물병원,010-8843-8844,"충청북도 옥천군 옥천읍 삼금로 53 (옥천읍, 동물병원) 옥천동물병원",정종관,충청북도 옥천군,2026-03-16 18:05:55.0,,,,,,,,
442428202600008,20260316,강원특별자치도 평창군 용평면 평창휴게서 강릉항? 부근,[개] 믹스견,417000,개,000114,믹스견,검정&흰색,2025(년생),4(Kg),강원-평창-2026-00008,20260316,20260326,http://openapi.animal.go.kr/openapi/service/rest/fileDownloadSrvc/files/shelter/2026/02/202603161403612.jpg,http://openapi.animal.go.kr/openapi/service/rest/fileDownloadSrvc/files/shelter/2026/02/202603161403644.jpg,보호중,F,N,특이사항 없음,342428200900001,평창군유기동물보호소,010-3397-9150,강원도 평창군 진부면 청송로 61 ,장영실,강원특별자치도 평창군,2026-03-16 14:08:53.0,,,,,,,,
442418202600101,20260316,한숲시티아파트,[개] 믹스견,417000,개,000114,믹스견,흰색,2024(년생),8(Kg),강원-춘천-2026-00042,20260316,20260326,http://openapi.animal.go.kr/openapi/service/rest/fileDownloadSrvc/files/shelter/2026/02/20260316150397.jpg,http://openapi.animal.go.kr/openapi/service/rest/fileDownloadSrvc/files/shelter/2026/02/202603161503112.jpg,보호중,F,U,온순,342418201300001,춘천시 동물보호센터,033-245-5351,강원도 춘천시 신북읍 영서로 3282 (신북읍) (전)102보충대 주차장,춘천시장,강원특별자치도 춘천시,2026-03-16 15:42:16.0,,,,,,,,
442418202600100,20260316,동면 신화정비공장,[개] 믹스견,417000,개,000114,믹스견,기타(연갈색),2022(년생),12(Kg),강원-춘천-2026-00041,20260316,20260326,http://openapi.animal.go.kr/openapi/service/rest/fileDownloadSrvc/files/shelter/2026/02/202603161503886.jpg,http://openapi.animal.go.kr/openapi/service/rest/fileDownloadSrvc/files/shelter/2026/02/202603161503902.jpg,보호중,M,U,"겁이많음,파란목줄,척추손상",342418201300001,춘천시 동물보호센터,033-245-5351,강원도 춘천시 신북읍 영서로 3282 (신북읍) (전)102보충대 주차장,춘천시장,강원특별자치도 춘천시,2026-03-16 15:42:07.0,,,,,,,,
441570202600101,20260316,산북면 명품리,[개] 진도견,417000,개,000067,진도견,기타(블랙탄),2026(년생),6.50(Kg),경기-여주-2026-00101,20260316,20260326,http://openapi.animal.go.kr/openapi/service/rest/fileDownloadSrvc/files/shelter/2026/02/202603161803613.jpg,http://openapi.animal.go.kr/openapi/service/rest/fileDownloadSrvc/files/shelter/2026/02/202603161803661.jpg,보호중,M,N,다소 온순함,341570201900003,위더스 동물보호센터,031-882-4381,경기도 여주시 여양2로 42 (천송동) ,이소라,경기도 여주시,2026-03-16 19:00:05.0,,,"종합백신,코로나","파보,홍역,원충",,,,
441570202600100,20260316,흥천면 복대리,[개] 믹스견,417000,개,000114,믹스견,흰색,2023(년생),7.00(Kg),경기-여주-2026-00100,20260316,20260326,http://openapi.animal.go.kr/openapi/service/rest/fileDownloadSrvc/files/shelter/2026/02/202603161803562.jpg,http://openapi.animal.go.kr/openapi/service/rest/fileDownloadSrvc/files/shelter/2026/02/202603161803600[2].jpg,보호중,M,N,"매우온순함, 좌측 후지 부상",341570201900003,위더스 동물보호센터,031-882-4381,경기도 여주시 여양2로 42 (천송동) ,이소라,경기도 여주시,2026-03-16 19:00:05.0,,,종합백신,"파보,홍역,원충",,,,
441559202600154,20260316,경기 양주시 은현면 용암리 459-4 인근,[개] 믹스견,417000,개,000114,믹스견,갈색&검정&흰색,2026(60일미만)(년생),1.5(Kg),경기-양주-2026-00089,20260316,20260326,http://openapi.animal.go.kr/openapi/service/rest/fileDownloadSrvc/files/shelter/2026/02/20260316130320.jpg,http://openapi.animal.go.kr/openapi/service/rest/fileDownloadSrvc/files/shelter/2026/02/20260316130330.jpg,보호중,M,N,온순. 얌전. 약간 겁 있음. 등쪽 흰 털. 꼬리 단미 안됨. 털 상태 양호. ,341559200900001,한국동물구조관리협회,031-867-9119,경기도 양주시 남면 감악산로 63-37 (남면) ,김철훈,경기도 양주시,2026-03-16 18:53:46.0,,,,,,,,
441554202600393,20260316,광주시 양벌동 일대,[개] 진도견,417000,개,000067,진도견,흑갈색,2024(년생),20.00(Kg),경기-광주-2026-00086,20260316,20260326,http://openapi.animal.go.kr/openapi/service/rest/fileDownloadSrvc/files/shelter/2026/02/202603161903598.jpg,http://openapi.animal.go.kr/openapi/service/rest/fileDownloadSrvc/files/shelter/2026/02/202603161903641[2].jpg,보호중,M,N,"3-14, 녹색 목줄 착용, 온순한 성격, 똘똘하고 귀여운 외모",341554201900001,광주TNR동물병원초월,031-798-7581,경기도 광주시 초월읍 현산로385번길 74-12 (초월읍) ,성준우,경기도 광주시,2026-03-16 19:36:25.0,,,,,,,,
441554202600375,20260316,광주시 매산동 도로,[고양이] 한국 고양이,422400,고양이,000200,한국 고양이,기타(검백색),2025(년생),2.00(Kg),경기-광주-2026-00085,20260316,20260326,http://openapi.animal.go.kr/openapi/service/rest/fileDownloadSrvc/files/shelter/2026/02/20260316160308.jpg,http://openapi.animal.go.kr/openapi/service/rest/fileDownloadSrvc/files/shelter/2026/02/20260316160381.jpg,보호중,M,N,"3-13, 교통사고, 4개월령 아가, 안면부 골절",341554201300008,광주TNR동물병원송정,031-798-7583,경기도 광주시 경안천로 142 (송정동) 광주TNR동물병원,성준우,경기도 광주시,2026-03-16 16:06:55.0,,,,,,,,
441553202600530,20260316,진안동 인근,[개] 믹스견,417000,개,000114,믹스견,옅은 황색,2023(년생),6(Kg),경기-화성-2026-00451,20260316,20260325,http://openapi.animal.go.kr/openapi/service/rest/fileDownloadSrvc/files/shelter/2026/02/20260316170348[1].jpg,http://openapi.animal.go.kr/openapi/service/rest/fileDownloadSrvc/files/shelter/2026/02/20260316170387.jpg,보호중,F,U,사람 좋아하고 순한 성격의 다리 짧은 믹스견/초록 목줄 착용중/칩 있음/한쪽 눈이 없는 상태,341553202500001,화성시민동물보호센터,010-3969-1034,경기도 화성시 서신면 전곡항로 492  ,장성웅,경기도 화성시,2026-03-16 17:17:08.0,410097800228480,-,,,,,,
441553202600529,20260316,향남읍 발안로 인근,[개] 믹스견,417000,개,000114,믹스견,갈색&검정,2026(년생),3.5(Kg),경기-화성-2026-00450,20260316,20260325,http://openapi.animal.go.kr/openapi/service/rest/fileDownloadSrvc/files/shelter/2026/02/20260316170393.jpg,http://openapi.animal.go.kr/openapi/service/rest/fileDownloadSrvc/files/shelter/2026/02/202603161703300.jpg,보호중,M,N,사람을 무서워하는 겁 많은 아기강아지/눈에 아이라인을 그린것처럼 이쁘게 생김/엄청 겁쟁이임,341553202500001,화성시민동물보호센터,010-3969-1034,경기도 화성시 서신면 전곡항로 492  ,장성웅,경기도 화성시,2026-03-16 17:17:08.0,,,,,,,,
441553202600528,20260316,장안 119,[개] 믹스견,417000,개,000114,믹스견,갈색&흰색,2023(년생),25(Kg),경기-화성-2026-00449,20260316,20260325,http://openapi.animal.go.kr/openapi/service/rest/fileDownloadSrvc/files/shelter/2026/02/202603161603641.jpg,http://openapi.animal.go.kr/openapi/service/rest/fileDownloadSrvc/files/shelter/2026/02/202603161603665[1].jpg,보호중,M,U,사람 좋아하고 순한 성격의 삽살개 믹스추정/반환예정,341553202500001,화성시민동물보호센터,010-3969-1034,경기도 화성시 서신면 전곡항로 492  ,장성웅,경기도 화성시,2026-03-16 17:17:08.0,,,,,,,,
441417202600083,20260316,경기도 양평군 옥천면 신복리 527-1,[개] 푸들,417000,개,000128,푸들,검정색,2013(년생),4.8(Kg),경기-양평-2026-00081,20260316,20260326,http://openapi.animal.go.kr/openapi/service/rest/fileDownloadSrvc/files/shelter/2026/02/20260316180360.png,http://openapi.animal.go.kr/openapi/service/rest/fileDownloadSrvc/files/shelter/2026/02/202603161803462.png,보호중,M,N,"노령견으로 보이며 양측 눈 백내장 심함, 전신 피모에 도꼬마리 다수 엉켜 있음",341417201800001,양평군유기동물보호소,031-770-2337,경기도 양평군 양평읍 농업기술센터길 59-1  ,양평군청,경기도 양평군,2026-03-16 18:05:55.0,,,,,,,,
441417202600081,20260316,서종면 서차남3길 34,[개] 믹스견,417000,개,000114,믹스견,흰색,2023(년생),12.3(Kg),경기-양평-2026-00079,20260316,20260326,http://openapi.animal.go.kr/openapi/service/rest/fileDownloadSrvc/files/shelter/2026/02/202603161403743[1].jpg,http://openapi.animal.go.kr/openapi/service/rest/fileDownloadSrvc/files/shelter/2026/02/202603161403777.jpg,보호중,M,N,경계심있고 공격성있어 사나움.,341417201800001,양평군유기동물보호소,031-770-2337,경기도 양평군 양평읍 농업기술센터길 59-1  ,양평군청,경기도 양평군,2026-03-16 18:07:45.0,410160012611882,,,,,,,
441417202600080,20260316,서종면 서차남3길 34,[개] 믹스견,417000,개,000114,믹스견,흰색,2023(년생),15.8(Kg),경기-양평-2026-00078,20260316,20260326,http://openapi.animal.go.kr/openapi/service/rest/fileDownloadSrvc/files/shelter/2026/02/202603161403729[1].jpg,http://openapi.animal.go.kr/openapi/service/rest/fileDownloadSrvc/files/shelter/2026/02/202603161403764.jpg,보호중,M,N,경계심있고 공격성있어 사나움.,341417201800001,양평군유기동물보호소,031-770-2337,경기도 양평군 양평읍 농업기술센터길 59-1  ,양평군청,경기도 양평군,2026-03-16 18:08:34.0,410160012611881,,,,,,,
441417202600079,20260316,서종면 서차남3길 34,[개] 믹스견,417000,개,000114,믹스견,흰색,2023(년생),14(Kg),경기-양평-2026-00077,20260316,20260326,http://openapi.animal.go.kr/openapi/service/rest/fileDownloadSrvc/files/shelter/2026/02/202603161403454.jpg,http://openapi.animal.go.kr/openapi/service/rest/fileDownloadSrvc/files/shelter/2026/02/202603161403509[1].jpg,보호중,M,N,경계있고 공격성있어 사나움.,341417201800001,양평군유기동물보호소,031-770-2337,경기도 양평군 양평읍 농업기술센터길 59-1  ,양평군청,경기도 양평군,2026-03-16 18:08:14.0,410160012610356,,,,,,,
441407202600212,20260316,마장면 관리,[개] 믹스견,417000,개,000114,믹스견,기타(회갈색),2026(60일미만)(년생),1.70(Kg),경기-이천-2026-00130,20260316,20260326,http://openapi.animal.go.kr/openapi/service/rest/fileDownloadSrvc/files/shelter/2026/02/20260316180374.jpg,http://openapi.animal.go.kr/openapi/service/rest/fileDownloadSrvc/files/shelter/2026/02/202603161803123.jpg,보호중,F,N,"사람을 좋아하며, 매우온순함",341407201900001,위더스 동물보호센터,031-882-4381,경기도 여주시 여양2로 42 (천송동) ,이소라,경기도 이천시,2026-03-16 18:01:09.0,,,"종합백신,코로나","파보,홍역,원충",,,,
441407202600211,20260316,마장면 관리,[개] 믹스견,417000,개,000114,믹스견,기타(흑색),2026(60일미만)(년생),1.80(Kg),경기-이천-2026-00129,20260316,20260326,http://openapi.animal.go.kr/openapi/service/rest/fileDownloadSrvc/files/shelter/2026/02/202603161703422[2].jpg,http://openapi.animal.go.kr/openapi/service/rest/fileDownloadSrvc/files/shelter/2026/02/202603161703475.jpg,보호중,M,N,"사람을 좋아하며, 매우온순함",341407201900001,위더스 동물보호센터,031-882-4381,경기도 여주시 여양2로 42 (천송동) ,이소라,경기도 이천시,2026-03-16 18:01:08.0,,,"종합백신,코로나","파보,홍역,원충",,,,
441407202600210,20260316,마장면 관리,[개] 믹스견,417000,개,000114,믹스견,기타(흑색),2026(60일미만)(년생),2.50(Kg),경기-이천-2026-00128,20260316,20260326,http://openapi.animal.go.kr/openapi/service/rest/fileDownloadSrvc/files/shelter/2026/02/202603161703975[4].jpg,http://openapi.animal.go.kr/openapi/service/rest/fileDownloadSrvc/files/shelter/2026/02/20260316170323[1].jpg,보호중,M,N,"사람을 좋아하며, 매우온순함",341407201900001,위더스 동물보호센터,031-882-4381,경기도 여주시 여양2로 42 (천송동) ,이소라,경기도 이천시,2026-03-16 18:01:08.0,,,"종합백신,코로나","파보,홍역,원충",,,,
441407202600209,20260316,마장면 관리,[개] 믹스견,417000,개,000114,믹스견,크림색,2026(60일미만)(년생),2.00(Kg),경기-이천-2026-00127,20260316,20260326,http://openapi.animal.go.kr/openapi/service/rest/fileDownloadSrvc/files/shelter/2026/02/202603161703385[1].jpg,http://openapi.animal.go.kr/openapi/service/rest/fileDownloadSrvc/files/shelter/2026/02/202603161703568.jpg,보호중,M,N,"사람을 좋아하며, 매우온순함",341407201900001,위더스 동물보호센터,031-882-4381,경기도 여주시 여양2로 42 (천송동) ,이소라,경기도 이천시,2026-03-16 18:01:08.0,,,"종합백신,코로나","파보,홍역,원충",,,,
441407202600208,20260316,마장면 관리,[개] 믹스견,417000,개,000114,믹스견,크림색,2026(60일미만)(년생),2.10(Kg),경기-이천-2026-00126,20260316,20260326,http://openapi.animal.go.kr/openapi/service/rest/fileDownloadSrvc/files/shelter/2026/02/202603161703630[1].jpg,http://openapi.animal.go.kr/openapi/service/rest/fileDownloadSrvc/files/shelter/2026/02/202603161703677[1].jpg,보호중,M,N,"사람을 좋아하며, 매우온순함",341407201900001,위더스 동물보호센터,031-882-4381,경기도 여주시 여양2로 42 (천송동) ,이소라,경기도 이천시,2026-03-16 18:01:08.0,,,"종합백신,코로나","파보,홍역,원충",,,,
441407202600207,20260316,중리동 부악로,[개] 믹스견,417000,개,000114,믹스견,옅은 황색,2023(년생),11.00(Kg),경기-이천-2026-00125,20260316,20260326,http://openapi.animal.go.kr/openapi/service/rest/fileDownloadSrvc/files/shelter/2026/02/20260316170375.jpg,http://openapi.animal.go.kr/openapi/service/rest/fileDownloadSrvc/files/shelter/2026/02/202603161703126.jpg,보호중,F,N,온순함,341407201900001,위더스 동물보호센터,031-882-4381,경기도 여주시 여양2로 42 (천송동) ,이소라,경기도 이천시,2026-03-16 17:50:28.0,,,종합백신,"파보,홍역,원충",,,,
441407202600206,20260316,중리동 부악로,[개] 믹스견,417000,개,000114,믹스견,크림색,2026(년생),8.50(Kg),경기-이천-2026-00124,20260316,20260326,http://openapi.animal.go.kr/openapi/service/rest/fileDownloadSrvc/files/shelter/2026/02/202603161703682[2].jpg,http://openapi.animal.go.kr/openapi/service/rest/fileDownloadSrvc/files/shelter/2026/02/202603161703952[1].jpg,보호중,F,N,겁이 다소있음,341407201900001,위더스 동물보호센터,031-882-4381,경기도 여주시 여양2로 42 (천송동) ,이소라,경기도 이천시,2026-03-16 17:50:28.0,,,종합백신,"파보,홍역,원충",,,,
441407202600205,20260316,중리동 부악로,[개] 믹스견,417000,개,000114,믹스견,크림색,2026(년생),8.70(Kg),경기-이천-2026-00123,20260316,20260326,http://openapi.animal.go.kr/openapi/service/rest/fileDownloadSrvc/files/shelter/2026/02/202603161703810[2].jpg,http://openapi.animal.go.kr/openapi/service/rest/fileDownloadSrvc/files/shelter/2026/02/202603161703118.jpg,보호중,M,N,겁이 다소있음,341407201900001,위더스 동물보호센터,031-882-4381,경기도 여주시 여양2로 42 (천송동) ,이소라,경기도 이천시,2026-03-16 17:50:27.0,,,종합백신,"파보,홍역,원충",,,,
441407202600204,20260316,중리동 신서희로,[개] 믹스견,417000,개,000114,믹스견,크림색,2026(년생),8.20(Kg),경기-이천-2026-00122,20260316,20260326,http://openapi.animal.go.kr/openapi/service/rest/fileDownloadSrvc/files/shelter/2026/02/202603161703105.jpg,http://openapi.animal.go.kr/openapi/service/rest/fileDownloadSrvc/files/shelter/2026/02/202603161703162.jpg,보호중,M,N,겁이 다소있음,341407201900001,위더스 동물보호센터,031-882-4381,경기도 여주시 여양2로 42 (천송동) ,이소라,경기도 이천시,2026-03-16 17:50:27.0,,,"종합백신,코로나","파보,홍역,원충",,,,
441407202600203,20260316,부발읍 죽당리,[개] 비숑 프리제,417000,개,000018,비숑 프리제,흰색,2024(년생),4.00(Kg),경기-이천-2026-00121,20260316,20260326,http://openapi.animal.go.kr/openapi/service/rest/fileDownloadSrvc/files/shelter/2026/02/202603161703726.jpg,http://openapi.animal.go.kr/openapi/service/rest/fileDownloadSrvc/files/shelter/2026/02/202603161703365[2].jpg,보호중,F,N,"하네스착용, 온순함",341407201900001,위더스 동물보호센터,031-882-4381,경기도 여주시 여양2로 42 (천송동) ,이소라,경기도 이천시,2026-03-16 17:50:27.0,,,종합백신,"파보,홍역,원충",,,,
441407202600202,20260316,신둔면 수남리,[개] 진도견,417000,개,000067,진도견,붉고 엷은 황갈색,2023(년생),21.00(Kg),경기-이천-2026-00120,20260316,20260326,http://openapi.animal.go.kr/openapi/service/rest/fileDownloadSrvc/files/shelter/2026/02/202603161703414.jpg,http://openapi.animal.go.kr/openapi/service/rest/fileDownloadSrvc/files/shelter/2026/02/202603161703465.jpg,보호중,M,N,"검정색 목띠착용, 온순함",341407201900001,위더스 동물보호센터,031-882-4381,경기도 여주시 여양2로 42 (천송동) ,이소라,경기도 이천시,2026-03-16 17:50:27.0,,,종합백신,"파보,홍역,원충",,,,
441407202600201,20260316,마장면 관리,[개] 진도견,417000,개,000067,진도견,흰색,2026(60일미만)(년생),3.00(Kg),경기-이천-2026-00119,20260316,20260326,http://openapi.animal.go.kr/openapi/service/rest/fileDownloadSrvc/files/shelter/2026/02/202603161703400.jpg,http://openapi.animal.go.kr/openapi/service/rest/fileDownloadSrvc/files/shelter/2026/02/202603161703451[3].jpg,보호중,M,N,"사람을 좋아하며, 매우온순함",341407201900001,위더스 동물보호센터,031-882-4381,경기도 여주시 여양2로 42 (천송동) ,이소라,경기도 이천시,2026-03-16 17:31:33.0,,,"종합백신,코로나","파보,홍역,원충",,,,
441407202600200,20260316,마장면 관리,[개] 진도견,417000,개,000067,진도견,흰색,2026(60일미만)(년생),4.70(Kg),경기-이천-2026-00118,20260316,20260326,http://openapi.animal.go.kr/openapi/service/rest/fileDownloadSrvc/files/shelter/2026/02/20260316170395.jpg,http://openapi.animal.go.kr/openapi/service/rest/fileDownloadSrvc/files/shelter/2026/02/202603161703142.jpg,보호중,M,N,"사람을 좋아하며, 매우온순함",341407201900001,위더스 동물보호센터,031-882-4381,경기도 여주시 여양2로 42 (천송동) ,이소라,경기도 이천시,2026-03-16 17:31:33.0,,,"종합백신,코로나","파보,홍역,원충",,,,
441407202600199,20260316,마장면 관리,[개] 진도견,417000,개,000067,진도견,흰색,2026(60일미만)(년생),3.20(Kg),경기-이천-2026-00117,20260316,20260326,http://openapi.animal.go.kr/openapi/service/rest/fileDownloadSrvc/files/shelter/2026/02/202603161703666.jpg,http://openapi.animal.go.kr/openapi/service/rest/fileDownloadSrvc/files/shelter/2026/02/202603161703715[1].jpg,보호중,F,N,"사람을 좋아하며, 매우온순함",341407201900001,위더스 동물보호센터,031-882-4381,경기도 여주시 여양2로 42 (천송동) ,이소라,경기도 이천시,2026-03-16 17:31:32.0,,,"종합백신,코로나","파보,홍역,원충",,,,
441407202600198,20260316,마장면 관리,[개] 진도견,417000,개,000067,진도견,흰색,2026(60일미만)(년생),3.50(Kg),경기-이천-2026-00116,20260316,20260326,http://openapi.animal.go.kr/openapi/service/rest/fileDownloadSrvc/files/shelter/2026/02/202603161703859.jpg,http://openapi.animal.go.kr/openapi/service/rest/fileDownloadSrvc/files/shelter/2026/02/202603161703904.jpg,보호중,M,N,"사람을 좋아하며, 매우온순함",341407201900001,위더스 동물보호센터,031-882-4381,경기도 여주시 여양2로 42 (천송동) ,이소라,경기도 이천시,2026-03-16 17:31:32.0,,,"종합백신,코로나","파보,홍역,원충",,,,
441407202600197,20260316,마장면 관리,[개] 진도견,417000,개,000067,진도견,흰색,2026(60일미만)(년생),3.00(Kg),경기-이천-2026-00115,20260316,20260326,http://openapi.animal.go.kr/openapi/service/rest/fileDownloadSrvc/files/shelter/2026/02/202603161703745.jpg,http://openapi.animal.go.kr/openapi/service/rest/fileDownloadSrvc/files/shelter/2026/02/202603161703789.jpg,보호중,M,N,"사람을 좋아하며, 매우온순함",341407201900001,위더스 동물보호센터,031-882-4381,경기도 여주시 여양2로 42 (천송동) ,이소라,경기도 이천시,2026-03-16 17:31:32.0,,,"종합백신,코로나","파보,홍역,원충",,,,
441407202600196,20260316,마장면 관리,[개] 진도견,417000,개,000067,진도견,흰색,2026(60일미만)(년생),2.20(Kg),경기-이천-2026-00114,20260316,20260326,http://openapi.animal.go.kr/openapi/service/rest/fileDownloadSrvc/files/shelter/2026/02/202603161703386[2].jpg,http://openapi.animal.go.kr/openapi/service/rest/fileDownloadSrvc/files/shelter/2026/02/202603161703435.jpg,보호중,F,N,"사람을 좋아하며, 매우온순함",341407201900001,위더스 동물보호센터,031-882-4381,경기도 여주시 여양2로 42 (천송동) ,이소라,경기도 이천시,2026-03-16 17:31:32.0,,,"종합백신,코로나","파보,홍역,원충",,,,
441407202600195,20260316,마장면 관리,[개] 진도견,417000,개,000067,진도견,흰색,2026(60일미만)(년생),2.40(Kg),경기-이천-2026-00113,20260316,20260326,http://openapi.animal.go.kr/openapi/service/rest/fileDownloadSrvc/files/shelter/2026/02/202603161703508.jpg,http://openapi.animal.go.kr/openapi/service/rest/fileDownloadSrvc/files/shelter/2026/02/202603161703553.jpg,보호중,F,N,"사람을 좋아하며, 매우온순함",341407201900001,위더스 동물보호센터,031-882-4381,경기도 여주시 여양2로 42 (천송동) ,이소라,경기도 이천시,2026-03-16 17:31:32.0,,,"종합백신,코로나","파보,홍역,원충",,,,
441405202600246,20260316,기흥구 서천서로 27 107동,[고양이] 한국 고양이,422400,고양이,000200,한국 고양이,평행·전체·부분줄무늬,2026(년생),0.11(Kg),경기-용인-2026-00051,20260316,20260326,http://openapi.animal.go.kr/openapi/service/rest/fileDownloadSrvc/files/shelter/2026/02/202603161503319[1].jpg,http://openapi.animal.go.kr/openapi/service/rest/fileDownloadSrvc/files/shelter/2026/02/202603161503513.jpg,보호중,M,N,수유묘,341405201800001,용인시 동물보호센터,031-6193-3463,경기도 용인시 처인구 중부대로 1074-1 (삼가동) 용인시 동물보호센터,용인시장,경기도 용인시,2026-03-16 15:53:23.0,,,,,,,,
441405202600245,20260316,처인구 모현읍 초부리 69-15,[개] 믹스견,417000,개,000114,믹스견,흰색,2024(년생),8.8(Kg),경기-용인-2026-00050,20260316,20260326,http://openapi.animal.go.kr/openapi/service/rest/fileDownloadSrvc/files/shelter/2026/02/202603161503163[2].jpg,http://openapi.animal.go.kr/openapi/service/rest/fileDownloadSrvc/files/shelter/2026/02/202603161503337.jpg,보호중,F,U,검은색 징박힌 목줄 착용한채 입소,341405201800001,용인시 동물보호센터,031-6193-3463,경기도 용인시 처인구 중부대로 1074-1 (삼가동) 용인시 동물보호센터,용인시장,경기도 용인시,2026-03-16 15:53:05.0,,,,,,,,
441402202600115,20260316,군포시청에서 인수,[고양이] 한국 고양이,422400,고양이,000200,한국 고양이,기타(흑갈),2026(년생),4(Kg),경기-군포-2026-00022,20260316,20260330,http://openapi.animal.go.kr/openapi/service/rest/fileDownloadSrvc/files/shelter/2026/02/202603161703876.jpg,http://openapi.animal.go.kr/openapi/service/rest/fileDownloadSrvc/files/shelter/2026/02/202603161703386[3].jpg,보호중,M,Y,"털엉킴,기력없음,예후불량",341402202100001,한국야생동물보호협회,031-296-0124,경기도 안산시 상록구 청곡길 50 (부곡동) ,박한웅,경기도 군포시,2026-03-16 17:21:21.0,,,,,,,,
441401202600081,20260316,건영아파트(중심상가로 285)  앞 사거리,[개] 믹스견,417000,개,000114,믹스견,갈색&흰색,2014(년생),6.5(Kg),경기-시흥-2026-00071,20260316,20260326,http://openapi.animal.go.kr/openapi/service/rest/fileDownloadSrvc/files/shelter/2026/02/202603161703971.jpg,http://openapi.animal.go.kr/openapi/service/rest/fileDownloadSrvc/files/shelter/2026/02/202603161703981.jpg,종료(반환),F,U,핑크옷 입은 상태로 발견. 부종교합.,341401202200001,시흥동물누리보호센터,031-310-6945,경기도 시흥시 뒷방울길 218 (정왕동) ,시흥시,경기도 시흥시,2026-03-17 10:14:43.0,,,,,,,,
441401202600080,20260316,시흥정왕동우체국(정왕동 1213),[개] 말티즈,417000,개,000072,말티즈,흰색,2015(년생),2.8(Kg),경기-시흥-2026-00070,20260316,20260326,http://openapi.animal.go.kr/openapi/service/rest/fileDownloadSrvc/files/shelter/2026/02/202603171403374.jpg,http://openapi.animal.go.kr/openapi/service/rest/fileDownloadSrvc/files/shelter/2026/02/202603171403397.jpg,보호중,M,N,신고인 14일 토요일 발견하여 보호 후 월요일 보호소에 신고. 노란색 옷 입음,341401202200001,시흥동물누리보호센터,031-310-6945,경기도 시흥시 뒷방울길 218 (정왕동) ,시흥시,경기도 시흥시,2026-03-17 14:31:53.0,,,,,,,,
441401202600079,20260316,군서마을로 88 (정왕동 1830-9),[개] 믹스견,417000,개,000114,믹스견,흰색,2025(년생),3(Kg),경기-시흥-2026-00069,20260316,20260326,http://openapi.animal.go.kr/openapi/service/rest/fileDownloadSrvc/files/shelter/2026/02/202603161403854.jpg,http://openapi.animal.go.kr/openapi/service/rest/fileDownloadSrvc/files/shelter/2026/02/202603161403897.jpg,종료(반환),F,N,내장칩 있음.  발견 당시 공고사진 강아지 옷 입고 있음,341401202200001,시흥동물누리보호센터,031-310-6945,경기도 시흥시 뒷방울길 218 (정왕동) ,시흥시,경기도 시흥시,2026-03-16 16:23:16.0,410100004153150,-,,,,,,
441399202600093,20260316,호평로 68번길 7 노브랜드,[고양이] 한국 고양이,422400,고양이,000200,한국 고양이,흰색/검은색 얼룩무늬,2025(년생),6.3(Kg),경기-남양주-2026-00093,20260316,20260326,http://openapi.animal.go.kr/openapi/service/rest/fileDownloadSrvc/files/shelter/2026/02/202603161603507.jpg,http://openapi.animal.go.kr/openapi/service/rest/fileDownloadSrvc/files/shelter/2026/02/202603161603542.jpg,종료(반환),F,N,순하고 귀여우며 사람을 좋아함,341399202200002,남양주시동물보호센터,031-590-2785,경기도 남양주시 경강로163번길 32-27 (이패동) ,남양주시장,경기도 남양주시,2026-03-17 13:25:32.0,,,종합백신,파보,,,,
441399202600092,20260316,화도읍 답내리 231,[개] 페키니즈,417000,개,000087,페키니즈,흰색,2017(년생),5(Kg),경기-남양주-2026-00092,20260316,20260326,http://openapi.animal.go.kr/openapi/service/rest/fileDownloadSrvc/files/shelter/2026/02/202603161603974.jpg,http://openapi.animal.go.kr/openapi/service/rest/fileDownloadSrvc/files/shelter/2026/02/202603161603564.jpg,보호중,F,N,순하고 귀여우며 사람을 좋아함,341399202200002,남양주시동물보호센터,031-590-2785,경기도 남양주시 경강로163번길 32-27 (이패동) ,남양주시장,경기도 남양주시,2026-03-16 16:32:47.0,,,"광견병,종합백신,코로나","사상충,파보,코로나,홍역",,,,
441399202600091,20260316,진건119안전센터,[개] 믹스견,417000,개,000114,믹스견,갈색,2023(년생),20(Kg),경기-남양주-2026-00091,20260316,20260326,http://openapi.animal.go.kr/openapi/service/rest/fileDownloadSrvc/files/shelter/2026/02/20260316160334.png,http://openapi.animal.go.kr/openapi/service/rest/fileDownloadSrvc/files/shelter/2026/02/20260316160374.png,보호중,M,N,순하고 귀여우며 사람을 좋아함,341399202200002,남양주시동물보호센터,031-590-2785,경기도 남양주시 경강로163번길 32-27 (이패동) ,남양주시장,경기도 남양주시,2026-03-16 16:31:51.0,,,"광견병,종합백신,코로나","사상충,파보,코로나,홍역",,,,
441394202600285,20260316,장항동 634-90 부근,[개] 믹스견,417000,개,000114,믹스견,옅은 황색,2026(년생),5.6(Kg),경기-고양-2026-00112,20260316,20260326,http://openapi.animal.go.kr/openapi/service/rest/fileDownloadSrvc/files/shelter/2026/02/202603161603306.jpg,http://openapi.animal.go.kr/openapi/service/rest/fileDownloadSrvc/files/shelter/2026/02/202603161603351[1].jpg,보호중,F,N,없음,341394201400001,고양시동물보호센터,031-962-3232,"경기도 고양시 덕양구 고양대로 1695 (원흥동, 고양시 농업기술센터) 고양시동물보호센터",권지선,경기도 고양시,2026-03-17 14:28:12.0,,,,,,,,
441394202600279,20260316,정발산동 701-5 부근,[개] 말티푸,417000,개,000115,기타,황갈색,2024(년생),3.5(Kg),경기-고양-2026-00111,20260316,20260326,http://openapi.animal.go.kr/openapi/service/rest/fileDownloadSrvc/files/shelter/2026/02/202603161503400.jpg,http://openapi.animal.go.kr/openapi/service/rest/fileDownloadSrvc/files/shelter/2026/02/202603161503468.jpg,보호중,M,N,매너벨트 착용,341394201400001,고양시동물보호센터,031-962-3232,"경기도 고양시 덕양구 고양대로 1695 (원흥동, 고양시 농업기술센터) 고양시동물보호센터",권지선,경기도 고양시,2026-03-17 14:28:34.0,,,,,,,,
441393202600204,20260316,충장로24 부근,[개] 푸들,417000,개,000128,푸들,기타(갈),2011(년생),3(Kg),경기-안산-2026-00131,20260316,20260326,http://openapi.animal.go.kr/openapi/service/rest/fileDownloadSrvc/files/shelter/2026/02/202603161603188.jpg,http://openapi.animal.go.kr/openapi/service/rest/fileDownloadSrvc/files/shelter/2026/02/202603161603696.jpg,종료(반환),F,U,초록줄무늬옷,341393200900001,한국야생동물보호협회,031-296-0124,경기도 안산시 상록구 청곡길 50 (부곡동) 안산시 상록구 부곡동 231-5,박한웅,경기도 안산시,2026-03-16 17:27:52.0,,,,,,,,
441393202600202,20260316,노적봉 주차장 부근,[개] 미니어쳐 푸들,417000,개,000078,미니어쳐 푸들,기타(갈),2026(년생),3(Kg),경기-안산-2026-00130,20260316,20260326,http://openapi.animal.go.kr/openapi/service/rest/fileDownloadSrvc/files/shelter/2026/02/20260316160384.jpg,http://openapi.animal.go.kr/openapi/service/rest/fileDownloadSrvc/files/shelter/2026/02/202603161603145[1].jpg,보호중,M,N,"8개월추정,순함",341393200900001,한국야생동물보호협회,031-296-0124,경기도 안산시 상록구 청곡길 50 (부곡동) 안산시 상록구 부곡동 231-5,박한웅,경기도 안산시,2026-03-16 16:57:10.0,,,,,,,,
441393202600201,20260316,반월동사무소 뒷편 부근,[고양이] 한국 고양이,422400,고양이,000200,한국 고양이,기타(백갈흑),2026(년생),3(Kg),경기-안산-2026-00129,20260316,20260326,http://openapi.animal.go.kr/openapi/service/rest/fileDownloadSrvc/files/shelter/2026/02/202603161603577.jpg,http://openapi.animal.go.kr/openapi/service/rest/fileDownloadSrvc/files/shelter/2026/02/202603161603728.jpg,보호중,F,Y,"TNR되어있음, 겁많음,나이미상",341393200900001,한국야생동물보호협회,031-296-0124,경기도 안산시 상록구 청곡길 50 (부곡동) 안산시 상록구 부곡동 231-5,박한웅,경기도 안산시,2026-03-16 16:56:46.0,,,,,,,,
441393202600200,20260316,반월동사무소 뒷편 부근,[개] 믹스견,417000,개,000114,믹스견,기타(흑백),2021(년생),3(Kg),경기-안산-2026-00128,20260316,20260326,http://openapi.animal.go.kr/openapi/service/rest/fileDownloadSrvc/files/shelter/2026/02/202603161603754[1].jpg,http://openapi.animal.go.kr/openapi/service/rest/fileDownloadSrvc/files/shelter/2026/02/202603161603798.jpg,보호중,F,U,"핑크색하네스,검정목줄",341393200900001,한국야생동물보호협회,031-296-0124,경기도 안산시 상록구 청곡길 50 (부곡동) 안산시 상록구 부곡동 231-5,박한웅,경기도 안산시,2026-03-16 16:56:09.0,,,,,,,,
441393202600199,20260316,반월동사무소 뒷편 부근,[개] 스피츠,417000,개,000124,스피츠,기타(백),2018(년생),5(Kg),경기-안산-2026-00127,20260316,20260326,http://openapi.animal.go.kr/openapi/service/rest/fileDownloadSrvc/files/shelter/2026/02/202603161603678.jpg,http://openapi.animal.go.kr/openapi/service/rest/fileDownloadSrvc/files/shelter/2026/02/202603161603767.jpg,보호중,F,U,"파란색하네스,검정목줄",341393200900001,한국야생동물보호협회,031-296-0124,경기도 안산시 상록구 청곡길 50 (부곡동) 안산시 상록구 부곡동 231-5,박한웅,경기도 안산시,2026-03-16 16:56:09.0,,,,,,,,
441391202600203,20260316,현덕면 황산2길 20-14 마당,[개] 믹스견,417000,개,000114,믹스견,갈색&흰색,2023(년생),7(Kg),경기-평택-2026-00177,20260316,20260326,http://openapi.animal.go.kr/openapi/service/rest/fileDownloadSrvc/files/shelter/2026/02/202603161703986.jpg,http://openapi.animal.go.kr/openapi/service/rest/fileDownloadSrvc/files/shelter/2026/02/20260316170342[1].jpg,보호중,F,U,"집 마당에 들어옴, 순하고 귀엽다.",341391202500001,평택시동물보호센터,031-8024-8080,경기도 평택시 청북읍 청북로 497  ,평택시장,경기도 평택시,2026-03-16 17:32:23.0,,,,,,,,
441391202600202,20260316,울성길 178-3,[개] 믹스견,417000,개,000114,믹스견,레몬색&흰색,2026(60일미만)(년생),0.5(Kg),경기-평택-2026-00176,20260316,20260326,http://openapi.animal.go.kr/openapi/service/rest/fileDownloadSrvc/files/shelter/2026/02/202603161703848.jpg,http://openapi.animal.go.kr/openapi/service/rest/fileDownloadSrvc/files/shelter/2026/02/202603161703902.jpg,보호중,F,N,"추첨제 확정 입양문의 多, 공고기간 중 문의 X 공고 마지막날 추첨제 유선접수",341391202500001,평택시동물보호센터,031-8024-8080,경기도 평택시 청북읍 청북로 497  ,평택시장,경기도 평택시,2026-03-17 09:16:30.0,,,종합백신,,,,,
441391202600201,20260316,평택시 동물보호센터,[개] 치와와,417000,개,000032,치와와,갈색&흰색,2017(년생),4.4(Kg),경기-평택-2026-00175,20260316,20260326,http://openapi.animal.go.kr/openapi/service/rest/fileDownloadSrvc/files/shelter/2026/02/202603161703658.jpg,http://openapi.animal.go.kr/openapi/service/rest/fileDownloadSrvc/files/shelter/2026/02/202603161703763.jpg,보호중,M,Y,"사육포기인수제로 입소, 특발성 입질 있음.",341391202500001,평택시동물보호센터,031-8024-8080,경기도 평택시 청북읍 청북로 497  ,평택시장,경기도 평택시,2026-03-16 17:32:23.0,,,,,,,,
441391202600200,20260316,경기도 평택시 장당동482-1,[고양이] 터키시 앙고라,422400,고양이,000195,터키시 앙고라,흰색,2024(년생),4.5(Kg),경기-평택-2026-00174,20260316,20260326,http://openapi.animal.go.kr/openapi/service/rest/fileDownloadSrvc/files/shelter/2026/02/202603161303688.jpg,http://openapi.animal.go.kr/openapi/service/rest/fileDownloadSrvc/files/shelter/2026/02/202603161303726.jpg,보호중,F,U,"오드아이, 유기추정 고양이, 귀여움",341391202500001,평택시동물보호센터,031-8024-8080,경기도 평택시 청북읍 청북로 497  ,평택시장,경기도 평택시,2026-03-16 13:30:57.0,,,,,,,,
441391202600199,20260316,평택제천선 고속도로 내 램프구간,[개] 믹스견,417000,개,000114,믹스견,노란색,2025(년생),9(Kg),경기-평택-2026-00173,20260316,20260326,http://openapi.animal.go.kr/openapi/service/rest/fileDownloadSrvc/files/shelter/2026/02/202603161303834.jpg,http://openapi.animal.go.kr/openapi/service/rest/fileDownloadSrvc/files/shelter/2026/02/202603161303874.jpg,보호중,M,U,5개월령 추정. 고속도로 내 발견.파랑/빨강 목줄 착용.,341391202500001,평택시동물보호센터,031-8024-8080,경기도 평택시 청북읍 청북로 497  ,평택시장,경기도 평택시,2026-03-16 13:30:57.0,,,,,,,,
441391202600198,20260316,청북읍 삼계4길 78-8,[개] 믹스견,417000,개,000114,믹스견,레몬색&흰색,2026(60일미만)(년생),0.2(Kg),경기-평택-2026-00172,20260316,20260326,http://openapi.animal.go.kr/openapi/service/rest/fileDownloadSrvc/files/shelter/2026/02/202603161303898.jpg,http://openapi.animal.go.kr/openapi/service/rest/fileDownloadSrvc/files/shelter/2026/02/202603161303952.jpg,보호중,F,N,"1-2주령 추정, 현재 수유중. 어미 동시입소",341391202500001,평택시동물보호센터,031-8024-8080,경기도 평택시 청북읍 청북로 497  ,평택시장,경기도 평택시,2026-03-16 13:30:57.0,,,,,,,,
441391202600197,20260316,청북읍 삼계4길 78-8,[개] 믹스견,417000,개,000114,믹스견,레몬색&흰색,2026(60일미만)(년생),0.2(Kg),경기-평택-2026-00171,20260316,20260326,http://openapi.animal.go.kr/openapi/service/rest/fileDownloadSrvc/files/shelter/2026/02/202603161303411.jpg,http://openapi.animal.go.kr/openapi/service/rest/fileDownloadSrvc/files/shelter/2026/02/202603161303463.jpg,보호중,F,N,"1-2주령 추정, 현재 수유중. 어미 동시입소",341391202500001,평택시동물보호센터,031-8024-8080,경기도 평택시 청북읍 청북로 497  ,평택시장,경기도 평택시,2026-03-16 13:30:56.0,,,,,,,,
441391202600196,20260316,청북읍 삼계4길 78-8,[개] 믹스견,417000,개,000114,믹스견,레몬색&흰색,2026(60일미만)(년생),0.2(Kg),경기-평택-2026-00170,20260316,20260326,http://openapi.animal.go.kr/openapi/service/rest/fileDownloadSrvc/files/shelter/2026/02/202603161303342[1].jpg,http://openapi.animal.go.kr/openapi/service/rest/fileDownloadSrvc/files/shelter/2026/02/202603161303393.jpg,보호중,F,N,"1-2주령 추정, 현재 수유중. 어미 동시입소",341391202500001,평택시동물보호센터,031-8024-8080,경기도 평택시 청북읍 청북로 497  ,평택시장,경기도 평택시,2026-03-16 13:30:56.0,,,,,,,,
441391202600195,20260316,청북읍 삼계4길 78-8,[개] 믹스견,417000,개,000114,믹스견,레몬색&흰색,2026(60일미만)(년생),0.23(Kg),경기-평택-2026-00169,20260316,20260326,http://openapi.animal.go.kr/openapi/service/rest/fileDownloadSrvc/files/shelter/2026/02/202603161303261.jpg,http://openapi.animal.go.kr/openapi/service/rest/fileDownloadSrvc/files/shelter/2026/02/202603161303313.jpg,보호중,F,N,"1-2주령 추정, 현재 수유중. 어미 동시입소",341391202500001,평택시동물보호센터,031-8024-8080,경기도 평택시 청북읍 청북로 497  ,평택시장,경기도 평택시,2026-03-16 13:30:56.0,,,,,,,,
441391202600194,20260316,청북읍 삼계4길 78-8,[개] 믹스견,417000,개,000114,믹스견,레몬색&흰색,2026(60일미만)(년생),0.22(Kg),경기-평택-2026-00168,20260316,20260326,http://openapi.animal.go.kr/openapi/service/rest/fileDownloadSrvc/files/shelter/2026/02/202603161303639.jpg,http://openapi.animal.go.kr/openapi/service/rest/fileDownloadSrvc/files/shelter/2026/02/202603161303704.jpg,보호중,F,N,"태어난지 1-2주 추정, 어미랑 동시 입소, 현재 수유중",341391202500001,평택시동물보호센터,031-8024-8081,경기도 평택시 청북읍 청북로 497  ,평택시장,경기도 평택시,2026-03-16 13:30:56.0,,,,,,,,
441391202600193,20260316,청북읍 삼계4길 78-8,[개] 믹스견,417000,개,000114,믹스견,레몬색&흰색,2023(년생),16(Kg),경기-평택-2026-00167,20260316,20260326,http://openapi.animal.go.kr/openapi/service/rest/fileDownloadSrvc/files/shelter/2026/02/202603161303290.jpg,http://openapi.animal.go.kr/openapi/service/rest/fileDownloadSrvc/files/shelter/2026/02/202603161303342.jpg,보호중,F,N,모견1자견6 동시입소. 현재 수유중,341391202500001,평택시동물보호센터,031-8024-8080,경기도 평택시 청북읍 청북로 497  ,평택시장,경기도 평택시,2026-03-16 13:30:56.0,,,,,,,,
441386202600087,20260316,신흥로 398,[개] 믹스견,417000,개,000114,믹스견,흰색,2016(년생),18(Kg),경기-부천-2026-00087,20260316,20260326,http://openapi.animal.go.kr/openapi/service/rest/fileDownloadSrvc/files/shelter/2026/02/202603161403939.jpg,http://openapi.animal.go.kr/openapi/service/rest/fileDownloadSrvc/files/shelter/2026/02/202603161403973[1].jpg,보호중,F,U,(입소당시)체리아이. 콧등까짐. 기력없음,341386201500001,부천시수의사회,032-323-4999,"경기도 부천시 원미구 중동로 244 (중동, 상록센트럴타워) 109호 110호 정샘동물병원(중동)",최기현,경기도 부천시,2026-03-16 14:36:43.0,,,,,,,,
441386202600086,20260316,도당동 7-4,[고양이] 한국 고양이,422400,고양이,000200,한국 고양이,검은색흰색황토색조합,2018(년생),3.3(Kg),경기-부천-2026-00086,20260316,20260326,http://openapi.animal.go.kr/openapi/service/rest/fileDownloadSrvc/files/shelter/2026/02/202603161203577[1].jpg,http://openapi.animal.go.kr/openapi/service/rest/fileDownloadSrvc/files/shelter/2026/02/202603161203635.jpg,보호중,M,N,(입소당시) 탈수. 심한구내염. 경계심. 기력없음,341386201800004,정샘동물병원,032-323-4999,"경기도 부천시 원미구 중동로 244 (중동, 상록센트럴타워) 109,110호",정종수,경기도 부천시,2026-03-16 12:46:56.0,,,,"파보,원충",,,,
441378202600119,20260316,성남동 2136번지,[개] 믹스견,417000,개,000114,믹스견,갈색,2026(년생),5.9(Kg),경기-성남-2026-00075,20260316,20260326,http://openapi.animal.go.kr/openapi/service/rest/fileDownloadSrvc/files/shelter/2026/02/202603161103849[1].jpg,http://openapi.animal.go.kr/openapi/service/rest/fileDownloadSrvc/files/shelter/2026/02/202603161103877.jpg,보호중,F,U,피부병,341378201300002,펫앤쉘터동물병원,031-714-8392,"경기도 성남시 분당구 불정로 266 (수내동, 유신제일조합) ",한준근,경기도 성남시,2026-03-17 14:30:15.0,,,,,,,,
441378202600118,20260316,성남동 1542,[기타축종] 앵무비둘기,429900,기타,000117,기타축종,기타(백색),2025(년생),0.4(Kg),경기-성남-2026-00074,20260316,20260326,http://openapi.animal.go.kr/openapi/service/rest/fileDownloadSrvc/files/shelter/2026/02/202603161103531[1].jpg,http://openapi.animal.go.kr/openapi/service/rest/fileDownloadSrvc/files/shelter/2026/02/202603161103564[1].jpg,보호중,Q,U,살모넬라 pcr 검사,341378201300002,펫앤쉘터동물병원,031-714-8392,"경기도 성남시 분당구 불정로 266 (수내동, 유신제일조합) ",한준근,경기도 성남시,2026-03-16 11:38:57.0,,,,,,,,
441374202600177,20260316,영통구 매탄로51번길 14-12(매탄동),[고양이] 믹스묘,422400,고양이,000212,믹스묘,기타(흑회백색),2022(년생),6.70(Kg),경기-수원-2026-00086,20260316,20260326,http://openapi.animal.go.kr/openapi/service/rest/fileDownloadSrvc/files/shelter/2026/02/202603161403314.jpg,http://openapi.animal.go.kr/openapi/service/rest/fileDownloadSrvc/files/shelter/2026/02/202603161403333[1].jpg,보호중,M,Y,입양보류,341374202000001,수원시 동물보호센터,031-5191-3557,"경기도 수원시 영통구 광교호수로 234 (하동, 수원시 동물보호센터) 하동 40-10",수원시장,경기도 수원시,2026-03-16 14:38:13.0,,,,,,,,
441374202600174,20260316,팔달구 인계동 1128-1,[고양이] 한국 고양이,422400,고양이,000200,한국 고양이,기타(흑갈백색),2025(년생),2.90(Kg),경기-수원-2026-00085,20260316,20260326,http://openapi.animal.go.kr/openapi/service/rest/fileDownloadSrvc/files/shelter/2026/02/202603161103467[1].jpg,http://openapi.animal.go.kr/openapi/service/rest/fileDownloadSrvc/files/shelter/2026/02/202603161103486.jpg,보호중,F,U,내장형무선식별장치 있음,341374202000001,수원시 동물보호센터,031-5191-3557,"경기도 수원시 영통구 광교호수로 234 (하동, 수원시 동물보호센터) 하동 40-10",수원시장,경기도 수원시,2026-03-16 13:08:30.0,410160013054942,-,,,,,,
429363202600062,20260316,광산구 오운동,[개] 하운드 믹스견,417000,개,000115,기타,크림색,2024(년생),14.2(Kg),광주-광산-2026-00061,20260316,20260326,http://openapi.animal.go.kr/openapi/service/rest/fileDownloadSrvc/files/shelter/2026/02/202603161603519[2].jpg,http://openapi.animal.go.kr/openapi/service/rest/fileDownloadSrvc/files/shelter/2026/02/202603161603578.jpg,보호중,F,U,"26-0130 하드, 목줄착용",329363201300001,광주동물보호센터,062-613-6770,광주광역시 북구 본촌마을길 25-1 (본촌동) 광주동물보호센터,광주광역시장,광주광역시 광산구,2026-03-16 16:45:58.0,,,,,,,,
429363202600061,20260316,광산구 신창동,[개] 믹스견,417000,개,000114,믹스견,흰색,2025(년생),2.2(Kg),광주-광산-2026-00060,20260316,20260326,http://openapi.animal.go.kr/openapi/service/rest/fileDownloadSrvc/files/shelter/2026/02/202603161503106.jpg,http://openapi.animal.go.kr/openapi/service/rest/fileDownloadSrvc/files/shelter/2026/02/202603161503125.jpg,보호중,F,N,"26-0129 만세, 생후3개월추정",329363201300001,광주동물보호센터,062-613-6770,광주광역시 북구 본촌마을길 25-1 (본촌동) 광주동물보호센터,광주광역시장,광주광역시 광산구,2026-03-16 15:21:17.0,,,,,,,,
429363202600060,20260316,광산구 신창동,[개] 믹스견,417000,개,000114,믹스견,흰색,2025(년생),4.6(Kg),광주-광산-2026-00059,20260316,20260326,http://openapi.animal.go.kr/openapi/service/rest/fileDownloadSrvc/files/shelter/2026/02/202603161503413.jpg,http://openapi.animal.go.kr/openapi/service/rest/fileDownloadSrvc/files/shelter/2026/02/202603161503433.jpg,보호중,M,N,"26-0128 민국, 생후3개월추정",329363201300001,광주동물보호센터,062-613-6770,광주광역시 북구 본촌마을길 25-1 (본촌동) 광주동물보호센터,광주광역시장,광주광역시 광산구,2026-03-16 15:21:17.0,,,,,,,,
429363202600059,20260316,광산구 신창동,[개] 믹스견,417000,개,000114,믹스견,흰색,2025(년생),4.6(Kg),광주-광산-2026-00058,20260316,20260326,http://openapi.animal.go.kr/openapi/service/rest/fileDownloadSrvc/files/shelter/2026/02/202603161503938.jpg,http://openapi.animal.go.kr/openapi/service/rest/fileDownloadSrvc/files/shelter/2026/02/202603161503957.jpg,보호중,M,N,"26-0127 대한, 생후3개월추정",329363201300001,광주동물보호센터,062-613-6770,광주광역시 북구 본촌마을길 25-1 (본촌동) 광주동물보호센터,광주광역시장,광주광역시 광산구,2026-03-16 15:21:17.0,,,,,,,,
429362202600043,20260316,북구 일곡동,[개] 믹스견,417000,개,000114,믹스견,검정&황갈색,2025(년생),8.3(Kg),광주-북구-2026-00043,20260316,20260326,http://openapi.animal.go.kr/openapi/service/rest/fileDownloadSrvc/files/shelter/2026/02/202603161303577[2].jpg,http://openapi.animal.go.kr/openapi/service/rest/fileDownloadSrvc/files/shelter/2026/02/202603161303601.jpg,보호중,F,U,"26-0126 자몽, 좌측후지 절뚝거림",329362201300001,광주동물보호센터,062-613-6770,광주광역시 북구 본촌마을길 25-1 (본촌동) 광주동물보호센터,광주광역시장,광주광역시 북구,2026-03-16 13:54:09.0,,,,,,,,
428357202600163,20260316,용정리 산81-1 6.25참전용사기념공원 부근,[개] 믹스견,417000,개,000114,믹스견,검정&황갈색,2025(년생),3.84(Kg),인천-강화-2026-00105,20260316,20260326,http://openapi.animal.go.kr/openapi/service/rest/fileDownloadSrvc/files/shelter/2026/02/20260316180303.jpg,http://openapi.animal.go.kr/openapi/service/rest/fileDownloadSrvc/files/shelter/2026/02/202603161803118[1].jpg,보호중,M,N,"생후 80일령 추정,  분홍색 하네스 착용",328357200900001,베스트동물병원,032-934-9340,"인천광역시 강화군 강화읍 강화대로 217 (강화읍, 린나이보일러) ",이규식,인천광역시 강화군,2026-03-16 18:26:35.0,,,"광견병,종합백신,코로나,호흡기,인플루엔자","파보,코로나",,,,
428357202600159,20260316,충렬사로59-4 부근,[개] 믹스견,417000,개,000114,믹스견,검정&흰색,2023(년생),7.95(Kg),인천-강화-2026-00101,20260316,20260326,http://openapi.animal.go.kr/openapi/service/rest/fileDownloadSrvc/files/shelter/2026/02/202603161503122.jpg,http://openapi.animal.go.kr/openapi/service/rest/fileDownloadSrvc/files/shelter/2026/02/202603161503167.jpg,보호중,M,N,온순함,328357200900001,베스트동물병원,032-934-9340,"인천광역시 강화군 강화읍 강화대로 217 (강화읍, 린나이보일러) ",이규식,인천광역시 강화군,2026-03-16 15:37:54.0,,,,사상충,,,,
427343202600143,20260316,내당동467-2,[개] 믹스견,417000,개,000114,믹스견,갈색&검정&흰색,2023(년생),7(Kg),대구-서구-2026-00064,20260316,20260326,http://openapi.animal.go.kr/openapi/service/rest/fileDownloadSrvc/files/shelter/2026/02/202603160903875.jpg,http://openapi.animal.go.kr/openapi/service/rest/fileDownloadSrvc/files/shelter/2026/02/202603160903906.jpg,보호중,M,Y,약간은 예민한편,327343201500001,대구시수의사회(삼성),053-556-8575,대구광역시 서구 서대구로 24 (내당동) ,서긍교,대구광역시 서구,2026-03-16 09:10:14.0,,,,,,,,
430367202600148,20260316,금고동 대전시 동물 보호센터,[개] 믹스견,417000,개,000114,믹스견,노란색,2026(60일미만)(년생),2(Kg),대전-유성-2026-00036,20260315,20260315,http://openapi.animal.go.kr/openapi/service/rest/fileDownloadSrvc/files/shelter/2026/02/202603161703757.png,http://openapi.animal.go.kr/openapi/service/rest/fileDownloadSrvc/files/shelter/2026/02/202603161703781.png,보호중,F,N,공고등록 제외 개체,330367200900001,대전동물보호센터,042-270-7239,대전광역시 유성구 금남구즉로 1234 (금고동) 대전광역시 동물보호센터,대전광역시,대전광역시 유성구,2026-03-16 17:14:40.0,,,,,,,,
447509202600092,20260316,영주시 동물보호센터,[개] 믹스견,417000,개,000114,믹스견,황갈색,2025(년생),8(Kg),경북-영주-2026-00091,20260315,20260315,http://openapi.animal.go.kr/openapi/service/rest/fileDownloadSrvc/files/shelter/2026/02/202603161703306.jpg,http://openapi.animal.go.kr/openapi/service/rest/fileDownloadSrvc/files/shelter/2026/02/202603161703746.jpg,보호중,F,N,"순함, 사람 잘 따름",347509200900001,영주시 동물보호센터,054-631-3997,경상북도 영주시 장수면 반구로 143 [*미고시] 영주시동물보호센터,영주시 농업기술센터,경상북도 영주시,2026-03-16 17:09:29.0,,,,,,,,
447509202600091,20260316,영주시 동물보호센터,[개] 믹스견,417000,개,000114,믹스견,흰색,2025(년생),8(Kg),경북-영주-2026-00090,20260315,20260315,http://openapi.animal.go.kr/openapi/service/rest/fileDownloadSrvc/files/shelter/2026/02/202603161703330.jpg,http://openapi.animal.go.kr/openapi/service/rest/fileDownloadSrvc/files/shelter/2026/02/202603161703292.jpg,보호중,F,N,"순함, 사람 잘 따름",347509200900001,영주시 동물보호센터,054-631-3997,경상북도 영주시 장수면 반구로 143 [*미고시] 영주시동물보호센터,영주시 농업기술센터,경상북도 영주시,2026-03-16 17:08:04.0,,,,,,,,
447509202600090,20260316,영주시 동물보호센터,[개] 믹스견,417000,개,000114,믹스견,검정 황갈색&흰색,2023(년생),15(Kg),경북-영주-2026-00089,20260315,20260315,http://openapi.animal.go.kr/openapi/service/rest/fileDownloadSrvc/files/shelter/2026/02/202603161703725.jpg,http://openapi.animal.go.kr/openapi/service/rest/fileDownloadSrvc/files/shelter/2026/02/202603161703288.jpg,보호중,F,N,사람 경계함,347509200900001,영주시 동물보호센터,054-631-3997,경상북도 영주시 장수면 반구로 143 [*미고시] 영주시동물보호센터,영주시 농업기술센터,경상북도 영주시,2026-03-16 17:06:34.0,,,,,,,,
447509202600089,20260316,영주시 동물보호센터,[개] 믹스견,417000,개,000114,믹스견,검정&흰색,2025(년생),8(Kg),경북-영주-2026-00088,20260315,20260315,http://openapi.animal.go.kr/openapi/service/rest/fileDownloadSrvc/files/shelter/2026/02/202603161703451.jpg,http://openapi.animal.go.kr/openapi/service/rest/fileDownloadSrvc/files/shelter/2026/02/202603161703506.jpg,보호중,M,N,"순함, 사람 잘 따름",347509200900001,영주시 동물보호센터,054-631-3997,경상북도 영주시 장수면 반구로 143 [*미고시] 영주시동물보호센터,영주시 농업기술센터,경상북도 영주시,2026-03-16 17:04:38.0,,,,,,,,
447509202600088,20260316,영주시 동물보호센터,[개] 믹스견,417000,개,000114,믹스견,흰색,2025(년생),6(Kg),경북-영주-2026-00087,20260315,20260315,http://openapi.animal.go.kr/openapi/service/rest/fileDownloadSrvc/files/shelter/2026/02/202603161703656[1].jpg,http://openapi.animal.go.kr/openapi/service/rest/fileDownloadSrvc/files/shelter/2026/02/202603161703706.jpg,보호중,F,N,"순함, 사람 잘 따름",347509200900001,영주시 동물보호센터,054-631-3997,경상북도 영주시 장수면 반구로 143 [*미고시] 영주시동물보호센터,영주시 농업기술센터,경상북도 영주시,2026-03-16 17:03:30.0,,,,,,,,
447509202600087,20260316,영주시 동물보호센터,[개] 믹스견,417000,개,000114,믹스견,흰색,2025(년생),7(Kg),경북-영주-2026-00086,20260315,20260315,http://openapi.animal.go.kr/openapi/service/rest/fileDownloadSrvc/files/shelter/2026/02/202603161703258.jpg,http://openapi.animal.go.kr/openapi/service/rest/fileDownloadSrvc/files/shelter/2026/02/202603161703301.jpg,보호중,F,N,"순함, 경계심 있음",347509200900001,영주시 동물보호센터,054-631-3997,경상북도 영주시 장수면 반구로 143 [*미고시] 영주시동물보호센터,영주시 농업기술센터,경상북도 영주시,2026-03-16 17:02:18.0,,,,,,,,
447509202600086,20260316,영주시 동물보호센터,[개] 믹스견,417000,개,000114,믹스견,검정&흰색,2025(년생),15(Kg),경북-영주-2026-00085,20260315,20260315,http://openapi.animal.go.kr/openapi/service/rest/fileDownloadSrvc/files/shelter/2026/02/202603161703915.jpg,http://openapi.animal.go.kr/openapi/service/rest/fileDownloadSrvc/files/shelter/2026/02/202603161703956.jpg,보호중,F,N,"순함, 경계심 있음",347509200900001,영주시 동물보호센터,054-631-3997,경상북도 영주시 장수면 반구로 143 [*미고시] 영주시동물보호센터,영주시 농업기술센터,경상북도 영주시,2026-03-16 17:00:48.0,,,,,,,,
429363202600063,20260316,광산구 도산동,[고양이] 한국 고양이,422400,고양이,000200,한국 고양이,검정색,2024(년생),3.3(Kg),광주-광산-2026-00062,20260315,20260315,http://openapi.animal.go.kr/openapi/service/rest/fileDownloadSrvc/files/shelter/2026/02/202603161603937[1].jpg,http://openapi.animal.go.kr/openapi/service/rest/fileDownloadSrvc/files/shelter/2026/02/202603161603956[1].jpg,보호중,M,N,26-6010 ,329363201300001,광주동물보호센터,062-613-6770,광주광역시 북구 본촌마을길 25-1 (본촌동) 광주동물보호센터,광주광역시장,광주광역시 광산구,2026-03-16 16:49:54.0,,,,,,,,
441417202600082,20260316,경기도 양평군 옥천면 마유산로 357-2 ,[개] 믹스견,417000,개,000114,믹스견,갈색&검정&흰색,2026(년생),1.8(Kg),경기-양평-2026-00080,20260315,20260315,http://openapi.animal.go.kr/openapi/service/rest/fileDownloadSrvc/files/shelter/2026/02/202603161603858.png,http://openapi.animal.go.kr/openapi/service/rest/fileDownloadSrvc/files/shelter/2026/02/202603161603891.png,보호중,M,N,"옅은  황갈색에 귀와 입은 검은 털, 소심하지만 사람손을 피하지는 않음.",341417201800001,양평군유기동물보호소,031-770-2337,경기도 양평군 양평읍 농업기술센터길 59-1  ,양평군청,경기도 양평군,2026-03-16 16:40:57.0,,,,,,,,
442433202600121,20260316,서흥리,[개] 믹스견,417000,개,000114,믹스견,옅은 황색,2026(60일미만)(년생),"1,1(Kg)",강원-인제-2026-00120,20260315,20260315,http://openapi.animal.go.kr/openapi/service/rest/fileDownloadSrvc/files/shelter/2026/02/202603161203905.jpg,http://openapi.animal.go.kr/openapi/service/rest/fileDownloadSrvc/files/shelter/2026/02/202603161203231[1].jpg,보호중,M,N,유기견이 나은 강아지,342433201300001,인제군동물보호센터,033-460-2473,강원특별자치도 인제군 인제읍 덕산로 256-41  ,유통축산과장,강원특별자치도 인제군,2026-03-16 12:32:07.0,,,,,,,,
442433202600120,20260316,서흥리,[개] 믹스견,417000,개,000114,믹스견,갈색&검정,2026(60일미만)(년생),"0,95(Kg)",강원-인제-2026-00119,20260315,20260315,http://openapi.animal.go.kr/openapi/service/rest/fileDownloadSrvc/files/shelter/2026/02/202603161203250.jpg,http://openapi.animal.go.kr/openapi/service/rest/fileDownloadSrvc/files/shelter/2026/02/202603161203555[1].jpg,보호중,F,N,유기견이 나은 강아지,342433201300001,인제군동물보호센터,033-460-2473,강원특별자치도 인제군 인제읍 덕산로 256-41  ,유통축산과장,강원특별자치도 인제군,2026-03-16 12:26:51.0,,,,,,,,
443557202600019,20260315,증평읍연탄리48,[개] 믹스견,417000,개,000114,믹스견,흰색,2022(년생),15(Kg),충북-증평-2026-00019,20260317,20260327,http://openapi.animal.go.kr/openapi/service/rest/fileDownloadSrvc/files/shelter/2026/02/20260317080307.jpg,http://openapi.animal.go.kr/openapi/service/rest/fileDownloadSrvc/files/shelter/2026/02/202603170803252.jpg,보호중,F,U,육안검사는 건강해보이나 마른체형이며 사나운 성질을 보임,343557202300001,가정견훈련소,010-3169-1151,충청북도 증평군 도안면 입장길 239  ,정해승,충청북도 증평군,2026-03-17 09:16:37.0,,,,,,,,
430364202600119,20260315,용전동 8-17 주변,[개] 진도견,417000,개,000067,진도견,흰색,2016(년생),18(Kg),대전-동구-2026-00032,20260317,20260327,http://openapi.animal.go.kr/openapi/service/rest/fileDownloadSrvc/files/shelter/2026/02/202603170903138.png,http://openapi.animal.go.kr/openapi/service/rest/fileDownloadSrvc/files/shelter/2026/02/202603170903578.png,보호중,M,U,주인반환,330364202000001,대전동물보호센터,042-270-7239,대전광역시 유성구 금남구즉로 1234 (금고동) 대전광역시 동물보호센터,대전광역시,대전광역시 동구,2026-03-17 13:22:38.0,410160010296168,-,,,,,,
430364202600118,20260315,동부로 73번길 121 주변,[개] 푸들,417000,개,000128,푸들,흰색,2021(년생),5(Kg),대전-동구-2026-00031,20260317,20260327,http://openapi.animal.go.kr/openapi/service/rest/fileDownloadSrvc/files/shelter/2026/02/202603170903316.png,http://openapi.animal.go.kr/openapi/service/rest/fileDownloadSrvc/files/shelter/2026/02/202603170903592.png,보호중,F,U,옷 착용,330364202000001,대전동물보호센터,042-270-7239,대전광역시 유성구 금남구즉로 1234 (금고동) 대전광역시 동물보호센터,대전광역시,대전광역시 동구,2026-03-17 13:22:38.0,,,,,,,,
426334202600052,20260315,하단오거리 인근,[개] 포메라니안,417000,개,000089,포메라니안,흰색,2023(년생),3(Kg),부산-사하-2026-00023,20260317,20260327,http://openapi.animal.go.kr/openapi/service/rest/fileDownloadSrvc/files/shelter/2026/02/202603161803819.jpg,http://openapi.animal.go.kr/openapi/service/rest/fileDownloadSrvc/files/shelter/2026/02/202603161803834.jpg,종료(반환),M,N,"온순하고사람을잘따름,미용흔적이있음,샴푸향이남",326334202600001,부산동물보호센터,051-832-7119,부산광역시 강서구 맥도강변길 752-15 (대저2동) ,김영진,부산광역시 사하구,2026-03-17 10:48:49.0,,,,,,,,
445468202600336,20260315,익산시 모현동1가 351,[개] 믹스견,417000,개,000114,믹스견,갈색&흰색,2025(년생),9(Kg),전북-익산-2026-00271,20260316,20260326,http://openapi.animal.go.kr/openapi/service/rest/fileDownloadSrvc/files/shelter/2026/02/202603161003712.jpg,http://openapi.animal.go.kr/openapi/service/rest/fileDownloadSrvc/files/shelter/2026/02/202603161003734.jpg,보호중,M,N,검정색방울목태를 하고 있으며 사람을 잘 따름,345468201200001,익산유기동물보호소,063-855-1214,전북특별자치도 익산시 삼기면 황금로 342-17  ,임종현,전북특별자치도 익산시,2026-03-16 12:55:55.0,,,,,,,,
445468202600335,20260315,익산시 오산면 무왕로2길 336,[개] 믹스견,417000,개,000114,믹스견,갈색&흰색,2018(년생),8(Kg),전북-익산-2026-00270,20260316,20260326,http://openapi.animal.go.kr/openapi/service/rest/fileDownloadSrvc/files/shelter/2026/02/202603160903934.jpg,http://openapi.animal.go.kr/openapi/service/rest/fileDownloadSrvc/files/shelter/2026/02/202603160903954.jpg,보호중,M,N,믹스견이며 빨강색 패딩옷을입고있음,345468201200001,익산유기동물보호소,063-855-1214,전북특별자치도 익산시 삼기면 황금로 342-17  ,임종현,전북특별자치도 익산시,2026-03-16 10:03:11.0,,,,,,,,
445467202600299,20260315,금동119 안전센터,[개] 믹스견,417000,개,000114,믹스견,흰색,2022(년생),19(Kg),전북-군산-2026-00128,20260316,20260331,http://openapi.animal.go.kr/openapi/service/rest/fileDownloadSrvc/files/shelter/2026/02/202603160803641.jpg,http://openapi.animal.go.kr/openapi/service/rest/fileDownloadSrvc/files/shelter/2026/02/202603160803721.jpg,보호중,M,N,4살추정 순함 칩x,345467201000001,군산유기동물보호센터,063-451-2975,전북특별자치도 군산시 대야면 보덕안정길 124  ,이강노,전북특별자치도 군산시,2026-03-16 08:54:26.0,,,,,,,,
444454202600343,20260315,은진면,[개] 믹스견,417000,개,000114,믹스견,갈색&흰색,2026(60일미만)(년생),0.67(Kg),충남-논산-2026-00200,20260316,20260326,http://openapi.animal.go.kr/openapi/service/rest/fileDownloadSrvc/files/shelter/2026/02/202603161503692.jpg,http://openapi.animal.go.kr/openapi/service/rest/fileDownloadSrvc/files/shelter/2026/02/202603161503702[1].jpg,보호중,F,N,모견1자견4구조,344454202000006,논산시 동물보호센터,041-746-8470,충청남도 논산시 계백로665번길 100 (등화동) 논산시 동물보호센터,논산시장,충청남도 논산시,2026-03-16 15:17:05.0,,,,,,,,
444454202600342,20260315,은진면,[개] 믹스견,417000,개,000114,믹스견,갈색&흰색,2026(60일미만)(년생),0.49(Kg),충남-논산-2026-00199,20260316,20260326,http://openapi.animal.go.kr/openapi/service/rest/fileDownloadSrvc/files/shelter/2026/02/20260316150377[2].jpg,http://openapi.animal.go.kr/openapi/service/rest/fileDownloadSrvc/files/shelter/2026/02/20260316150388.jpg,보호중,F,N,모견1자견4구조,344454202000006,논산시 동물보호센터,041-746-8470,충청남도 논산시 계백로665번길 100 (등화동) 논산시 동물보호센터,논산시장,충청남도 논산시,2026-03-16 15:16:58.0,,,,,,,,
444454202600341,20260315,은진면,[개] 믹스견,417000,개,000114,믹스견,갈색&검정&흰색,2026(60일미만)(년생),0.56(Kg),충남-논산-2026-00198,20260316,20260326,http://openapi.animal.go.kr/openapi/service/rest/fileDownloadSrvc/files/shelter/2026/02/202603161503534.jpg,http://openapi.animal.go.kr/openapi/service/rest/fileDownloadSrvc/files/shelter/2026/02/202603161503544.jpg,보호중,F,N,모견1자견4구조,344454202000006,논산시 동물보호센터,041-746-8470,충청남도 논산시 계백로665번길 100 (등화동) 논산시 동물보호센터,논산시장,충청남도 논산시,2026-03-16 15:16:49.0,,,,,,,,
444454202600340,20260315,은진면,[개] 믹스견,417000,개,000114,믹스견,갈색&검정&흰색,2026(60일미만)(년생),0.78(Kg),충남-논산-2026-00197,20260316,20260326,http://openapi.animal.go.kr/openapi/service/rest/fileDownloadSrvc/files/shelter/2026/02/202603161503495.jpg,http://openapi.animal.go.kr/openapi/service/rest/fileDownloadSrvc/files/shelter/2026/02/202603161503527.jpg,보호중,M,N,모견1자견4구조,344454202000006,논산시 동물보호센터,041-746-8470,충청남도 논산시 계백로665번길 100 (등화동) 논산시 동물보호센터,논산시장,충청남도 논산시,2026-03-16 15:16:41.0,,,,"파보,코로나,홍역,원충",,,,
444454202600339,20260315,은진면,[개] 믹스견,417000,개,000114,믹스견,갈색&흰색,2023(년생),4(Kg),충남-논산-2026-00196,20260316,20260326,http://openapi.animal.go.kr/openapi/service/rest/fileDownloadSrvc/files/shelter/2026/02/20260316150394.jpg,http://openapi.animal.go.kr/openapi/service/rest/fileDownloadSrvc/files/shelter/2026/02/202603161503104.jpg,보호중,F,N,"모견1자견4구조,모견",344454202000006,논산시 동물보호센터,041-746-8470,충청남도 논산시 계백로665번길 100 (등화동) 논산시 동물보호센터,논산시장,충청남도 논산시,2026-03-16 15:16:33.0,,,"종합백신,코로나","사상충,파보,코로나,홍역,원충",,,,
443448202600005,20260315,매포 평동4로에서 들골교 인근 배회,[개] 믹스견,417000,개,000114,믹스견,검정&황갈색,2025(년생),8(Kg),충북-단양-2026-00005,20260316,20260326,http://openapi.animal.go.kr/openapi/service/rest/fileDownloadSrvc/files/shelter/2026/02/202603161603498.jpg,http://openapi.animal.go.kr/openapi/service/rest/fileDownloadSrvc/files/shelter/2026/02/202603161603570.jpg,종료(반환),M,N,붉은 목끈에 가늘은 철체인 리드줄을 차고 돌아다님. 순하고 사람을 잘따름.,343448200900001,단양군동물보호센터,043-421-2742,충청북도 단양군 매포읍 단양산업단지1로 201  828번지,농업축산과장,충청북도 단양군,2026-03-16 16:11:27.0,,,,,,,,
442430202600024,20260315,갈말읍 문혜리 1389-14,[개] 믹스견,417000,개,000114,믹스견,흰색&갈색&탄,2016(년생),4(Kg),강원-철원-2026-00024,20260316,20260326,http://openapi.animal.go.kr/openapi/service/rest/fileDownloadSrvc/files/shelter/2026/02/202603161603841.jpg,http://openapi.animal.go.kr/openapi/service/rest/fileDownloadSrvc/files/shelter/2026/02/202603161603269.jpg,보호중,F,U,사람을 경계하며 입질함,342430201900001,철원군,033-450-5394,강원도 철원군 동송읍 장흥로 311  ,김미경,강원특별자치도 철원군,2026-03-16 16:36:39.0,,,,,,,,
442423202600061,20260315,노학동 옥돌순두부,[개] 보더 콜리,417000,개,000020,보더 콜리,검정&흰색,2025(년생),18(Kg),강원-속초-2026-00027,20260316,20260326,http://openapi.animal.go.kr/openapi/service/rest/fileDownloadSrvc/files/shelter/2026/02/20260316090338.jpg,http://openapi.animal.go.kr/openapi/service/rest/fileDownloadSrvc/files/shelter/2026/02/202603160903113.jpg,종료(반환),M,N,주황색 목줄 착용,342423201200001,속초시유기동물보호소,033-636-2519,강원도 속초시 하도문길 103 (대포동) ,농업기술센터소장,강원특별자치도 속초시,2026-03-16 16:12:04.0,,,,,,,,
442423202600060,20260315,노학동 예공간 앞,[개] 믹스견,417000,개,000114,믹스견,흰색,2022(년생),11.5(Kg),강원-속초-2026-00026,20260316,20260326,http://openapi.animal.go.kr/openapi/service/rest/fileDownloadSrvc/files/shelter/2026/02/202603160903340.jpg,http://openapi.animal.go.kr/openapi/service/rest/fileDownloadSrvc/files/shelter/2026/02/202603160903420.jpg,보호중,F,N,파란색 목줄 착용,342423201200001,속초시유기동물보호소,033-636-2519,강원도 속초시 하도문길 103 (대포동) ,농업기술센터소장,강원특별자치도 속초시,2026-03-16 09:39:57.0,,,,,,,,
441560202600136,20260315,"경기 포천시 송선로 295 (선단동, 새한빌라) 인근 도로변",[개] 믹스견,417000,개,000114,믹스견,갈색&흰색,2016(년생),4.2(Kg),경기-포천-2026-00139,20260316,20260326,http://openapi.animal.go.kr/openapi/service/rest/fileDownloadSrvc/files/shelter/2026/02/202603161303697[1].jpg,http://openapi.animal.go.kr/openapi/service/rest/fileDownloadSrvc/files/shelter/2026/02/202603161303711.jpg,보호중,M,Y,온순.얌전.사람좋아함.교통사고.양눈백내장.치석심함.이빠짐.좌전지발목상처및부종. 꼬리 단미.,341560201000002,한국동물구조관리협회,031-867-9119,경기도 양주시 남면 감악산로 63-37  ,김철훈,경기도 포천시,2026-03-16 13:23:24.0,,,,,,,,
441560202600135,20260315,"경기 포천시 소흘읍 태봉로 144 (송우리, 소흘지구대)",[개] 믹스견,417000,개,000114,믹스견,검정&흰색,2023(년생),9.5(Kg),경기-포천-2026-00138,20260316,20260326,http://openapi.animal.go.kr/openapi/service/rest/fileDownloadSrvc/files/shelter/2026/02/202603161303896.jpg,http://openapi.animal.go.kr/openapi/service/rest/fileDownloadSrvc/files/shelter/2026/02/202603161303907[1].jpg,보호중,M,N,주황색 바탕 가운데 빨간줄 목줄. 온순. 얌전. 사람 잘 따름. 겁 있음. 꼬리 단미 안됨. 털 상태 양호. ,341560201000002,한국동물구조관리협회,031-867-9119,경기도 양주시 남면 감악산로 63-37  ,김철훈,경기도 포천시,2026-03-16 13:23:23.0,,,,,,,,
441553202600520,20260315,경기동로 인근,[고양이] 한국 고양이,422400,고양이,000200,한국 고양이,검정색,2022(년생),4(Kg),경기-화성-2026-00448,20260316,20260325,http://openapi.animal.go.kr/openapi/service/rest/fileDownloadSrvc/files/shelter/2026/02/202603161403947.jpg,http://openapi.animal.go.kr/openapi/service/rest/fileDownloadSrvc/files/shelter/2026/02/202603161403916.jpg,보호중,M,U,사람 손 타서 순하고 사람 좋아하는 귀여운 검정냥이/밥 잘먹음/한쪽 귀가 접혀있음,341553202500001,화성시민동물보호센터,010-3969-1034,경기도 화성시 서신면 전곡항로 492  ,장성웅,경기도 화성시,2026-03-16 15:53:01.0,,,,,,,,
441414202600075,20260315,경기 연천군 군남면 황지리 일대,[개] 믹스견,417000,개,000114,믹스견,흰색,2023(년생),17.3(Kg),경기-연천-2026-00066,20260316,20260326,http://openapi.animal.go.kr/openapi/service/rest/fileDownloadSrvc/files/shelter/2026/02/202603161303743.jpg,http://openapi.animal.go.kr/openapi/service/rest/fileDownloadSrvc/files/shelter/2026/02/202603161303758.jpg,보호중,M,N,온순. 얌전. 겁 있음. 빨간 바탕 가운데 노란 줄 목줄. 쇠사슬 리드줄. 꼬리 단미 안됨. 털 때탐. ,341414201300001,한국동물구조관리협회,031-867-9119,경기도 양주시 남면 감악산로 63-37 ,김철훈,경기도 연천군,2026-03-16 13:24:33.0,,,,,,,,
441414202600074,20260315,경기 연천군 군남면 황지리 일대,[개] 믹스견,417000,개,000114,믹스견,갈색&흰색,2023(년생),16(Kg),경기-연천-2026-00065,20260316,20260326,http://openapi.animal.go.kr/openapi/service/rest/fileDownloadSrvc/files/shelter/2026/02/202603161303967.jpg,http://openapi.animal.go.kr/openapi/service/rest/fileDownloadSrvc/files/shelter/2026/02/202603161303980.jpg,보호중,M,N,우 전지 팔꿈치 상처. 온순. 얌전. 겁 많음. 꼬리 단미 안됨. 털 상태 양호.,341414201300001,한국동물구조관리협회,031-867-9119,경기도 양주시 남면 감악산로 63-37 ,김철훈,경기도 연천군,2026-03-16 13:24:33.0,,,,,,,,
441394202600255,20260315,풍동 660-48 부근,[고양이] 한국 고양이,422400,고양이,000200,한국 고양이,검정색,2026(60일미만)(년생),1(Kg),경기-고양-2026-00110,20260316,20260326,http://openapi.animal.go.kr/openapi/service/rest/fileDownloadSrvc/files/shelter/2026/02/202603151203845.jpg,http://openapi.animal.go.kr/openapi/service/rest/fileDownloadSrvc/files/shelter/2026/02/202603151203893.jpg,보호중,Q,N,부상묘,341394201400001,고양시동물보호센터,031-962-3232,"경기도 고양시 덕양구 고양대로 1695 (원흥동, 고양시 농업기술센터) 고양시동물보호센터",권지선,경기도 고양시,2026-03-16 10:09:35.0,,,,,,,,
441374202600173,20260315,영통구 동수원로 506(매탄동),[개] 비숑 프리제,417000,개,000018,비숑 프리제,흰색,2019(년생),6.50(Kg),경기-수원-2026-00084,20260316,20260326,http://openapi.animal.go.kr/openapi/service/rest/fileDownloadSrvc/files/shelter/2026/02/202603160903882.jpg,http://openapi.animal.go.kr/openapi/service/rest/fileDownloadSrvc/files/shelter/2026/02/202603160903898.jpg,종료(반환),F,U,하네스 옷 착용,341374202000001,수원시 동물보호센터,031-5191-3557,"경기도 수원시 영통구 광교호수로 234 (하동, 수원시 동물보호센터) 하동 40-10",수원시장,경기도 수원시,2026-03-16 15:56:55.0,,,,,,,,
441374202600172,20260315,팔달구 경수대로 460(인계동),[개] 비숑 프리제,417000,개,000018,비숑 프리제,흰색,2021(년생),10.50(Kg),경기-수원-2026-00083,20260316,20260326,http://openapi.animal.go.kr/openapi/service/rest/fileDownloadSrvc/files/shelter/2026/02/202603160903304.jpg,http://openapi.animal.go.kr/openapi/service/rest/fileDownloadSrvc/files/shelter/2026/02/202603160903855.jpg,보호중,M,Y,"입양보류, 전지착색",341374202000001,수원시 동물보호센터,031-5191-3557,"경기도 수원시 영통구 광교호수로 234 (하동, 수원시 동물보호센터) 하동 40-10",수원시장,경기도 수원시,2026-03-16 09:46:05.0,,,,,,,,
441374202600171,20260315,권선구 세류동 283-1,[고양이] 페르시안,422400,고양이,00214,페르시안,기타(흰색),2021(년생),4.20(Kg),경기-수원-2026-00082,20260316,20260326,http://openapi.animal.go.kr/openapi/service/rest/fileDownloadSrvc/files/shelter/2026/02/202603160903733.jpg,http://openapi.animal.go.kr/openapi/service/rest/fileDownloadSrvc/files/shelter/2026/02/202603160903752.jpg,보호중,F,U,털뭉침,341374202000001,수원시 동물보호센터,031-5191-3557,"경기도 수원시 영통구 광교호수로 234 (하동, 수원시 동물보호센터) 하동 40-10",수원시장,경기도 수원시,2026-03-16 09:45:12.0,,,,,,,,
430366202600109,20260315,용문동 무지개 아파트 앞 사거리,[개] 믹스견,417000,개,000114,믹스견,황갈색,2026(60일미만)(년생),2(Kg),대전-서구-2026-00076,20260316,20260326,http://openapi.animal.go.kr/openapi/service/rest/fileDownloadSrvc/files/shelter/2026/02/20260316090398.png,http://openapi.animal.go.kr/openapi/service/rest/fileDownloadSrvc/files/shelter/2026/02/202603160903695.png,보호중,M,U,두부에 상처가 있는 상태로 발견됨,330366202000001,대전동물보호센터,042-270-7239,대전광역시 유성구 금남구즉로 1234 (금고동) 대전광역시 동물보호센터,대전광역시,대전광역시 서구,2026-03-16 09:24:47.0,,,,,,,,
430365202600045,20260315,돌다리로 62 주변,[개] 믹스견,417000,개,000114,믹스견,흰색,2026(60일미만)(년생),25(Kg),대전-중구-2026-00023,20260316,20260326,http://openapi.animal.go.kr/openapi/service/rest/fileDownloadSrvc/files/shelter/2026/02/202603160903823.png,http://openapi.animal.go.kr/openapi/service/rest/fileDownloadSrvc/files/shelter/2026/02/202603160903853.png,보호중,M,U,특이사항 없음,330365202000001,대전동물보호센터,042-270-7239,대전광역시 유성구 금남구즉로 1234 (금고동) 대전광역시 동물보호센터,대전광역시,대전광역시 중구,2026-03-16 09:12:30.0,,,,,,,,
428357202600162,20260315,동검길 159-31 (동검리),[개] 믹스견,417000,개,000114,믹스견,검정&황갈색,2026(60일미만)(년생),3.04(Kg),인천-강화-2026-00104,20260316,20260326,http://openapi.animal.go.kr/openapi/service/rest/fileDownloadSrvc/files/shelter/2026/02/202603171203463.png,http://openapi.animal.go.kr/openapi/service/rest/fileDownloadSrvc/files/shelter/2026/02/202603161703480.jpg,보호중,F,N,블랙탄. 온순함. 2개월령 추정.,328357202400001,강화군 동물보호센터,010-2679-3786,인천광역시 강화군 강화읍 강화대로 254-1  ,정건호,인천광역시 강화군,2026-03-17 12:16:41.0,,,,,,,,
428357202600161,20260315,길정리 306,[개] 믹스견,417000,개,000114,믹스견,갈색&검정,2026(년생),4(Kg),인천-강화-2026-00103,20260316,20260326,http://openapi.animal.go.kr/openapi/service/rest/fileDownloadSrvc/files/shelter/2026/02/202603161703477.jpg,http://openapi.animal.go.kr/openapi/service/rest/fileDownloadSrvc/files/shelter/2026/02/202603161703571.jpg,보호중,F,N,장모갈색. 2.5개월령 추정. 들개 성향. 경계심. 행동교정 필요.,328357202400001,강화군 동물보호센터,010-2797-3786,인천광역시 강화군 강화읍 강화대로 254-1  ,정건호,인천광역시 강화군,2026-03-16 17:16:18.0,,,,,,,,
428357202600160,20260315,길정리 306,[개] 믹스견,417000,개,000114,믹스견,갈색&검정,2026(년생),4(Kg),인천-강화-2026-00102,20260316,20260326,http://openapi.animal.go.kr/openapi/service/rest/fileDownloadSrvc/files/shelter/2026/02/202603161703591.jpg,http://openapi.animal.go.kr/openapi/service/rest/fileDownloadSrvc/files/shelter/2026/02/202603161703713.jpg,보호중,F,N,단모갈색. 2.5개월령 추정. 들개 성향. 경계심. 행동교정 필요.,328357202400001,강화군 동물보호센터,010-2679-3786,인천광역시 강화군 강화읍 강화대로 254-1  ,정건호,인천광역시 강화군,2026-03-16 17:16:38.0,,,,,,,,
428356202600078,20260315,새오개로 110,[고양이] 한국 고양이,422400,고양이,000200,한국 고양이,흰색/검은색 얼룩무늬,2025(년생),3.5(Kg),인천-서구-2026-00080,20260316,20260326,http://openapi.animal.go.kr/openapi/service/rest/fileDownloadSrvc/files/shelter/2026/02/202603151503844.jpg,http://openapi.animal.go.kr/openapi/service/rest/fileDownloadSrvc/files/shelter/2026/02/202603151503886.jpg,종료(자연사),Q,U,"교통사고로 인한 척추골절, 응급조치 완료, 예민하지만 작고 여리고 예쁨",328356201000001,가정동물병원,032-575-0833,인천광역시 서구 가정로 346 (가정동) ,양해용,인천광역시 서구,2026-03-17 11:31:07.0,,,,,,,,
428356202600077,20260315,서달로 130번길 27,[개] 믹스견,417000,개,000114,믹스견,갈색&흰색,2024(년생),10.4(Kg),인천-서구-2026-00079,20260316,20260326,http://openapi.animal.go.kr/openapi/service/rest/fileDownloadSrvc/files/shelter/2026/02/202603151503728.jpg,http://openapi.animal.go.kr/openapi/service/rest/fileDownloadSrvc/files/shelter/2026/02/202603151503751.jpg,종료(반환),F,U,"꽃무늬목줄 착용, 사람 잘 따름, 웃는모습이 매력적, 좋은냄새남",328356201000001,가정동물병원,032-575-0833,인천광역시 서구 가정로 346 (가정동) ,양해용,인천광역시 서구,2026-03-16 12:38:16.0,,,,,,,,
428356202600076,20260315,서달로 20번길 12-6,[개] 믹스견,417000,개,000114,믹스견,크림색,2025(년생),10.2(Kg),인천-서구-2026-00078,20260316,20260326,http://openapi.animal.go.kr/openapi/service/rest/fileDownloadSrvc/files/shelter/2026/02/202603151503231.jpg,http://openapi.animal.go.kr/openapi/service/rest/fileDownloadSrvc/files/shelter/2026/02/202603151503282.jpg,보호중,M,N,"겁 많은 귀염둥이, 천천히 다가가야함, 눈이 똘망똘망 사랑스러움",328356201000001,가정동물병원,032-575-0833,인천광역시 서구 가정로 346 (가정동) ,양해용,인천광역시 서구,2026-03-16 12:38:55.0,,,,"파보,코로나,원충",,,,
428356202600075,20260315,가정로 346,[개] 믹스견,417000,개,000114,믹스견,갈색&흰색,2026(60일미만)(년생),0.32(Kg),인천-서구-2026-00077,20260316,20260326,http://openapi.animal.go.kr/openapi/service/rest/fileDownloadSrvc/files/shelter/2026/02/202603151503419.jpg,http://openapi.animal.go.kr/openapi/service/rest/fileDownloadSrvc/files/shelter/2026/02/202603151503464.jpg,보호중,F,N,"043번의 자견, 태어난지 이틀, 가장 크고 우람, 통통하고 귀여움, 얼굴 양쪽 갈색 무늬가 찐함 ",328356201000001,가정동물병원,032-575-0833,인천광역시 서구 가정로 346 (가정동) ,양해용,인천광역시 서구,2026-03-16 12:38:15.0,,,,,,,,
428356202600074,20260315,가정로 346,[개] 믹스견,417000,개,000114,믹스견,갈색&흰색,2026(60일미만)(년생),0.16(Kg),인천-서구-2026-00076,20260316,20260326,http://openapi.animal.go.kr/openapi/service/rest/fileDownloadSrvc/files/shelter/2026/02/20260315150314.jpg,http://openapi.animal.go.kr/openapi/service/rest/fileDownloadSrvc/files/shelter/2026/02/20260315150387.jpg,보호중,M,N,"043번의 자견, 가장 약함, 기력저하, 사랑스럽고 예쁨",328356201000001,가정동물병원,032-575-0833,인천광역시 서구 가정로 346 (가정동) ,양해용,인천광역시 서구,2026-03-16 12:38:15.0,,,,,,,,
428356202600073,20260315,가정로346,[개] 믹스견,417000,개,000114,믹스견,갈색&흰색,2026(60일미만)(년생),0.22(Kg),인천-서구-2026-00075,20260316,20260326,http://openapi.animal.go.kr/openapi/service/rest/fileDownloadSrvc/files/shelter/2026/02/202603151503395.jpg,http://openapi.animal.go.kr/openapi/service/rest/fileDownloadSrvc/files/shelter/2026/02/202603151503417.jpg,보호중,F,N,"043번의 자견, 태어난지 이틀, 유독 핑크한 머즐이 치명적임, 자유로운영혼같음, 너무예쁨",328356201000001,가정동물병원,032-575-0833,인천광역시 서구 가정로 346 (가정동) ,양해용,인천광역시 서구,2026-03-16 12:38:15.0,,,,,,,,
428354202600125,20260315,부흥북로 102,[개] 푸들,417000,개,000128,푸들,흰색,2025(년생),1.92(Kg),인천-부평-2026-00073,20260316,20260326,http://openapi.animal.go.kr/openapi/service/rest/fileDownloadSrvc/files/shelter/2026/02/202603161103576.jpg,http://openapi.animal.go.kr/openapi/service/rest/fileDownloadSrvc/files/shelter/2026/02/202603161103592.jpg,보호중,M,N,5개월령으로 추정. 순하고 사람을 잘 따름,328354202000001,조재진동물병원,032-518-3800,인천광역시 부평구 원적로 419 (산곡동) ,이유경,인천광역시 부평구,2026-03-16 16:15:37.0,,,,,,,,
428354202600124,20260315,부흥북로 89,[개] 믹스견,417000,개,000114,믹스견,갈색&검정,2014(년생),3.70(Kg),인천-부평-2026-00072,20260316,20260326,http://openapi.animal.go.kr/openapi/service/rest/fileDownloadSrvc/files/shelter/2026/02/202603161103477.jpg,http://openapi.animal.go.kr/openapi/service/rest/fileDownloadSrvc/files/shelter/2026/02/202603161103501.jpg,종료(반환),F,N,순하고 사람을 잘따름,328354202000001,조재진동물병원,032-518-3800,인천광역시 부평구 원적로 419 (산곡동) ,이유경,인천광역시 부평구,2026-03-16 16:15:36.0,410097800198057,-,,,,,,
428351202600075,20260315,소성로 337 인천 문학동 우체국 앞 ,[고양이] 한국 고양이,422400,고양이,000200,한국 고양이,흰색/검은색 얼룩무늬,2025(년생),3.80(Kg),인천-미추홀-2026-00056,20260316,20260326,http://openapi.animal.go.kr/openapi/service/rest/fileDownloadSrvc/files/shelter/2026/02/202603151103888.jpg,http://openapi.animal.go.kr/openapi/service/rest/fileDownloadSrvc/files/shelter/2026/02/202603151103901.jpg,보호중,F,N,"교통사고로 인해 내출혈, 의식불명",328351200900001,경동동물병원,032-765-9988,인천광역시 중구 개항로 68 (경동) ,이광태,인천광역시 미추홀구,2026-03-16 10:19:18.0,,,,,,,,
426340202600041,20260315,용소웰빙공원 안,[개] 믹스견,417000,개,000114,믹스견,갈색,2021(년생),11(Kg),부산-기장-2026-00044,20260316,20260326,http://openapi.animal.go.kr/openapi/service/rest/fileDownloadSrvc/files/shelter/2026/02/20260316160353.jpg,http://openapi.animal.go.kr/openapi/service/rest/fileDownloadSrvc/files/shelter/2026/02/20260316160377.jpg,보호중,M,N,"검정 목줄+빨간 리드줄 착용, 순함, 갈색",326340201100001,사단법인 동부,051-701-7599,부산광역시 해운대구 송정2로13번길 46 (송정동) ,장영철,부산광역시 기장군,2026-03-16 16:00:54.0,,,,,,,,
426329202600047,20260315,부산진구 당감동 대웅사 약국 부근,[개] 믹스견,417000,개,000114,믹스견,갈색&흰색,2023(년생),7(Kg),부산-부산진-2026-00030,20260316,20260326,http://openapi.animal.go.kr/openapi/service/rest/fileDownloadSrvc/files/shelter/2026/02/202603160903236.png,http://openapi.animal.go.kr/openapi/service/rest/fileDownloadSrvc/files/shelter/2026/02/202603160903385.png,종료(반환),F,N,따로없음,326329202600001,동물보호관리협회,051-971-6208,부산광역시 강서구 가락대로1283번길 25-2 (봉림동) ,변재갑,부산광역시 부산진구,2026-03-17 06:44:55.0,410100008350449,-,,,,,,
426329202600046,20260315, 부산진구 개금 본동로 성동 부근,[고양이] 한국 고양이,422400,고양이,000200,한국 고양이,검은색흰색황토색조합,2025(년생),2(Kg),부산-부산진-2026-00029,20260316,20260326,http://openapi.animal.go.kr/openapi/service/rest/fileDownloadSrvc/files/shelter/2026/02/202603160903771.png,http://openapi.animal.go.kr/openapi/service/rest/fileDownloadSrvc/files/shelter/2026/02/202603160903557.png,종료(자연사),F,N,사고의심 기립불능,326329202600001,동물보호관리협회,051-971-6208,부산광역시 강서구 가락대로1283번길 25-2 (봉림동) ,변재갑,부산광역시 부산진구,2026-03-17 07:01:30.0,,,,,기립불능,,,
411307202600028,20260315,"서울 성북구 보문로 지하 116 (보문동1가, 보문역) 인근",[기타축종] 거북이,429900,기타,000117,기타축종,기타(노/검),2026(년생),1.38(Kg),서울-성북-2026-00015,20260316,20260326,http://openapi.animal.go.kr/openapi/service/rest/fileDownloadSrvc/files/shelter/2026/02/202603161303830.jpg,http://openapi.animal.go.kr/openapi/service/rest/fileDownloadSrvc/files/shelter/2026/02/202603161303841.jpg,보호중,Q,U,성별 및 연령 추정 어려움. 외상 없음. 활발.,311307200900001,한국동물구조관리협회,031-867-9119,경기도 양주시 남면 감악산로 63-37 (남면) ,김철훈,서울특별시 성북구,2026-03-16 13:26:59.0,,,,,,,,
448567202600239,20260315,의창구 북면 무동리 51-11,[개] 믹스견,417000,개,000114,믹스견,갈색,2023(년생),23(Kg),경남-창원1-2026-00145,20260315,20260325,http://openapi.animal.go.kr/openapi/service/rest/fileDownloadSrvc/files/shelter/2026/02/202603151103250.jpg,http://openapi.animal.go.kr/openapi/service/rest/fileDownloadSrvc/files/shelter/2026/02/202603151103296.jpg,보호중,F,N,"들개포획단 포획, 사진은 적응 후 교체 예정, 빨간 목줄 착용, 천천히 쓰담쓰담은 가능함",348527200900001,창원동물보호센터,055-225-5701,경상남도 창원시 성산구 공단로474번길 117 (상복동) 창원동물보호센터,창원시장,경상남도 창원시 의창성산구,2026-03-16 10:49:42.0,,,,,,,,
448567202600238,20260315,의창구 북 무동리 51-11,[개] 믹스견,417000,개,000114,믹스견,갈색,2023(년생),23(Kg),경남-창원1-2026-00144,20260315,20260325,http://openapi.animal.go.kr/openapi/service/rest/fileDownloadSrvc/files/shelter/2026/02/202603151103304.jpg,http://openapi.animal.go.kr/openapi/service/rest/fileDownloadSrvc/files/shelter/2026/02/202603151103351.jpg,보호중,M,N,"들개포획단 포획, 사진은 적응 후 교체 예정, 아직은 손질을 많이 거부함",348527200900001,창원동물보호센터,055-225-5701,경상남도 창원시 성산구 공단로474번길 117 (상복동) 창원동물보호센터,창원시장,경상남도 창원시 의창성산구,2026-03-15 11:33:01.0,,,,,,,,
448567202600237,20260315,3.15 해양공원 제1주차장,[개] 믹스견,417000,개,000114,믹스견,갈색,2022(년생),5(Kg),경남-창원1-2026-00143,20260315,20260325,http://openapi.animal.go.kr/openapi/service/rest/fileDownloadSrvc/files/shelter/2026/02/202603151103425.jpg,http://openapi.animal.go.kr/openapi/service/rest/fileDownloadSrvc/files/shelter/2026/02/202603151103463.jpg,종료(반환),F,N,"전체미용에 오렌지색 볼터치, 키티 옷 착용, 기본교육 되어 있으며 애교도 많음",348527200900001,창원동물보호센터,055-225-5701,경상남도 창원시 성산구 공단로474번길 117 (상복동) 창원동물보호센터,창원시장,경상남도 창원시 의창성산구,2026-03-15 13:06:44.0,,,,,,,,
448548202600245,20260315,봉산면,[개] 믹스견,417000,개,000114,믹스견,갈색,2021(년생),16(Kg),경남-합천-2026-00120,20260315,20260325,http://openapi.animal.go.kr/openapi/service/rest/fileDownloadSrvc/files/shelter/2026/02/202603152003793.jpg,http://openapi.animal.go.kr/openapi/service/rest/fileDownloadSrvc/files/shelter/2026/02/202603152003857.jpg,보호중,M,N,산속 마을 배회 ,348548201700001,태민동물보호센터,010-2868-2108,"경상남도 합천군 합천읍 옥산로 16 (합천읍, 까치빌라) 태민동물병원",성태민,경상남도 합천군,2026-03-15 20:53:55.0,,,,,,,,
448541202600161,20260315,장마면 도동길,[개] 믹스견,417000,개,000114,믹스견,회색,2026(년생),2(Kg),경남-창녕-2026-00099,20260315,20260325,http://openapi.animal.go.kr/openapi/service/rest/fileDownloadSrvc/files/shelter/2026/02/202603152303647.jpg,http://openapi.animal.go.kr/openapi/service/rest/fileDownloadSrvc/files/shelter/2026/02/202603152303921.jpg,보호중,F,N,어린 개체,348541201300001,창녕 유기동물보호소,010-5488-5003,경상남도 창녕군 고암면 창밀로 335-26 (고암면) 고암면 억만리 28,황재균,경상남도 창녕군,2026-03-16 10:52:13.0,,,,,,,,
448537202600186,20260315,상동쪽 계룡산에서 배회,[개] 믹스견,417000,개,000114,믹스견,노란색,2023(년생),11(Kg),경남-거제-2026-00117,20260315,20260325,http://openapi.animal.go.kr/openapi/service/rest/fileDownloadSrvc/files/shelter/2026/02/202603151503203.jpg,http://openapi.animal.go.kr/openapi/service/rest/fileDownloadSrvc/files/shelter/2026/02/202603151503252.jpg,보호중,F,U,목에 쇠목줄 차고 있음. 순함. 칩없음,348537200900002,거제시동물보호센터,055-639-6368,경상남도 거제시 사등면 두동로1길 107  거제시동물보호센터,거제시청,경상남도 거제시,2026-03-15 15:24:21.0,,,,,,,,
448537202600185,20260315,동부면 농협마트앞 배회,[개] 스피츠,417000,개,000124,스피츠,흰색,2021(년생),10(Kg),경남-거제-2026-00116,20260315,20260325,http://openapi.animal.go.kr/openapi/service/rest/fileDownloadSrvc/files/shelter/2026/02/202603151503168.jpg,http://openapi.animal.go.kr/openapi/service/rest/fileDownloadSrvc/files/shelter/2026/02/202603151503214.jpg,종료(반환),M,N,순함. 칩있음,348537200900002,거제시동물보호센터,055-639-6368,경상남도 거제시 사등면 두동로1길 107  거제시동물보호센터,거제시청,경상남도 거제시,2026-03-15 16:12:37.0,410160010430266,-,,,,,,
448536202600150,20260315,삼랑진읍,[개] 믹스견,417000,개,000114,믹스견,흰색&검은반점,2024(년생),10(Kg),경남-밀양-2026-00150,20260315,20260325,http://openapi.animal.go.kr/openapi/service/rest/fileDownloadSrvc/files/shelter/2026/02/202603151103983.jpg,http://openapi.animal.go.kr/openapi/service/rest/fileDownloadSrvc/files/shelter/2026/02/20260315110374.jpg,보호중,M,N,겁이 많은 순딩이,348536201800001,밀양시 동물보호센터,070-4113-7288,경상남도 밀양시 삼랑진읍 천태로 472 (삼랑진읍) ,밀양시청,경상남도 밀양시,2026-03-15 11:50:35.0,,,,,,,,
448536202600149,20260315,산내면,[개] 믹스견,417000,개,000114,믹스견,갈색&흰색,2026(년생),4(Kg),경남-밀양-2026-00149,20260315,20260325,http://openapi.animal.go.kr/openapi/service/rest/fileDownloadSrvc/files/shelter/2026/02/202603151103752.jpg,http://openapi.animal.go.kr/openapi/service/rest/fileDownloadSrvc/files/shelter/2026/02/202603151103795[1].jpg,보호중,F,N,애교쟁이 아가,348536201800001,밀양시 동물보호센터,070-4113-7288,경상남도 밀양시 삼랑진읍 천태로 472 (삼랑진읍) ,밀양시청,경상남도 밀양시,2026-03-15 11:48:54.0,,,,,,,,
448536202600148,20260315,산내면,[개] 믹스견,417000,개,000114,믹스견,호반색(호랑이무늬),2024(년생),13(Kg),경남-밀양-2026-00148,20260315,20260325,http://openapi.animal.go.kr/openapi/service/rest/fileDownloadSrvc/files/shelter/2026/02/202603151103451.jpg,http://openapi.animal.go.kr/openapi/service/rest/fileDownloadSrvc/files/shelter/2026/02/202603151103516.jpg,보호중,M,N,"3/10 탈장 상태로 발견되어 수술 후 3/14 보호소 입소, 멋진 호구",348536201800001,밀양시 동물보호센터,070-4113-7288,경상남도 밀양시 삼랑진읍 천태로 472 (삼랑진읍) ,밀양시청,경상남도 밀양시,2026-03-15 11:48:03.0,,,,,,,,
447513202600215,20260315,자인 울옥리,[개] 믹스견,417000,개,000114,믹스견,크림색,2026(년생),2.8(Kg),경북-경산-2026-00069,20260315,20260325,http://openapi.animal.go.kr/openapi/service/rest/fileDownloadSrvc/files/shelter/2026/02/202603152203161[2].jpg,http://openapi.animal.go.kr/openapi/service/rest/fileDownloadSrvc/files/shelter/2026/02/202603152203807.jpg,보호중,F,N,"생후 70일령 추정, 인근 동네에서 발견하여 구조",347513201800003,경산시유기동물보호소,010-2536-0955,경상북도 경산시 용성면 사양지길 95 (용성면) ,박병용,경상북도 경산시,2026-03-15 22:19:38.0,,,,,,,,
447513202600214,20260315,자인 울옥리,[개] 믹스견,417000,개,000114,믹스견,크림색,2024(년생),11(Kg),경북-경산-2026-00068,20260315,20260325,http://openapi.animal.go.kr/openapi/service/rest/fileDownloadSrvc/files/shelter/2026/02/202603152203496.jpg,http://openapi.animal.go.kr/openapi/service/rest/fileDownloadSrvc/files/shelter/2026/02/202603152203702.jpg,보호중,F,N,인근 동네에서 배회하여 포획하여 구조,347513201800003,경산시유기동물보호소,010-2536-0955,경상북도 경산시 용성면 사양지길 95 (용성면) ,박병용,경상북도 경산시,2026-03-15 22:19:38.0,,,,,,,,
447513202600213,20260315,진량 선화리,[개] 믹스견,417000,개,000114,믹스견,검정&흰색,2024(년생),17(Kg),경북-경산-2026-00067,20260315,20260325,http://openapi.animal.go.kr/openapi/service/rest/fileDownloadSrvc/files/shelter/2026/02/202603152203821.jpg,http://openapi.animal.go.kr/openapi/service/rest/fileDownloadSrvc/files/shelter/2026/02/202603152203511.jpg,보호중,M,N,"인근 고속도로 위에서 구조, 좌측 후지를 거의 움직이지 못함",347513201800003,경산시유기동물보호소,010-2536-0955,경상북도 경산시 용성면 사양지길 95 (용성면) ,박병용,경상북도 경산시,2026-03-15 22:19:37.0,,,,,,,,
447513202600212,20260315,진량 다문리,[개] 믹스견,417000,개,000114,믹스견,갈색&검정&흰색,2026(60일미만)(년생),1.8(Kg),경북-경산-2026-00066,20260315,20260325,http://openapi.animal.go.kr/openapi/service/rest/fileDownloadSrvc/files/shelter/2026/02/202603152203303.jpg,http://openapi.animal.go.kr/openapi/service/rest/fileDownloadSrvc/files/shelter/2026/02/202603152203637.jpg,보호중,F,N,"생후 50일령 추정, 인근 복숭아 밭에서 발견하여 구조",347513201800003,경산시유기동물보호소,010-2536-0955,경상북도 경산시 용성면 사양지길 95 (용성면) ,박병용,경상북도 경산시,2026-03-15 22:19:37.0,,,,,,,,
447513202600211,20260315,진량 다문리,[개] 믹스견,417000,개,000114,믹스견,갈색&검정,2026(년생),1.8(Kg),경북-경산-2026-00065,20260315,20260325,http://openapi.animal.go.kr/openapi/service/rest/fileDownloadSrvc/files/shelter/2026/02/202603152203144.jpg,http://openapi.animal.go.kr/openapi/service/rest/fileDownloadSrvc/files/shelter/2026/02/202603152203232.jpg,보호중,M,N,"생후 50일령 추정, 인근 복숭아 밭에서 발견하여 구조",347513201800003,경산시유기동물보호소,010-2536-0955,경상북도 경산시 용성면 사양지길 95 (용성면) ,박병용,경상북도 경산시,2026-03-15 22:19:37.0,,,,,,,,
447513202600210,20260315,자인 울옥리,[개] 믹스견,417000,개,000114,믹스견,갈색&검정,2026(년생),3(Kg),경북-경산-2026-00064,20260315,20260325,http://openapi.animal.go.kr/openapi/service/rest/fileDownloadSrvc/files/shelter/2026/02/202603152203178.jpg,http://openapi.animal.go.kr/openapi/service/rest/fileDownloadSrvc/files/shelter/2026/02/202603152203764.jpg,보호중,M,N,"생후 3개월령 추정, 인근 동네에서 발견하여 구조",347513201800003,경산시유기동물보호소,010-2536-0955,경상북도 경산시 용성면 사양지길 95 (용성면) ,박병용,경상북도 경산시,2026-03-15 22:13:30.0,,,,,,,,
447507202600051,20260315,옥동2주공,[개] 믹스견,417000,개,000114,믹스견,검정&흰색,2026(60일미만)(년생),2(Kg),경북-안동-2026-00053,20260315,20260323,http://openapi.animal.go.kr/openapi/service/rest/fileDownloadSrvc/files/shelter/2026/02/202603151603171.jpg,http://openapi.animal.go.kr/openapi/service/rest/fileDownloadSrvc/files/shelter/2026/02/202603151603225.jpg,보호중,F,N,생후3개월미만.건강양호한강아지.매우순하고 영리함,347507200900001,유기동물보호센터,010-7703-1999,경상북도 안동시 서후면 풍산태사로 3252-29 (서후면) ,조종영,경상북도 안동시,2026-03-15 16:36:16.0,,,"종합백신,코로나",,,,,
447506202600094,20260315,문당길 17,[개] 믹스견,417000,개,000114,믹스견,갈색&검정&흰색,2025(년생),6(Kg),경북-김천-2026-00094,20260315,20260325,http://openapi.animal.go.kr/openapi/service/rest/fileDownloadSrvc/files/shelter/2026/02/202603151103798.jpg,http://openapi.animal.go.kr/openapi/service/rest/fileDownloadSrvc/files/shelter/2026/02/202603151103616[1].jpg,보호중,M,N,"목에 안맞는 큰 목사리 착용, 얌전하고 사람을 잘 따름",347506201300001,김천시 동물보호센터,054-421-2547,경상북도 김천시 구성면 남김천대로 3296-22  하강리 44(김천시 유기동물보호센터),김천시농업기술센터,경상북도 김천시,2026-03-15 11:58:17.0,,,,,,,,
447502202600160,20260315,경상북도 포항시 남구 대송면 송덕로212번길 138,[고양이] 한국 고양이,422400,고양이,000200,한국 고양이,검은색흰색황토색조합,2026(년생),1(Kg),경북-포항-2026-00160,20260315,20260325,http://openapi.animal.go.kr/openapi/service/rest/fileDownloadSrvc/files/shelter/2026/02/202603151503489.jpg,http://openapi.animal.go.kr/openapi/service/rest/fileDownloadSrvc/files/shelter/2026/02/202603151503512.png,보호중,F,N,"4개월추정,허피스,지금은 꽤 온순하신 편,3가지 색깔에 알록달록한 무늬가 포인트!",347502201600001,(사)영일동물플러스,054-262-8295,경상북도 포항시 북구 흥해읍 덕장길 224 (흥해읍) ,김태연,경상북도 포항시,2026-03-15 15:43:31.0,,,,,,,,
447502202600159,20260315,경상북도 포항시 남구 구룡포읍 동해안로4492번길 37-1,[개] 믹스견,417000,개,000114,믹스견,크림색,2026(년생),1(Kg),경북-포항-2026-00159,20260315,20260325,http://openapi.animal.go.kr/openapi/service/rest/fileDownloadSrvc/files/shelter/2026/02/202603151503404.jpg,http://openapi.animal.go.kr/openapi/service/rest/fileDownloadSrvc/files/shelter/2026/02/202603151503875.png,보호중,F,N,"1개월추정,시고르자브종5,약간 슬퍼보이는 표정,남매들 중에서 제일 엄살쟁이 인듯",347502201600001,(사)영일동물플러스,054-262-8295,경상북도 포항시 북구 흥해읍 덕장길 224 (흥해읍) ,김태연,경상북도 포항시,2026-03-15 15:43:31.0,,,,,,,,
447502202600158,20260315,경상북도 포항시 남구 구룡포읍 동해안로4492번길 37-1,[개] 믹스견,417000,개,000114,믹스견,크림색,2026(년생),1(Kg),경북-포항-2026-00158,20260315,20260325,http://openapi.animal.go.kr/openapi/service/rest/fileDownloadSrvc/files/shelter/2026/02/202603151503573.jpg,http://openapi.animal.go.kr/openapi/service/rest/fileDownloadSrvc/files/shelter/2026/02/202603151503998.png,보호중,M,N,"1개월추정,시고르자브종4,쫑긋선귀에 순딩순딩에 어딘가 조금 맹해보이는 표정이 포인트!",347502201600001,(사)영일동물플러스,054-262-8295,경상북도 포항시 북구 흥해읍 덕장길 224 (흥해읍) ,김태연,경상북도 포항시,2026-03-15 15:43:31.0,,,,,,,,
447502202600157,20260315,경상북도 포항시 남구 구룡포읍 동해안로4492번길 37-1,[개] 믹스견,417000,개,000114,믹스견,크림색,2026(년생),1(Kg),경북-포항-2026-00157,20260315,20260325,http://openapi.animal.go.kr/openapi/service/rest/fileDownloadSrvc/files/shelter/2026/02/202603151503591.jpg,http://openapi.animal.go.kr/openapi/service/rest/fileDownloadSrvc/files/shelter/2026/02/20260315150328.png,보호중,F,N,"1개월추정,시고르자브종 3,호리호리2 이 친구도 열씸히 많이 먹고 쑥쑥 자라야할듯함!",347502201600001,(사)영일동물플러스,054-262-8295,경상북도 포항시 북구 흥해읍 덕장길 224 (흥해읍) ,김태연,경상북도 포항시,2026-03-15 15:43:31.0,,,,,,,,
447502202600156,20260315,경상북도 포항시 남구 구룡포읍 동해안로4492번길 37-1,[개] 믹스견,417000,개,000114,믹스견,크림색,2026(년생),1(Kg),경북-포항-2026-00156,20260315,20260325,http://openapi.animal.go.kr/openapi/service/rest/fileDownloadSrvc/files/shelter/2026/02/202603151503897[1].jpg,http://openapi.animal.go.kr/openapi/service/rest/fileDownloadSrvc/files/shelter/2026/02/202603151503684.png,보호중,F,N,"1개월추정,시고르자브종 2,호리호리한 애기 열심히 먹고 쑥쑥커야 할듯함!",347502201600001,(사)영일동물플러스,054-262-8295,경상북도 포항시 북구 흥해읍 덕장길 224 (흥해읍) ,김태연,경상북도 포항시,2026-03-15 15:43:30.0,,,,,,,,
447502202600155,20260315,경상북도 포항시 남구 구룡포읍 동해안로4492번길 37-1,[개] 믹스견,417000,개,000114,믹스견,크림색,2026(60일미만)(년생),1(Kg),경북-포항-2026-00155,20260315,20260325,http://openapi.animal.go.kr/openapi/service/rest/fileDownloadSrvc/files/shelter/2026/02/202603151503363.jpg,http://openapi.animal.go.kr/openapi/service/rest/fileDownloadSrvc/files/shelter/2026/02/202603151503951.png,보호중,M,N,"1개월추정,시고르자브종 1,순둥순둥 색빠진 크림색에 애처로운 눈빛 보유자",347502201600001,(사)영일동물플러스,054-262-8295,경상북도 포항시 북구 흥해읍 덕장길 224 (흥해읍) ,김태연,경상북도 포항시,2026-03-15 15:43:30.0,,,,,,,,
447502202600154,20260315,경상북도 포항시 남구 연일읍 유강길9번길 37-11 (401동 인근 육교 위),[개] 믹스견,417000,개,000114,믹스견,갈색&검정&흰색,2026(년생),2.3(Kg),경북-포항-2026-00154,20260315,20260325,http://openapi.animal.go.kr/openapi/service/rest/fileDownloadSrvc/files/shelter/2026/02/20260315100387.jpg,http://openapi.animal.go.kr/openapi/service/rest/fileDownloadSrvc/files/shelter/2026/02/20260315100395.png,보호중,F,N,"3~4개월 추정,곰돌이 같은 동글동글한 귀에 깜찍한 외모의 공듀님,애교 많고 사람좋아함!",347502201600001,(사)영일동물플러스,054-262-8295,경상북도 포항시 북구 흥해읍 덕장길 224 (흥해읍) ,김태연,경상북도 포항시,2026-03-15 10:32:18.0,,,,,,,,
446483202600304,20260315,나주시반남면풍동방두길22,[개] 믹스견,417000,개,000114,믹스견,기타(연갈색),2022(년생),15(Kg),전남-나주-2026-00304,20260315,20260325,http://openapi.animal.go.kr/openapi/service/rest/fileDownloadSrvc/files/shelter/2026/02/202603151503811.jpg,http://openapi.animal.go.kr/openapi/service/rest/fileDownloadSrvc/files/shelter/2026/02/202603151503821.jpg,보호중,F,N,동네주변매일출몰 포획구조 온순함,346483202100001,나주유기동물보호센터,010-2331-7377,전라남도 나주시 산포면 내기3길 71-43 [*미고시] ,조왕애,전라남도 나주시,2026-03-15 15:18:24.0,,,,,,,,
446480202600176,20260315,부주산,[개] 도베르만,417000,개,000041,도베르만,검정&황갈색,2021(년생),42(Kg),전남-목포-2026-00108,20260315,20260325,http://openapi.animal.go.kr/openapi/service/rest/fileDownloadSrvc/files/shelter/2026/02/202603152303432.jpg,http://openapi.animal.go.kr/openapi/service/rest/fileDownloadSrvc/files/shelter/2026/02/202603152303468.jpg,종료(반환),F,N,"노란색목줄착용,심야에 배회",346480201000001,목포시유기동물보호소,010-9678-9966,전라남도 무안군 삼향읍 석매길 36  ,김성진,전라남도 목포시,2026-03-16 21:29:54.0,,,,,,,,
446480202600175,20260315,목포역,[개] 보더 콜리,417000,개,000020,보더 콜리,검정&흰색,2022(년생),16(Kg),전남-목포-2026-00107,20260315,20260325,http://openapi.animal.go.kr/openapi/service/rest/fileDownloadSrvc/files/shelter/2026/02/202603152203666.jpg,http://openapi.animal.go.kr/openapi/service/rest/fileDownloadSrvc/files/shelter/2026/02/202603152203152.jpg,종료(반환),M,N,"검정색목줄착용, 두개로 연결된 리더줄달림, 가슴과 발에 흰색털",346480201000001,목포시유기동물보호소,010-9678-9966,전라남도 무안군 삼향읍 석매길 36  ,김성진,전라남도 목포시,2026-03-16 13:18:46.0,,,,,,,,
445464202600910,20260315,금성장례식장 주변,[개] 믹스견,417000,개,000114,믹스견,흰색,2026(년생),11.7(Kg),전북-전주-2026-00153,20260315,20260324,http://openapi.animal.go.kr/openapi/service/rest/fileDownloadSrvc/files/shelter/2026/02/202603152303730.jpg,http://openapi.animal.go.kr/openapi/service/rest/fileDownloadSrvc/files/shelter/2026/02/202603152303759.jpg,보호중,M,N,빨강색 목줄 착용,345464201200001,행복한동물병원,063-244-0090,전라북도 전주시 덕진구 인후동1가 806-6,김창진,전북특별자치도 전주시,2026-03-15 23:26:22.0,,,,,,,,
445464202600909,20260315,덕진구 송천동 1가 234-5,[고양이] 믹스묘,422400,고양이,000212,믹스묘,기타(검정),2024(년생),4.15(Kg),전북-전주-2026-00152,20260315,20260324,http://openapi.animal.go.kr/openapi/service/rest/fileDownloadSrvc/files/shelter/2026/02/202603152303671.jpg,http://openapi.animal.go.kr/openapi/service/rest/fileDownloadSrvc/files/shelter/2026/02/202603152303769.jpg,보호중,F,N,온순함,345464201200001,행복한동물병원,063-244-0090,전라북도 전주시 덕진구 인후동1가 806-6,김창진,전북특별자치도 전주시,2026-03-15 23:26:22.0,,,,,,,,
445464202600908,20260315,덕진구 연화길 43,[개] 믹스견,417000,개,000114,믹스견,갈색,2024(년생),19.3(Kg),전북-전주-2026-00151,20260315,20260324,http://openapi.animal.go.kr/openapi/service/rest/fileDownloadSrvc/files/shelter/2026/02/202603152303670.jpg,http://openapi.animal.go.kr/openapi/service/rest/fileDownloadSrvc/files/shelter/2026/02/202603152303797.jpg,보호중,F,N,온순함,345464201200001,행복한동물병원,063-244-0090,전라북도 전주시 덕진구 인후동1가 806-6,김창진,전북특별자치도 전주시,2026-03-15 23:26:22.0,,,,,,,,
444449202600389,20260315,동남구 목천읍 서리 12~13,[개] 보더 콜리,417000,개,000020,보더 콜리,엷은 황갈색&흰색,2024(년생),16(Kg),충남-천안-2026-00084,20260315,20260325,http://openapi.animal.go.kr/openapi/service/rest/fileDownloadSrvc/files/shelter/2026/02/202603150903111.jpg,http://openapi.animal.go.kr/openapi/service/rest/fileDownloadSrvc/files/shelter/2026/02/202603150903301.jpg,종료(반환),M,Y,"순함, 빨간 목줄 착용한 채 구조",344449202100001,천안시 동물보호센터,010-5913-5119,"충청남도 천안시 동남구 목천읍 충절로 577  문의전화 : 입양(010-5913-5119), 구조(010-4999-6119)",천안시장,충청남도 천안시,2026-03-15 17:55:47.0,,,,,,,,
443571202600158,20260315,"청암로100-6, 내수 파출소",[개] 믹스견,417000,개,000114,믹스견,갈색&검정&흰색,2026(60일미만)(년생),1.5(Kg),충북-청주-2026-00158,20260315,20260325,http://openapi.animal.go.kr/openapi/service/rest/fileDownloadSrvc/files/shelter/2026/02/202603151503440.jpg,http://openapi.animal.go.kr/openapi/service/rest/fileDownloadSrvc/files/shelter/2026/02/202603151503484.jpg,보호중,M,N,"7마리 함께 발견,[3-L7]",343571201600001,반려동물보호센터,043-201-2298,충청북도 청주시 흥덕구 강내면 서부로 411-23  청주시 반려동물 보호센터,청주시청,충청북도 청주시,2026-03-16 09:09:49.0,,,,,,,,
443571202600157,20260315,"청암로100-6, 내수 파출소",[개] 믹스견,417000,개,000114,믹스견,갈색&검정&흰색,2026(60일미만)(년생),1.5(Kg),충북-청주-2026-00157,20260315,20260325,http://openapi.animal.go.kr/openapi/service/rest/fileDownloadSrvc/files/shelter/2026/02/202603151503692.jpg,http://openapi.animal.go.kr/openapi/service/rest/fileDownloadSrvc/files/shelter/2026/02/202603151503742.jpg,보호중,M,N,"7마리 함께 발견,[3-L7]",343571201600001,반려동물보호센터,043-201-2298,충청북도 청주시 흥덕구 강내면 서부로 411-23  청주시 반려동물 보호센터,청주시청,충청북도 청주시,2026-03-16 09:10:23.0,,,,,,,,
443571202600156,20260315,"청암로100-6, 내수 파출소",[개] 믹스견,417000,개,000114,믹스견,갈색&검정&흰색,2026(60일미만)(년생),1.5(Kg),충북-청주-2026-00156,20260315,20260325,http://openapi.animal.go.kr/openapi/service/rest/fileDownloadSrvc/files/shelter/2026/02/202603151503739.jpg,http://openapi.animal.go.kr/openapi/service/rest/fileDownloadSrvc/files/shelter/2026/02/202603151503900.jpg,보호중,F,N,"7마리 함께 발견,[3-L7]",343571201600001,반려동물보호센터,043-201-2298,충청북도 청주시 흥덕구 강내면 서부로 411-23  청주시 반려동물 보호센터,청주시청,충청북도 청주시,2026-03-16 09:10:51.0,,,,,,,,
443571202600155,20260315,"청암로100-6, 내수 파출소",[개] 믹스견,417000,개,000114,믹스견,갈색&검정&흰색,2026(60일미만)(년생),1.5(Kg),충북-청주-2026-00155,20260315,20260325,http://openapi.animal.go.kr/openapi/service/rest/fileDownloadSrvc/files/shelter/2026/02/202603151503842.jpg,http://openapi.animal.go.kr/openapi/service/rest/fileDownloadSrvc/files/shelter/2026/02/202603151503885.jpg,보호중,F,N,"7마리 함께 발견,[3-L7]",343571201600001,반려동물보호센터,043-201-2298,충청북도 청주시 흥덕구 강내면 서부로 411-23  청주시 반려동물 보호센터,청주시청,충청북도 청주시,2026-03-16 09:11:21.0,,,,,,,,
443571202600154,20260315,"청암로100-6, 내수 파출소",[개] 믹스견,417000,개,000114,믹스견,갈색&검정&흰색,2026(60일미만)(년생),1.5(Kg),충북-청주-2026-00154,20260315,20260325,http://openapi.animal.go.kr/openapi/service/rest/fileDownloadSrvc/files/shelter/2026/02/202603151503107.jpg,http://openapi.animal.go.kr/openapi/service/rest/fileDownloadSrvc/files/shelter/2026/02/202603151503291.jpg,보호중,F,N,"7마리 함께 발견,[3-L7]",343571201600001,반려동물보호센터,043-201-2298,충청북도 청주시 흥덕구 강내면 서부로 411-23  청주시 반려동물 보호센터,청주시청,충청북도 청주시,2026-03-16 09:11:52.0,,,,,,,,
443571202600153,20260315,"청암로100-6, 내수 파출소",[개] 믹스견,417000,개,000114,믹스견,갈색&검정&흰색,2026(60일미만)(년생),1.5(Kg),충북-청주-2026-00153,20260315,20260325,http://openapi.animal.go.kr/openapi/service/rest/fileDownloadSrvc/files/shelter/2026/02/202603151503230.jpg,http://openapi.animal.go.kr/openapi/service/rest/fileDownloadSrvc/files/shelter/2026/02/202603151503278.jpg,보호중,F,N,"7마리 함께 발견,[3-L7]",343571201600001,반려동물보호센터,043-201-2298,충청북도 청주시 흥덕구 강내면 서부로 411-23  청주시 반려동물 보호센터,청주시청,충청북도 청주시,2026-03-16 09:12:50.0,,,,,,,,
443571202600152,20260315,"청암로100-6, 내수 파출소",[개] 믹스견,417000,개,000114,믹스견,갈색&검정&흰색,2026(60일미만)(년생),1.5(Kg),충북-청주-2026-00152,20260315,20260325,http://openapi.animal.go.kr/openapi/service/rest/fileDownloadSrvc/files/shelter/2026/02/202603151503279.jpg,http://openapi.animal.go.kr/openapi/service/rest/fileDownloadSrvc/files/shelter/2026/02/202603151503326.jpg,보호중,F,N,"7마리 함께 발견,[3-L7]",343571201600001,반려동물보호센터,043-201-2298,충청북도 청주시 흥덕구 강내면 서부로 411-23  청주시 반려동물 보호센터,청주시청,충청북도 청주시,2026-03-16 09:13:20.0,,,,,,,,
443571202600151,20260315,산남동 313-3,[개] 비숑 프리제,417000,개,000018,비숑 프리제,흰색,2025(년생),5.8(Kg),충북-청주-2026-00151,20260315,20260325,http://openapi.animal.go.kr/openapi/service/rest/fileDownloadSrvc/files/shelter/2026/02/202603151503226.jpg,http://openapi.animal.go.kr/openapi/service/rest/fileDownloadSrvc/files/shelter/2026/02/202603151503298.jpg,보호중,F,U,매우 순함[3-L3],343571201600001,반려동물보호센터,043-201-2298,충청북도 청주시 흥덕구 강내면 서부로 411-23  청주시 반려동물 보호센터,청주시청,충청북도 청주시,2026-03-15 15:23:52.0,,,,,,,,
443571202600150,20260315,사창동 286-6,[개] 말티즈,417000,개,000072,말티즈,흰색,2025(년생),6.2(Kg),충북-청주-2026-00150,20260315,20260325,http://openapi.animal.go.kr/openapi/service/rest/fileDownloadSrvc/files/shelter/2026/02/202603151503340.jpg,http://openapi.animal.go.kr/openapi/service/rest/fileDownloadSrvc/files/shelter/2026/02/202603151503387.jpg,보호중,M,Y,"매우 수함, 미용 되어 있음[M-10]",343571201600001,반려동물보호센터,043-201-2298,충청북도 청주시 흥덕구 강내면 서부로 411-23  청주시 반려동물 보호센터,청주시청,충청북도 청주시,2026-03-15 15:23:52.0,,,,,,,,
443571202600149,20260315,죽림초등학교,[개] 시바,417000,개,000100,시바,흰색,2021(년생),13(Kg),충북-청주-2026-00149,20260315,20260325,http://openapi.animal.go.kr/openapi/service/rest/fileDownloadSrvc/files/shelter/2026/02/202603151303450.jpg,http://openapi.animal.go.kr/openapi/service/rest/fileDownloadSrvc/files/shelter/2026/02/202603151303491.jpg,종료(반환),M,Y,"순하고 사람을 좋아하는 아이, 칩 있음",343571201600001,반려동물보호센터,043-201-2298,충청북도 청주시 흥덕구 강내면 서부로 411-23  청주시 반려동물 보호센터,청주시청,충청북도 청주시,2026-03-16 13:20:36.0,410100012891994,-,,,,,,
442434202600053,20260315,왕곡마을 주차장,[개] 믹스견,417000,개,000114,믹스견,흰색,2023(년생),10(Kg),강원-고성-2026-00037,20260315,20260323,http://openapi.animal.go.kr/openapi/service/rest/fileDownloadSrvc/files/shelter/2026/02/202603151303813.jpg,http://openapi.animal.go.kr/openapi/service/rest/fileDownloadSrvc/files/shelter/2026/02/202603151303860.jpg,보호중,F,N,순함,342434202500001,고성군 동물보호센터,033-680-4171,강원특별자치도 고성군 간성읍 진부령로 2768-10  ,정연배,강원특별자치도 고성군,2026-03-15 13:39:31.0,,,,,,,,
442419202600091,20260315,연세플라자카페부근,[개] 푸들,417000,개,000128,푸들,크림색,2023(년생),4(Kg),강원-원주-2026-00091,20260315,20260325,http://openapi.animal.go.kr/openapi/service/rest/fileDownloadSrvc/files/shelter/2026/02/202603151803349.jpg,http://openapi.animal.go.kr/openapi/service/rest/fileDownloadSrvc/files/shelter/2026/02/202603151803387.jpg,보호중,F,N,"옷착용, 애교있음",342419200900001,원주시동물보호센터,033-731-1119,강원특별자치도 원주시 호저면 칠봉로 109-17  ,유대봉,강원특별자치도 원주시,2026-03-15 18:50:15.0,,,,,,,,
442419202600090,20260315,오향각근처,[개] 비숑 프리제,417000,개,000018,비숑 프리제,흰색,2023(년생),5.1(Kg),강원-원주-2026-00090,20260315,20260325,http://openapi.animal.go.kr/openapi/service/rest/fileDownloadSrvc/files/shelter/2026/02/202603151803686.jpg,http://openapi.animal.go.kr/openapi/service/rest/fileDownloadSrvc/files/shelter/2026/02/202603151803710.jpg,종료(반환),F,N,"목줄착용, 빨간줄",342419200900001,원주시동물보호센터,033-731-1119,강원특별자치도 원주시 호저면 칠봉로 109-17  ,유대봉,강원특별자치도 원주시,2026-03-17 09:32:05.0,,,,,,,,
441401202600067,20260315,신천동 747-12,[개] 믹스견,417000,개,000114,믹스견,흰색,2025(년생),3(Kg),경기-시흥-2026-00068,20260315,20260325,http://openapi.animal.go.kr/openapi/service/rest/fileDownloadSrvc/files/shelter/2026/02/202603151103213.jpg,http://openapi.animal.go.kr/openapi/service/rest/fileDownloadSrvc/files/shelter/2026/02/202603151103690.jpg,종료(반환),M,N,"흰색 강아지, 미용되어 있고 온순함.",341401202200001,시흥동물누리보호센터,031-310-6945,경기도 시흥시 뒷방울길 218 (정왕동) ,시흥시,경기도 시흥시,2026-03-15 11:05:05.0,,,,,,,,
441378202600117,20260315,탄리로 59,[고양이] 러시안 블루,422400,고양이,000172,러시안 블루,기타(회색),2026(년생),2.3(Kg),경기-성남-2026-00073,20260315,20260325,http://openapi.animal.go.kr/openapi/service/rest/fileDownloadSrvc/files/shelter/2026/02/20260315150358.jpg,http://openapi.animal.go.kr/openapi/service/rest/fileDownloadSrvc/files/shelter/2026/02/20260315150392.jpg,보호중,F,U,잘키워달라는 메세지가 가방에 붙어있었음. 사료와 간식이 함께 발견됨.,341378201300002,펫앤쉘터동물병원,031-714-8392,"경기도 성남시 분당구 불정로 266 (수내동, 유신제일조합) ",한준근,경기도 성남시,2026-03-15 15:06:33.0,,,"광견병,종합백신",,,,,
441378202600116,20260315,수내119,[개] 보스턴 테리어,417000,개,000022,보스턴 테리어,검정&흰색,2015(년생),13.5(Kg),경기-성남-2026-00072,20260315,20260325,http://openapi.animal.go.kr/openapi/service/rest/fileDownloadSrvc/files/shelter/2026/02/202603151103366.jpg,http://openapi.animal.go.kr/openapi/service/rest/fileDownloadSrvc/files/shelter/2026/02/202603151103399.jpg,종료(반환),M,N,보호자와 연락 됨.,341378201300002,펫앤쉘터동물병원,031-714-8392,"경기도 성남시 분당구 불정로 266 (수내동, 유신제일조합) ",한준근,경기도 성남시,2026-03-15 12:03:39.0,410160020314206,-,,,,,,
411313202600043,20260314,서울특별시 마포구 합정동 360-19 진흥빌라,[고양이] 한국 고양이,422400,고양이,000200,한국 고양이,평행·전체·부분줄무늬,2021(년생),8.7(Kg),서울-마포-2026-00023,20260317,20260327,http://openapi.animal.go.kr/openapi/service/rest/fileDownloadSrvc/files/shelter/2026/02/20260314100393.jpg,http://openapi.animal.go.kr/openapi/service/rest/fileDownloadSrvc/files/shelter/2026/02/202603141003282[1].jpg,종료(반환),M,Y,목줄하고있음,311313201000017,홍익동물병원,02-325-2026,서울특별시 마포구 독막로 45 (합정동) ,이대영,서울특별시 마포구,2026-03-17 14:58:29.0,,,,,,,,
411302202600049,20260314,파크타워 아파트 부근,[고양이] 한국 고양이,422400,고양이,000200,한국 고양이,검은색흰색황토색조합,2025(년생),3.7(Kg),서울-용산-2026-00028,20260317,20260327,http://openapi.animal.go.kr/openapi/service/rest/fileDownloadSrvc/files/shelter/2026/02/202603141203849[3].jpg,http://openapi.animal.go.kr/openapi/service/rest/fileDownloadSrvc/files/shelter/2026/02/202603141203887.jpg,보호중,F,Y,침흘리고 식욕이 좋지않고 기력이 좋지않아 확인이 필요함,311302201000020,남산동물병원,02-778-7582,서울특별시 용산구 후암로 51 (후암동) 1층,주성일,서울특별시 용산구,2026-03-17 09:30:39.0,,,,,,,,
448535202600123,20260314,김해시 진영읍 장등1로31번길 21,[개] 믹스견,417000,개,000114,믹스견,흰색,2023(년생),4(Kg),경남-김해-2026-00115,20260316,20260326,http://openapi.animal.go.kr/openapi/service/rest/fileDownloadSrvc/files/shelter/2026/02/202603160903303.png,http://openapi.animal.go.kr/openapi/service/rest/fileDownloadSrvc/files/shelter/2026/02/202603160903516.png,보호중,M,U,"김해시-115, 털이 무성함, 기력저하",348535202400001,(사)동물보호관리협회,051-971-6208,부산광역시 강서구 가락대로1283번길 25-2 (봉림동) ,변재갑,경상남도 김해시,2026-03-16 09:29:52.0,,,,,,,,
445479202600201,20260314, 계화면 창북3길22,[고양이] 믹스묘,422400,고양이,000212,믹스묘,기타(검정.흰색),2025(년생),2(Kg),전북-부안-2026-00162,20260316,20260331,http://openapi.animal.go.kr/openapi/service/rest/fileDownloadSrvc/files/shelter/2026/02/202603160903357.jpg,http://openapi.animal.go.kr/openapi/service/rest/fileDownloadSrvc/files/shelter/2026/02/202603160903402.jpg,보호중,Q,N," 얼굴쪽 상태좀 안좋음,상태확인후병원결정.",345479202100001,부안군 동물보호센터,063-580-4445,전북특별자치도 부안군 주산면 주산로 369  부안군 동물보호센터,김동환,전북특별자치도 부안군,2026-03-16 09:53:53.0,,,,,,,,
445479202600200,20260314, 변산면 도유로 76,[고양이] 믹스묘,422400,고양이,000212,믹스묘,기타(고등어색),2026(년생),1(Kg),전북-부안-2026-00161,20260316,20260331,http://openapi.animal.go.kr/openapi/service/rest/fileDownloadSrvc/files/shelter/2026/02/202603160903831.jpg,http://openapi.animal.go.kr/openapi/service/rest/fileDownloadSrvc/files/shelter/2026/02/202603160903223.jpg,보호중,Q,N, 새끼 고양이.,345479202100001,부안군 동물보호센터,063-580-4445,전북특별자치도 부안군 주산면 주산로 369  부안군 동물보호센터,김동환,전북특별자치도 부안군,2026-03-16 09:53:35.0,,,,,,,,
445468202600334,20260314,익산시 춘포면 광동1길 58-4,[개] 진도견,417000,개,000067,진도견,흰색,2013(년생),16(Kg),전북-익산-2026-00269,20260316,20260326,http://openapi.animal.go.kr/openapi/service/rest/fileDownloadSrvc/files/shelter/2026/02/202603160903389.jpg,http://openapi.animal.go.kr/openapi/service/rest/fileDownloadSrvc/files/shelter/2026/02/202603160903411.jpg,보호중,F,N,눈이 안보이며 배쪽에 혹이있고 많이 말라있음,345468201200001,익산유기동물보호소,063-855-1214,전북특별자치도 익산시 삼기면 황금로 342-17  ,임종현,전북특별자치도 익산시,2026-03-16 10:03:01.0,,,,,,,,
445468202600333,20260314,익산시 남중동 532-6,[개] 믹스견,417000,개,000114,믹스견,갈색&흰색,2023(년생),11(Kg),전북-익산-2026-00268,20260316,20260326,http://openapi.animal.go.kr/openapi/service/rest/fileDownloadSrvc/files/shelter/2026/02/202603160903336[1].jpg,http://openapi.animal.go.kr/openapi/service/rest/fileDownloadSrvc/files/shelter/2026/02/202603160903368[1].jpg,보호중,F,N,보라색 목테 착용하고있으며 다친 듯하나 잘걷고 순한편임,345468201200001,익산유기동물보호소,063-855-1214,전북특별자치도 익산시 삼기면 황금로 342-17  ,임종현,전북특별자치도 익산시,2026-03-16 10:02:44.0,,,,,,,,
442430202600023,20260314,갈말읍 명성로 149번길 38,[개] 믹스견,417000,개,000114,믹스견,옅은 황색,2022(년생),5(Kg),강원-철원-2026-00023,20260316,20260326,http://openapi.animal.go.kr/openapi/service/rest/fileDownloadSrvc/files/shelter/2026/02/202603161603267.jpg,http://openapi.animal.go.kr/openapi/service/rest/fileDownloadSrvc/files/shelter/2026/02/202603161603565[1].jpg,보호중,F,U,사람을 좋아하고 순함,342430201900001,철원군,033-450-5394,강원도 철원군 동송읍 장흥로 311  ,김미경,강원특별자치도 철원군,2026-03-16 16:36:32.0,,,,,,,,
442423202600059,20260314,청초수물회 근처,[개] 믹스견,417000,개,000114,믹스견,흰색,2023(년생),3.5(Kg),강원-속초-2026-00025,20260316,20260326,http://openapi.animal.go.kr/openapi/service/rest/fileDownloadSrvc/files/shelter/2026/02/202603160903414[1].jpg,http://openapi.animal.go.kr/openapi/service/rest/fileDownloadSrvc/files/shelter/2026/02/202603160903476[1].jpg,보호중,F,N,주걱턱,342423201200001,속초시유기동물보호소,033-636-2519,강원도 속초시 하도문길 103 (대포동) ,농업기술센터소장,강원특별자치도 속초시,2026-03-16 09:39:57.0,,,,,,,,
441374202600170,20260314,권선구 덕영대로 1107(세류동),[개] 포메라니안,417000,개,000089,포메라니안,흰색,2016(년생),2.70(Kg),경기-수원-2026-00081,20260316,20260326,http://openapi.animal.go.kr/openapi/service/rest/fileDownloadSrvc/files/shelter/2026/02/202603160903464.jpg,http://openapi.animal.go.kr/openapi/service/rest/fileDownloadSrvc/files/shelter/2026/02/202603160903492.jpg,종료(반환),F,U,포메라니안,341374202000001,수원시 동물보호센터,031-5191-3557,"경기도 수원시 영통구 광교호수로 234 (하동, 수원시 동물보호센터) 하동 40-10",수원시장,경기도 수원시,2026-03-16 09:57:25.0,,,,,,,,
431373202600261,20260314,상북면 향산리,[개] 믹스견,417000,개,000114,믹스견,갈색&검정&흰색,2019(년생),4.5(Kg),울산-울주-2026-00157,20260316,20260326,http://openapi.animal.go.kr/openapi/service/rest/fileDownloadSrvc/files/shelter/2026/02/202603161403362.jpg,http://openapi.animal.go.kr/openapi/service/rest/fileDownloadSrvc/files/shelter/2026/02/202603161403276.jpg,보호중,M,N,"얼굴에 진드기약, 온순함",331373201200002,울산유기동물보호센터,052-238-6113,울산광역시 울주군 온양읍 발리 1144,조구래,울산광역시 울주군,2026-03-16 14:14:37.0,,,,,,,,
431372202600116,20260314,천곡동 일대,[개] 믹스견,417000,개,000114,믹스견,흰색,2020(년생),19(Kg),울산-북구-2026-00042,20260316,20260326,http://openapi.animal.go.kr/openapi/service/rest/fileDownloadSrvc/files/shelter/2026/02/202603161203441.jpg,http://openapi.animal.go.kr/openapi/service/rest/fileDownloadSrvc/files/shelter/2026/02/202603161203496.jpg,보호중,M,N,"검정색 목테 착용, 호기심있음",331372201200001,울산유기동물보호센터,052-238-6113,울산광역시 울주군 온양읍 화산발리로 543  ,조구래,울산광역시 북구,2026-03-16 14:02:01.0,,,,,,,,
431372202600115,20260314,화동14길,[개] 미니어쳐 닥스훈트,417000,개,000076,미니어쳐 닥스훈트,기타(검정/갈색),2021(년생),3.2(Kg),울산-북구-2026-00041,20260316,20260326,http://openapi.animal.go.kr/openapi/service/rest/fileDownloadSrvc/files/shelter/2026/02/202603161203634[1].jpg,http://openapi.animal.go.kr/openapi/service/rest/fileDownloadSrvc/files/shelter/2026/02/202603161203581[1].jpg,보호중,M,N,활발하고 귀여움,331372201200001,울산유기동물보호센터,052-238-6113,울산광역시 울주군 온양읍 화산발리로 543  ,조구래,울산광역시 북구,2026-03-16 14:02:01.0,,,,,,,,
431369202600081,20260314,병영119,[개] 시바,417000,개,000100,시바,기타(흰/황갈색),2023(년생),13(Kg),울산-중구-2026-00041,20260316,20260326,http://openapi.animal.go.kr/openapi/service/rest/fileDownloadSrvc/files/shelter/2026/02/202603161203404.jpg,http://openapi.animal.go.kr/openapi/service/rest/fileDownloadSrvc/files/shelter/2026/02/202603161203446[1].jpg,보호중,M,N,"사나움, 잘생김",331369201400003,울산유기동물보호센터,052-238-6113,울산광역시 울주군 온양읍 화산발리로 543 (온양읍) ,조구래,울산광역시 중구,2026-03-16 12:31:44.0,,,,,,,,
430367202600147,20260314,노은동 수정초등학교 ,[개] 푸들,417000,개,000128,푸들,흰색,2021(년생),4(Kg),대전-유성-2026-00037,20260316,20260326,http://openapi.animal.go.kr/openapi/service/rest/fileDownloadSrvc/files/shelter/2026/02/202603161603667.png,http://openapi.animal.go.kr/openapi/service/rest/fileDownloadSrvc/files/shelter/2026/02/202603161603683.png,보호중,F,N,없음,330367200900001,대전동물보호센터,042-270-7239,대전광역시 유성구 금남구즉로 1234 (금고동) 대전광역시 동물보호센터,대전광역시,대전광역시 유성구,2026-03-16 17:16:16.0,,,,,,,,
428357202600158,20260314,국화리 289-4 부근,[개] 믹스견,417000,개,000114,믹스견,갈색,2025(년생),3.72(Kg),인천-강화-2026-00100,20260316,20260326,http://openapi.animal.go.kr/openapi/service/rest/fileDownloadSrvc/files/shelter/2026/02/202603161503955.jpg,http://openapi.animal.go.kr/openapi/service/rest/fileDownloadSrvc/files/shelter/2026/02/202603161503994.jpg,보호중,F,N,"애완견용 목줄 착용, 겁이 많음",328357200900001,베스트동물병원,032-934-9340,"인천광역시 강화군 강화읍 강화대로 217 (강화읍, 린나이보일러) ",이규식,인천광역시 강화군,2026-03-16 15:37:54.0,,,,사상충,,,,
428354202600126,20260314,열우물공원,[고양이] 한국 고양이,422400,고양이,000200,한국 고양이,기타(흰색치즈),2023(년생),2.97(Kg),인천-부평-2026-00074,20260316,20260326,http://openapi.animal.go.kr/openapi/service/rest/fileDownloadSrvc/files/shelter/2026/02/202603161403164.jpg,http://openapi.animal.go.kr/openapi/service/rest/fileDownloadSrvc/files/shelter/2026/02/202603161403189.jpg,보호중,F,Y,"식욕부진,심신 쇠약한 상태임 진 구내염 양상 보임 ",328354202000001,조재진동물병원,032-518-3800,인천광역시 부평구 원적로 419 (산곡동) ,이유경,인천광역시 부평구,2026-03-16 16:15:37.0,,,,,,,,
428354202600109,20260314,충선로 170-3,[고양이] 샴,422400,고양이,000184,샴,기타(갈색검정),2023(년생),1.42(Kg),인천-부평-2026-00071,20260316,20260326,http://openapi.animal.go.kr/openapi/service/rest/fileDownloadSrvc/files/shelter/2026/02/202603141003422.jpg,http://openapi.animal.go.kr/openapi/service/rest/fileDownloadSrvc/files/shelter/2026/02/202603141003436.jpg,보호중,F,U,"심신쇠약, 겁이 많음",328354202000001,조재진동물병원,032-518-3800,인천광역시 부평구 원적로 419 (산곡동) ,이유경,인천광역시 부평구,2026-03-16 09:02:30.0,,,,,,,,
427348202600146,20260314,대구광역시 달성군 구지면 창리로11길 51 ,[개] 믹스견,417000,개,000114,믹스견,검정색,2023(년생),20(Kg),대구-달성-2026-00053,20260316,20260326,http://openapi.animal.go.kr/openapi/service/rest/fileDownloadSrvc/files/shelter/2026/02/202603141903302.jpg,http://openapi.animal.go.kr/openapi/service/rest/fileDownloadSrvc/files/shelter/2026/02/202603141903354.jpg,보호중,M,N,쇠사슬 목줄 빨간색,327348202600001,이서동물병원,053-719-0205,대구광역시 달서구 구마로 243 (성당동) 이서동물병원,최순웅,대구광역시 달성군,2026-03-16 09:54:01.0,,,,파보,,온순함,양호,
427347202600211,20260314,상인동 산호아파트,[고양이] 한국 고양이,422400,고양이,000200,한국 고양이,검은색흰색황토색조합,2025(년생),2.8(Kg),대구-달서-2026-00036,20260316,20260326,http://openapi.animal.go.kr/openapi/service/rest/fileDownloadSrvc/files/shelter/2026/02/202603161003812.jpeg,http://openapi.animal.go.kr/openapi/service/rest/fileDownloadSrvc/files/shelter/2026/02/202603161303629[3].jpg,종료(자연사),F,N,"교통사고, 의식 없음",327347201400001,대구유기동물보호협회,053-964-6258,대구광역시 동구 금강로 151-13 (금강동) ,임규호,대구광역시 달서구,2026-03-17 09:21:38.0,,,,,,,,
427342202600113,20260314,입석로 1길 3,[고양이] 한국 고양이,422400,고양이,000200,한국 고양이,"기타(검정,흰색)",2025(년생),3(Kg),대구-동구-2026-00045,20260316,20260326,http://openapi.animal.go.kr/openapi/service/rest/fileDownloadSrvc/files/shelter/2026/02/20260316100368.jpeg,http://openapi.animal.go.kr/openapi/service/rest/fileDownloadSrvc/files/shelter/2026/02/202603161303908.jpg,보호중,M,Y,"교통사고, 의식 없음",327342201400001,대구유기동물보호센터,053-964-6258,대구광역시 동구 금강로 151-13 (금강동) ,임규호,대구광역시 동구,2026-03-16 13:35:48.0,,,,,,,,
411323202600154,20260314,서울 송파구 위례성대로12길 5-6 (방이동),[개] 포메라니안,417000,개,000089,포메라니안,흰색,2021(년생),5.1(Kg),서울-송파-2026-00019,20260316,20260326,http://openapi.animal.go.kr/openapi/service/rest/fileDownloadSrvc/files/shelter/2026/02/202603161303916.jpg,http://openapi.animal.go.kr/openapi/service/rest/fileDownloadSrvc/files/shelter/2026/02/202603161303949.jpg,보호중,M,N,온순. 얌전. 겁 있음. 눈물 자국. 하늘색 하네스. 치석. 우 후지 무릎에서 발 끝까지 발적 및 부종,311323201100001,한국동물구조관리협회,031-867-9119,경기도 양주시 남면 감악산로 63-37 (남면) ,김철훈,서울특별시 송파구,2026-03-16 13:30:14.0,,,,,,,,
411315202600120,20260314,"서울 강서구 화곡로65길 63 (등촌동, 가양지구대)",[개] 시츄,417000,개,000101,시츄,갈색&흰색,2016(년생),4.6(Kg),서울-강서-2026-00038,20260316,20260326,http://openapi.animal.go.kr/openapi/service/rest/fileDownloadSrvc/files/shelter/2026/02/202603161303380.jpg,http://openapi.animal.go.kr/openapi/service/rest/fileDownloadSrvc/files/shelter/2026/02/202603161303394[1].jpg,보호중,F,U,온순. 얌전. 사람 좋아함. 치석 심함. 앞니 거의 다 빠짐.양 귀 외이염. 양 눈 백내장. 피부질환. 칩 있음.,311315200900001,한국동물구조관리협회,031-867-9119,경기도 양주시 남면 감악산로 63-37 (남면) 한국동물구조관리협회,김철훈,서울특별시 강서구,2026-03-16 13:34:08.0,410100012293232,-,,,,,,
446480202600173,20260314,한성타워@,[개] 골든 리트리버,417000,개,000054,골든 리트리버,밝은 금색,2025(년생),22(Kg),전남-목포-2026-00106,20260315,20260325,http://openapi.animal.go.kr/openapi/service/rest/fileDownloadSrvc/files/shelter/2026/02/202603150003787.jpg,http://openapi.animal.go.kr/openapi/service/rest/fileDownloadSrvc/files/shelter/2026/02/202603150003836.jpg,종료(반환),F,N,"털의 결이 고운편, 코는 검은색이며 주둥이 주변털이 깔끔함",346480201000001,목포시유기동물보호소,010-9678-9966,전라남도 무안군 삼향읍 석매길 36  ,김성진,전라남도 목포시,2026-03-15 21:58:46.0,,,,,,,,
442420202600073,20260314,유산동 모산로 가정집 부근,[개] 진도견,417000,개,000067,진도견,흰색,2012(년생),18(Kg),강원-강릉-2026-00073,20260315,20260325,http://openapi.animal.go.kr/openapi/service/rest/fileDownloadSrvc/files/shelter/2026/02/20260315120357.jpg,http://openapi.animal.go.kr/openapi/service/rest/fileDownloadSrvc/files/shelter/2026/02/202603151203697.jpg,종료(반환),M,N,"목줄과 파란색 와이어 리드줄 착용, 온순함",342420201500001,강릉시 동물사랑센터,033-641-7515,강원도 강릉시 성산면 내맬길 172  ,장혁,강원특별자치도 강릉시,2026-03-16 14:14:35.0,,,,,,,,
442419202600089,20260314,동부순환로 456앞도로,[개] 믹스견,417000,개,000114,믹스견,갈색,2022(년생),5.5(Kg),강원-원주-2026-00089,20260315,20260325,http://openapi.animal.go.kr/openapi/service/rest/fileDownloadSrvc/files/shelter/2026/02/202603151803156.jpg,http://openapi.animal.go.kr/openapi/service/rest/fileDownloadSrvc/files/shelter/2026/02/202603151803197.jpg,종료(자연사),F,N,의식불명,342419200900001,원주시동물보호센터,033-731-1119,강원특별자치도 원주시 호저면 칠봉로 109-17  ,유대봉,강원특별자치도 원주시,2026-03-15 18:50:31.0,,,,,,,,
429363202600058,20260314,광산구 송정동 광산구청,[개] 믹스견,417000,개,000114,믹스견,갈색&검정&흰색,2022(년생),7.5(Kg),광주-광산-2026-00057,20260315,20260325,http://openapi.animal.go.kr/openapi/service/rest/fileDownloadSrvc/files/shelter/2026/02/202603151303299.jpg,http://openapi.animal.go.kr/openapi/service/rest/fileDownloadSrvc/files/shelter/2026/02/202603151303326.jpg,종료(반환),M,N,26-0125 파니 내장칩없음 순함 목줄착용,329363201300001,광주동물보호센터,062-613-6770,광주광역시 북구 본촌마을길 25-1 (본촌동) 광주동물보호센터,광주광역시장,광주광역시 광산구,2026-03-15 14:57:30.0,,,,,,,,
429360202600038,20260314,서구 상일로53,[고양이] 한국 고양이,422400,고양이,000200,한국 고양이,흰색/검은색 얼룩무늬,2026(60일미만)(년생),5.4(Kg),광주-서구-2026-00038,20260314,20260314,http://openapi.animal.go.kr/openapi/service/rest/fileDownloadSrvc/files/shelter/2026/02/202603151403933[1].jpg,http://openapi.animal.go.kr/openapi/service/rest/fileDownloadSrvc/files/shelter/2026/02/202603151403273.jpg,종료(기증),M,Y,26-6009 순함 시력상실추정됨,329360201300001,광주동물보호센터,062-613-6770,광주광역시 북구 본촌마을길 25-1 (본촌동) 광주동물보호센터,광주광역시장,광주광역시 서구,2026-03-16 10:18:51.0,,,,,,,,
469569202600095,20260314,세종시 부강면 부강리 미래로아파트 관리사무소,[개] 믹스견,417000,개,000114,믹스견,흰색,2023(년생),4.7(Kg),세종-세종-2026-00062,20260314,20260324,http://openapi.animal.go.kr/openapi/service/rest/fileDownloadSrvc/files/shelter/2026/02/202603142303862.jpeg,http://openapi.animal.go.kr/openapi/service/rest/fileDownloadSrvc/files/shelter/2026/02/202603142303883.jpeg,보호중,F,N,심장사상충양성,369569202000001,세종유기동물보호센터,010-4435-3720,세종특별자치시  전동면 미륵당1길 188 (전동면) ,김성구,세종특별자치시,2026-03-14 23:37:55.0,,,,사상충,,,,
469569202600094,20260314,세종시 부강면 부강리 미래로아파트 관리사무소,[개] 믹스견,417000,개,000114,믹스견,갈색&흰색,2022(년생),5.4(Kg),세종-세종-2026-00061,20260314,20260324,http://openapi.animal.go.kr/openapi/service/rest/fileDownloadSrvc/files/shelter/2026/02/202603142303130.jpeg,http://openapi.animal.go.kr/openapi/service/rest/fileDownloadSrvc/files/shelter/2026/02/202603142303168.jpeg,보호중,F,N,심장사상충양성,369569202000001,세종유기동물보호센터,010-4435-3720,세종특별자치시  전동면 미륵당1길 188 (전동면) ,김성구,세종특별자치시,2026-03-14 23:37:54.0,,,,사상충,,,,
469569202600093,20260314,세종시 부강면 부강리 미래로아파트 관리사무소,[개] 믹스견,417000,개,000114,믹스견,흑갈색,2026(60일미만)(년생),0.20(Kg),세종-세종-2026-00060,20260314,20260324,http://openapi.animal.go.kr/openapi/service/rest/fileDownloadSrvc/files/shelter/2026/02/202603142303491.jpeg,http://openapi.animal.go.kr/openapi/service/rest/fileDownloadSrvc/files/shelter/2026/02/202603142303502.jpeg,보호중,F,N,2일추정,369569202000001,세종유기동물보호센터,010-4435-3720,세종특별자치시  전동면 미륵당1길 188 (전동면) ,김성구,세종특별자치시,2026-03-14 23:37:54.0,,,,,,,,
469569202600092,20260314,세종시 부강면 부강리 미래로아파트 관리사무소,[개] 믹스견,417000,개,000114,믹스견,흑갈색,2026(60일미만)(년생),0.21(Kg),세종-세종-2026-00059,20260314,20260324,http://openapi.animal.go.kr/openapi/service/rest/fileDownloadSrvc/files/shelter/2026/02/202603142303675.jpeg,http://openapi.animal.go.kr/openapi/service/rest/fileDownloadSrvc/files/shelter/2026/02/202603142303684.jpeg,보호중,M,N,2일추정,369569202000001,세종유기동물보호센터,010-4435-3720,세종특별자치시  전동면 미륵당1길 188 (전동면) ,김성구,세종특별자치시,2026-03-14 23:37:54.0,,,,,,,,
469569202600091,20260314,세종시 부강면 부강리 미래로아파트 관리사무소,[개] 믹스견,417000,개,000114,믹스견,흑갈색,2026(60일미만)(년생),0.21(Kg),세종-세종-2026-00058,20260314,20260324,http://openapi.animal.go.kr/openapi/service/rest/fileDownloadSrvc/files/shelter/2026/02/202603142303817.jpeg,http://openapi.animal.go.kr/openapi/service/rest/fileDownloadSrvc/files/shelter/2026/02/202603142303826.jpeg,보호중,M,N,2일추정,369569202000001,세종유기동물보호센터,010-4435-3720,세종특별자치시  전동면 미륵당1길 188 (전동면) ,김성구,세종특별자치시,2026-03-14 23:37:54.0,,,,,,,,
469569202600090,20260314,세종시 부강면 부강리 미래로아파트 관리사무소,[개] 믹스견,417000,개,000114,믹스견,흑갈색,2026(60일미만)(년생),0.20(Kg),세종-세종-2026-00057,20260314,20260324,http://openapi.animal.go.kr/openapi/service/rest/fileDownloadSrvc/files/shelter/2026/02/202603142303103.jpeg,http://openapi.animal.go.kr/openapi/service/rest/fileDownloadSrvc/files/shelter/2026/02/202603142303112.jpeg,보호중,F,N,2일추정,369569202000001,세종유기동물보호센터,010-4435-3720,세종특별자치시  전동면 미륵당1길 188 (전동면) ,김성구,세종특별자치시,2026-03-14 23:37:54.0,,,,,,,,
469569202600089,20260314,세종시 부강면 부강리 미래로아파트 관리사무소,[개] 믹스견,417000,개,000114,믹스견,흰색,2026(60일미만)(년생),0.20(Kg),세종-세종-2026-00056,20260314,20260324,http://openapi.animal.go.kr/openapi/service/rest/fileDownloadSrvc/files/shelter/2026/02/202603142303446.jpeg,http://openapi.animal.go.kr/openapi/service/rest/fileDownloadSrvc/files/shelter/2026/02/202603142303454.jpeg,보호중,M,N,2일추정,369569202000001,세종유기동물보호센터,010-4435-3720,세종특별자치시  전동면 미륵당1길 188 (전동면) ,김성구,세종특별자치시,2026-03-14 23:37:53.0,,,,,,,,
469569202600088,20260314,세종시 부강면 부강리 미래로아파트 관리사무소,[개] 믹스견,417000,개,000114,믹스견,흑갈색,2026(60일미만)(년생),0.20(Kg),세종-세종-2026-00055,20260314,20260324,http://openapi.animal.go.kr/openapi/service/rest/fileDownloadSrvc/files/shelter/2026/02/202603142303619.jpeg,http://openapi.animal.go.kr/openapi/service/rest/fileDownloadSrvc/files/shelter/2026/02/202603142303666.jpeg,보호중,M,N,2일추정,369569202000001,세종유기동물보호센터,010-4435-3720,세종특별자치시  전동면 미륵당1길 188 (전동면) ,김성구,세종특별자치시,2026-03-14 23:25:35.0,,,,,,,,
469569202600087,20260314,세종시 부강면 부강리 미래로아파트 관리사무소,[개] 믹스견,417000,개,000114,믹스견,흰색&황갈색,2026(60일미만)(년생),0.30(Kg),세종-세종-2026-00054,20260314,20260324,http://openapi.animal.go.kr/openapi/service/rest/fileDownloadSrvc/files/shelter/2026/02/202603142303651.jpeg,http://openapi.animal.go.kr/openapi/service/rest/fileDownloadSrvc/files/shelter/2026/02/202603142303701.jpeg,보호중,F,N,7일추정,369569202000001,세종유기동물보호센터,010-4435-3720,세종특별자치시  전동면 미륵당1길 188 (전동면) ,김성구,세종특별자치시,2026-03-14 23:24:34.0,,,,,,,,
469569202600086,20260314,세종시 부강면 부강리 미래로아파트 관리사무소,[개] 믹스견,417000,개,000114,믹스견,흰색,2026(60일미만)(년생),0.30(Kg),세종-세종-2026-00053,20260314,20260324,http://openapi.animal.go.kr/openapi/service/rest/fileDownloadSrvc/files/shelter/2026/02/202603142303907.jpeg,http://openapi.animal.go.kr/openapi/service/rest/fileDownloadSrvc/files/shelter/2026/02/202603142303926.jpeg,보호중,F,N,7일추정,369569202000001,세종유기동물보호센터,010-4435-3720,세종특별자치시  전동면 미륵당1길 188 (전동면) ,김성구,세종특별자치시,2026-03-14 23:23:52.0,,,,,,,,
469569202600085,20260314,세종시 부강면 부강리 미래로아파트 관리사무소,[개] 믹스견,417000,개,000114,믹스견,흰색&황갈색,2026(60일미만)(년생),0.31(Kg),세종-세종-2026-00052,20260314,20260324,http://openapi.animal.go.kr/openapi/service/rest/fileDownloadSrvc/files/shelter/2026/02/202603142303921.jpeg,http://openapi.animal.go.kr/openapi/service/rest/fileDownloadSrvc/files/shelter/2026/02/202603142303943.jpeg,보호중,M,N,7일추정,369569202000001,세종유기동물보호센터,010-4435-3720,세종특별자치시  전동면 미륵당1길 188 (전동면) ,김성구,세종특별자치시,2026-03-14 23:23:26.0,,,,,,,,
448567202600236,20260314,의창구 동읍 무성리,[개] 믹스견,417000,개,000114,믹스견,갈색,2024(년생),13(Kg),경남-창원1-2026-00142,20260314,20260324,http://openapi.animal.go.kr/openapi/service/rest/fileDownloadSrvc/files/shelter/2026/02/202603141203360.jpg,http://openapi.animal.go.kr/openapi/service/rest/fileDownloadSrvc/files/shelter/2026/02/202603141203400.jpg,보호중,M,N,"들개포획단 포획, 사진은 적응 후 교체 예정, 얼굴에 상처 많음, 조심히 쓰담쓰담 가능",348527200900001,창원동물보호센터,055-225-5701,경상남도 창원시 성산구 공단로474번길 117 (상복동) 창원동물보호센터,창원시장,경상남도 창원시 의창성산구,2026-03-14 12:06:04.0,,,,,,,,
448567202600235,20260314,마산합포구 진동면 진동리 572-1,[개] 믹스견,417000,개,000114,믹스견,흰색,2024(년생),17(Kg),경남-창원1-2026-00141,20260314,20260324,http://openapi.animal.go.kr/openapi/service/rest/fileDownloadSrvc/files/shelter/2026/02/202603141203849.jpg,http://openapi.animal.go.kr/openapi/service/rest/fileDownloadSrvc/files/shelter/2026/02/202603141203897.jpg,보호중,M,N,"들개포획단 포획, 사진은 적응 후 교체 예정, 코 주변 상처, 얼굴은 천천히 쓰담 가능, 등 부터는 예민",348527200900001,창원동물보호센터,055-225-5701,경상남도 창원시 성산구 공단로474번길 117 (상복동) 창원동물보호센터,창원시장,경상남도 창원시 의창성산구,2026-03-14 12:06:03.0,,,,,,,,
448567202600234,20260314,마산합포구 진동면 진동리 572-1,[개] 믹스견,417000,개,000114,믹스견,검정&흰색,2025(년생),6(Kg),경남-창원1-2026-00140,20260314,20260324,http://openapi.animal.go.kr/openapi/service/rest/fileDownloadSrvc/files/shelter/2026/02/20260314120335.jpg,http://openapi.animal.go.kr/openapi/service/rest/fileDownloadSrvc/files/shelter/2026/02/202603141203231.jpg,보호중,F,N,"들개포획단 포획, 사진은 적응 후 교체 예정, 겁은 좀 있지만 조심히 안을 수 있음",348527200900001,창원동물보호센터,055-225-5701,경상남도 창원시 성산구 공단로474번길 117 (상복동) 창원동물보호센터,창원시장,경상남도 창원시 의창성산구,2026-03-14 12:06:03.0,,,,,,,,
448567202600233,20260314,마산합포구 진동면 진동리 572-1,[개] 믹스견,417000,개,000114,믹스견,엷은 황갈색&흰색,2025(년생),7(Kg),경남-창원1-2026-00139,20260314,20260324,http://openapi.animal.go.kr/openapi/service/rest/fileDownloadSrvc/files/shelter/2026/02/202603141103155[1].jpg,http://openapi.animal.go.kr/openapi/service/rest/fileDownloadSrvc/files/shelter/2026/02/202603141103202.jpg,보호중,F,N,"들개포획단 포획, 사진은 적응 후 교체 예정, 입 주변 상처, 천천히 쓰담 가능",348527200900001,창원동물보호센터,055-225-5701,경상남도 창원시 성산구 공단로474번길 117 (상복동) 창원동물보호센터,창원시장,경상남도 창원시 의창성산구,2026-03-14 12:06:03.0,,,,,,,,
448567202600232,20260314,마산합포구 진동면 진동리 572-1,[개] 믹스견,417000,개,000114,믹스견,엷은 황갈색&흰색,2025(년생),7(Kg),경남-창원1-2026-00138,20260314,20260324,http://openapi.animal.go.kr/openapi/service/rest/fileDownloadSrvc/files/shelter/2026/02/202603141103572.jpg,http://openapi.animal.go.kr/openapi/service/rest/fileDownloadSrvc/files/shelter/2026/02/202603141103831.jpg,보호중,F,N,"들개포획단 포획, 사진은 적응 후 교체 예정, 등 쪽 상처, 겁은 많은데 천천히 쓰담은 가능",348527200900001,창원동물보호센터,055-225-5701,경상남도 창원시 성산구 공단로474번길 117 (상복동) 창원동물보호센터,창원시장,경상남도 창원시 의창성산구,2026-03-14 12:06:03.0,,,,,,,,
448548202600244,20260314,합천소방서,[개] 믹스견,417000,개,000114,믹스견,갈색&검정,2022(년생),20(Kg),경남-합천-2026-00119,20260314,20260324,http://openapi.animal.go.kr/openapi/service/rest/fileDownloadSrvc/files/shelter/2026/02/202603141403447.jpg,http://openapi.animal.go.kr/openapi/service/rest/fileDownloadSrvc/files/shelter/2026/02/202603141403948.jpg,보호중,F,N,산 배회 ,348548201700001,태민동물보호센터,010-2868-2108,"경상남도 합천군 합천읍 옥산로 16 (합천읍, 까치빌라) 태민동물병원",성태민,경상남도 합천군,2026-03-14 14:25:38.0,,,,,,,,
448541202600160,20260314,길곡면 증산리,[고양이] 한국 고양이,422400,고양이,000200,한국 고양이,검은색흰색황토색조합,2026(년생),2.5(Kg),경남-창녕-2026-00098,20260314,20260324,http://openapi.animal.go.kr/openapi/service/rest/fileDownloadSrvc/files/shelter/2026/02/20260314200324.jpg,http://openapi.animal.go.kr/openapi/service/rest/fileDownloadSrvc/files/shelter/2026/02/202603142003181.jpg,보호중,F,Y,눈병질환,348541201300001,창녕 유기동물보호소,010-5488-5003,경상남도 창녕군 고암면 창밀로 335-26 (고암면) 고암면 억만리 28,황재균,경상남도 창녕군,2026-03-14 20:46:25.0,,,,,,,,
448541202600159,20260314,길곡면 증산2길,[고양이] 한국 고양이,422400,고양이,000200,한국 고양이,평행·전체·부분줄무늬,2026(년생),2.5(Kg),경남-창녕-2026-00097,20260314,20260324,http://openapi.animal.go.kr/openapi/service/rest/fileDownloadSrvc/files/shelter/2026/02/202603142003288.jpg,http://openapi.animal.go.kr/openapi/service/rest/fileDownloadSrvc/files/shelter/2026/02/202603142003960.jpg,보호중,M,Y,감기질환,348541201300001,창녕 유기동물보호소,010-5488-5003,경상남도 창녕군 고암면 창밀로 335-26 (고암면) 고암면 억만리 28,황재균,경상남도 창녕군,2026-03-14 20:46:25.0,,,,,,,,
447508202600265,20260314,인동파출소,[개] 사모예드,417000,개,000096,사모예드,흰색,2023(년생),19.3(Kg),경북-구미-2026-00086,20260314,20260324,http://openapi.animal.go.kr/openapi/service/rest/fileDownloadSrvc/files/shelter/2026/02/20260314140304.jpg,http://openapi.animal.go.kr/openapi/service/rest/fileDownloadSrvc/files/shelter/2026/02/20260314140336.jpg,보호중,F,U,얌전함 / 구충제 투여,347508202000001,구미시 동물보호센터,054-471-5718,경상북도 구미시 옥성면 선상동로 1358  애니멀 케어 센터,구미시장,경상북도 구미시,2026-03-14 14:19:13.0,,,,"파보,코로나,홍역",,,,
447508202600264,20260314,인동파출소,[개] 골든 리트리버,417000,개,000054,골든 리트리버,갈색,2025(년생),15.8(Kg),경북-구미-2026-00085,20260314,20260324,http://openapi.animal.go.kr/openapi/service/rest/fileDownloadSrvc/files/shelter/2026/02/202603141403950.jpg,http://openapi.animal.go.kr/openapi/service/rest/fileDownloadSrvc/files/shelter/2026/02/202603141403984.jpg,보호중,M,U,활발함 / 구충제 투여,347508202000001,구미시 동물보호센터,054-471-5718,경상북도 구미시 옥성면 선상동로 1358  애니멀 케어 센터,구미시장,경상북도 구미시,2026-03-14 14:14:54.0,,,,"파보,코로나,홍역",,,,
447508202600258,20260314,도개면 신곡3길 32-13,[개] 믹스견,417000,개,000114,믹스견,검정&흰색,2023(년생),17.5(Kg),경북-구미-2026-00084,20260314,20260324,http://openapi.animal.go.kr/openapi/service/rest/fileDownloadSrvc/files/shelter/2026/02/202603141103404.jpg,http://openapi.animal.go.kr/openapi/service/rest/fileDownloadSrvc/files/shelter/2026/02/202603141103340.jpg,보호중,F,N,자견3두 동반입소 경계성심함.,347508202000001,구미시 동물보호센터,054-471-5718,경상북도 구미시 옥성면 선상동로 1358  애니멀 케어 센터,구미시장,경상북도 구미시,2026-03-14 11:33:13.0,,,,"파보,코로나,홍역",,,,
446483202600303,20260314,나주시노안면평산대안길39,[개] 올드 잉글리쉬 쉽독,417000,개,000084,올드 잉글리쉬 쉽독,기타(흰회색),2015(년생),40(Kg),전남-나주-2026-00303,20260314,20260324,http://openapi.animal.go.kr/openapi/service/rest/fileDownloadSrvc/files/shelter/2026/02/202603141603299.jpg,http://openapi.animal.go.kr/openapi/service/rest/fileDownloadSrvc/files/shelter/2026/02/202603141603158.jpg,보호중,F,N,마을회관앞수로에서구조 털이많이엉켜있음 온순함,346483202100001,나주유기동물보호센터,010-2331-7377,전라남도 나주시 산포면 내기3길 71-43 [*미고시] ,조왕애,전라남도 나주시,2026-03-14 16:36:54.0,,,,,,,,
446483202600302,20260314,나주시세지면발산길12-23,[개] 믹스견,417000,개,000114,믹스견,검정&흰색,2026(60일미만)(년생),3.3(Kg),전남-나주-2026-00302,20260314,20260324,http://openapi.animal.go.kr/openapi/service/rest/fileDownloadSrvc/files/shelter/2026/02/202603141403634.jpg,http://openapi.animal.go.kr/openapi/service/rest/fileDownloadSrvc/files/shelter/2026/02/202603141403559.jpg,보호중,M,N,집주변대나무밭에서구조 생후2개월정도로보임,346483202100001,나주유기동물보호센터,010-2331-7377,전라남도 나주시 산포면 내기3길 71-43 [*미고시] ,조왕애,전라남도 나주시,2026-03-14 14:50:11.0,,,종합백신,,,,,
446483202600301,20260314,나주시세지면발산길12-23,[개] 믹스견,417000,개,000114,믹스견,검정&흰색,2026(60일미만)(년생),3.2(Kg),전남-나주-2026-00301,20260314,20260324,http://openapi.animal.go.kr/openapi/service/rest/fileDownloadSrvc/files/shelter/2026/02/202603141403681.jpg,http://openapi.animal.go.kr/openapi/service/rest/fileDownloadSrvc/files/shelter/2026/02/202603141403947[1].jpg,보호중,M,N,집주변대나무밭에서구조 생후2개월정도로보임,346483202100001,나주유기동물보호센터,010-2331-7377,전라남도 나주시 산포면 내기3길 71-43 [*미고시] ,조왕애,전라남도 나주시,2026-03-14 14:50:11.0,,,종합백신,,,,,
446483202600300,20260314,나주시세지면발산길12-23,[개] 믹스견,417000,개,000114,믹스견,검정&흰색,2026(60일미만)(년생),3(Kg),전남-나주-2026-00300,20260314,20260324,http://openapi.animal.go.kr/openapi/service/rest/fileDownloadSrvc/files/shelter/2026/02/202603141403503[1].jpg,http://openapi.animal.go.kr/openapi/service/rest/fileDownloadSrvc/files/shelter/2026/02/202603141403230.jpg,보호중,F,N,집주변대나무밭에서구조 생후2개월정도로보임,346483202100001,나주유기동물보호센터,010-2331-7377,전라남도 나주시 산포면 내기3길 71-43 [*미고시] ,조왕애,전라남도 나주시,2026-03-14 14:50:10.0,,,종합백신,,,,,
446483202600299,20260314,나주시세지면발산길12-23,[개] 믹스견,417000,개,000114,믹스견,검정&흰색,2026(60일미만)(년생),2.5(Kg),전남-나주-2026-00299,20260314,20260324,http://openapi.animal.go.kr/openapi/service/rest/fileDownloadSrvc/files/shelter/2026/02/202603141403223.jpg,http://openapi.animal.go.kr/openapi/service/rest/fileDownloadSrvc/files/shelter/2026/02/202603141403332[2].jpg,보호중,M,N,집주변대나무밭에서구조 생후2개월정도로보임,346483202100001,나주유기동물보호센터,010-2331-7377,전라남도 나주시 산포면 내기3길 71-43 [*미고시] ,조왕애,전라남도 나주시,2026-03-14 14:50:10.0,,,종합백신,,,,,
446483202600298,20260314,나주시세지면발산길12-23,[개] 믹스견,417000,개,000114,믹스견,흰색,2026(60일미만)(년생),2.5(Kg),전남-나주-2026-00298,20260314,20260324,http://openapi.animal.go.kr/openapi/service/rest/fileDownloadSrvc/files/shelter/2026/02/202603141403864.jpg,http://openapi.animal.go.kr/openapi/service/rest/fileDownloadSrvc/files/shelter/2026/02/202603141403280.jpg,보호중,F,N,집주변대나무밭에서구조 생후2개월정도로보임,346483202100001,나주유기동물보호센터,010-2331-7377,전라남도 나주시 산포면 내기3길 71-43 [*미고시] ,조왕애,전라남도 나주시,2026-03-14 14:50:10.0,,,종합백신,,,,,
446483202600297,20260314,나주시세지면발산길12-23,[개] 믹스견,417000,개,000114,믹스견,흰색,2026(60일미만)(년생),2.6(Kg),전남-나주-2026-00297,20260314,20260324,http://openapi.animal.go.kr/openapi/service/rest/fileDownloadSrvc/files/shelter/2026/02/202603141403549.jpg,http://openapi.animal.go.kr/openapi/service/rest/fileDownloadSrvc/files/shelter/2026/02/202603141403299.jpg,보호중,F,N,집주변대나무밭에서구조 생후2개월정도로보임,346483202100001,나주유기동물보호센터,010-2331-7377,전라남도 나주시 산포면 내기3길 71-43 [*미고시] ,조왕애,전라남도 나주시,2026-03-14 14:50:10.0,,,종합백신,,,,,
446483202600296,20260314,나주시세지면발산길12-23,[개] 믹스견,417000,개,000114,믹스견,흰색,2026(60일미만)(년생),3.2(Kg),전남-나주-2026-00296,20260314,20260324,http://openapi.animal.go.kr/openapi/service/rest/fileDownloadSrvc/files/shelter/2026/02/202603141403939.jpg,http://openapi.animal.go.kr/openapi/service/rest/fileDownloadSrvc/files/shelter/2026/02/202603141403988.jpg,보호중,M,N,집주변대나무밭에서구조 생후2개월정도로보임,346483202100001,나주유기동물보호센터,010-2331-7377,전라남도 나주시 산포면 내기3길 71-43 [*미고시] ,조왕애,전라남도 나주시,2026-03-14 14:50:10.0,,,종합백신,,,,,
445464202600891,20260314,용복동 이마트24,[개] 믹스견,417000,개,000114,믹스견,검정&흰색,2026(60일미만)(년생),2.1(Kg),전북-전주-2026-00150,20260314,20260323,http://openapi.animal.go.kr/openapi/service/rest/fileDownloadSrvc/files/shelter/2026/02/202603142003266.jpg,http://openapi.animal.go.kr/openapi/service/rest/fileDownloadSrvc/files/shelter/2026/02/202603142003301.jpg,보호중,F,N,수로에서 구조,345464200900001,프렌즈동물병원,063-227-4975,전라북도 전주시 완산구 삼천동1가 592-1,김희은,전북특별자치도 전주시,2026-03-14 20:59:48.0,,,,,,,,
443571202600148,20260314,오송읍 정중리 684,[개] 진도견,417000,개,000067,진도견,흰색,2026(년생),6(Kg),충북-청주-2026-00148,20260314,20260324,http://openapi.animal.go.kr/openapi/service/rest/fileDownloadSrvc/files/shelter/2026/02/202603141703868.jpg,http://openapi.animal.go.kr/openapi/service/rest/fileDownloadSrvc/files/shelter/2026/02/202603141703667.jpg,보호중,M,N,"5개월령 추정, 겁이 많은 아이",343571201600001,반려동물보호센터,043-201-2298,충청북도 청주시 흥덕구 강내면 서부로 411-23  청주시 반려동물 보호센터,청주시청,충청북도 청주시,2026-03-15 14:03:00.0,,,,,,,,
442418202600078,20260314,남면 가정중학교 부근,[개] 믹스견,417000,개,000114,믹스견,검정&흰색,2025(년생),6(Kg),강원-춘천-2026-00040,20260314,20260324,http://openapi.animal.go.kr/openapi/service/rest/fileDownloadSrvc/files/shelter/2026/02/20260314100353.jpg,http://openapi.animal.go.kr/openapi/service/rest/fileDownloadSrvc/files/shelter/2026/02/20260314100376.jpg,보호중,M,U,"온순함,체리아이",342418201300001,춘천시 동물보호센터,033-245-5351,강원도 춘천시 신북읍 영서로 3282 (신북읍) (전)102보충대 주차장,춘천시장,강원특별자치도 춘천시,2026-03-14 10:26:25.0,,,,,,,,
442418202600077,20260314,남면 가정중학교 부근,[개] 믹스견,417000,개,000114,믹스견,갈색,2025(년생),6(Kg),강원-춘천-2026-00039,20260314,20260324,http://openapi.animal.go.kr/openapi/service/rest/fileDownloadSrvc/files/shelter/2026/02/202603141003530.jpg,http://openapi.animal.go.kr/openapi/service/rest/fileDownloadSrvc/files/shelter/2026/02/202603141003565.jpg,보호중,M,U,겁조금있음,342418201300001,춘천시 동물보호센터,033-245-5351,강원도 춘천시 신북읍 영서로 3282 (신북읍) (전)102보충대 주차장,춘천시장,강원특별자치도 춘천시,2026-03-14 10:26:24.0,,,,,,,,
441570202600099,20260314,멱곡동 멱곡1길,[개] 도베르만,417000,개,000041,도베르만,기타(블랙탄),2021(년생),40.00(Kg),경기-여주-2026-00099,20260314,20260324,http://openapi.animal.go.kr/openapi/service/rest/fileDownloadSrvc/files/shelter/2026/02/202603141303177.jpg,http://openapi.animal.go.kr/openapi/service/rest/fileDownloadSrvc/files/shelter/2026/02/202603141303206.jpg,보호중,M,Y,매우온순함,341570201900003,위더스 동물보호센터,031-882-4381,경기도 여주시 여양2로 42 (천송동) ,이소라,경기도 여주시,2026-03-14 13:39:02.0,,,종합백신,"파보,홍역,원충",,,,
441401202600066,20260314,시흥대로 268번길 50-39,[개] 믹스견,417000,개,000114,믹스견,흰색,2026(60일미만)(년생),3.1(Kg),경기-시흥-2026-00067,20260314,20260324,http://openapi.animal.go.kr/openapi/service/rest/fileDownloadSrvc/files/shelter/2026/02/202603141603824.jpg,http://openapi.animal.go.kr/openapi/service/rest/fileDownloadSrvc/files/shelter/2026/02/202603141603863.jpg,보호중,M,N,"얼룩무늬 코가 매력적, 실물로 보면 빠져나올 수 없는 치명적 매력",341401202200001,시흥동물누리보호센터,031-310-6945,경기도 시흥시 뒷방울길 218 (정왕동) ,시흥시,경기도 시흥시,2026-03-14 16:10:20.0,,,,파보,,,,
441401202600065,20260314,마유로 20번길 83,[개] 믹스견,417000,개,000114,믹스견,갈색,2026(년생),9(Kg),경기-시흥-2026-00066,20260314,20260324,http://openapi.animal.go.kr/openapi/service/rest/fileDownloadSrvc/files/shelter/2026/02/20260314150312.jpg,http://openapi.animal.go.kr/openapi/service/rest/fileDownloadSrvc/files/shelter/2026/02/20260314150337.jpg,보호중,F,N,"생후 5개월령 추정, 끈끈이 붙은 채 발견, 산책 좋아하는 귀여운 아기강아지",341401202200001,시흥동물누리보호센터,031-310-6945,경기도 시흥시 뒷방울길 218 (정왕동) ,시흥시,경기도 시흥시,2026-03-14 15:26:13.0,,,"광견병,종합백신","파보,코로나,원충",,,,
441401202600064,20260314,마유로 20번길 83,[개] 믹스견,417000,개,000114,믹스견,갈색,2023(년생),10(Kg),경기-시흥-2026-00065,20260314,20260324,http://openapi.animal.go.kr/openapi/service/rest/fileDownloadSrvc/files/shelter/2026/02/202603141503690.jpg,http://openapi.animal.go.kr/openapi/service/rest/fileDownloadSrvc/files/shelter/2026/02/202603141503708.jpg,보호중,F,U,"목줄 있는 상태로 발견, 사람에게 금방 곁을 내주는 순한 아이",341401202200001,시흥동물누리보호센터,031-310-6945,경기도 시흥시 뒷방울길 218 (정왕동) ,시흥시,경기도 시흥시,2026-03-14 15:26:13.0,,,"광견병,종합백신","사상충,파보,코로나,원충",,,,
441401202600063,20260314,매화1로 30,[개] 스피츠,417000,개,000124,스피츠,크림색,2023(년생),16(Kg),경기-시흥-2026-00064,20260314,20260324,http://openapi.animal.go.kr/openapi/service/rest/fileDownloadSrvc/files/shelter/2026/02/202603141003480.jpg,http://openapi.animal.go.kr/openapi/service/rest/fileDownloadSrvc/files/shelter/2026/02/202603141003500.jpg,보호중,M,Y,"목줄 착용한 상태로 발견, 통통이, 만지는 것은 괜찮으나 안는 것은 싫어함",341401202200001,시흥동물누리보호센터,031-310-6945,경기도 시흥시 뒷방울길 218 (정왕동) ,시흥시,경기도 시흥시,2026-03-14 10:09:09.0,,,"광견병,종합백신","사상충,파보,코로나,원충",,,,
441399202600090,20260314,청학주공 7단지,[개] 믹스견,417000,개,000114,믹스견,검정&흰색,2024(년생),2.4(Kg),경기-남양주-2026-00090,20260314,20260324,http://openapi.animal.go.kr/openapi/service/rest/fileDownloadSrvc/files/shelter/2026/02/202603141503435.jpg,http://openapi.animal.go.kr/openapi/service/rest/fileDownloadSrvc/files/shelter/2026/02/202603141503471.jpg,보호중,M,N,순하고 귀여우며 사람을 좋아함,341399202200002,남양주시동물보호센터,031-590-2785,경기도 남양주시 경강로163번길 32-27 (이패동) ,남양주시장,경기도 남양주시,2026-03-16 12:53:18.0,,,"광견병,종합백신,코로나","사상충,파보,코로나,홍역",,,,
441394202600254,20260314,행신동1108-3부근,[개] 믹스견,417000,개,000114,믹스견,검정&흰색,2026(60일미만)(년생),2.4(Kg),경기-고양-2026-00109,20260314,20260324,http://openapi.animal.go.kr/openapi/service/rest/fileDownloadSrvc/files/shelter/2026/02/202603141503333[1].jpg,http://openapi.animal.go.kr/openapi/service/rest/fileDownloadSrvc/files/shelter/2026/02/202603141503391.jpg,보호중,M,N,강아지(임시보호26.03.16~05.15)),341394201400001,고양시동물보호센터,031-962-3232,"경기도 고양시 덕양구 고양대로 1695 (원흥동, 고양시 농업기술센터) 고양시동물보호센터",권지선,경기도 고양시,2026-03-17 10:59:52.0,,,"종합백신,코로나","파보,코로나,홍역",,,,
441393202600189,20260314,부곡파출소에서 인수,[개] 비숑 프리제,417000,개,000018,비숑 프리제,기타(백),2021(년생),6(Kg),경기-안산-2026-00126,20260314,20260324,http://openapi.animal.go.kr/openapi/service/rest/fileDownloadSrvc/files/shelter/2026/02/202603141203946[1].jpg,http://openapi.animal.go.kr/openapi/service/rest/fileDownloadSrvc/files/shelter/2026/02/20260314120367.jpg,종료(반환),M,N,"눈물자국심함,부정교합",341393200900001,한국야생동물보호협회,031-296-0124,경기도 안산시 상록구 청곡길 50 (부곡동) 안산시 상록구 부곡동 231-5,박한웅,경기도 안산시,2026-03-16 17:30:40.0,,,,,,,,
441391202600167,20260314,평남로 48,[개] 믹스견,417000,개,000114,믹스견,갈색&흰색,2026(60일미만)(년생),8(Kg),경기-평택-2026-00166,20260314,20260324,http://openapi.animal.go.kr/openapi/service/rest/fileDownloadSrvc/files/shelter/2026/02/202603141603484[1].jpg,http://openapi.animal.go.kr/openapi/service/rest/fileDownloadSrvc/files/shelter/2026/02/202603141603660.jpg,보호중,M,U,"중형 사이즈 믹스견,  빨간 목줄",341391202500001,평택시동물보호센터,031-8024-8080,경기도 평택시 청북읍 청북로 497  ,평택시장,경기도 평택시,2026-03-14 16:53:18.0,,,,,,,,
441391202600166,20260314,팽성 119안전센터,[개] 믹스견,417000,개,000114,믹스견,갈색&검정&흰색,2021(년생),9.6(Kg),경기-평택-2026-00165,20260314,20260324,http://openapi.animal.go.kr/openapi/service/rest/fileDownloadSrvc/files/shelter/2026/02/202603141603471.jpg,http://openapi.animal.go.kr/openapi/service/rest/fileDownloadSrvc/files/shelter/2026/02/202603141603516.jpg,종료(반환),F,U,"온순한 여자아이, 좌안 체리아이/충혈, 칩있음",341391202500001,평택시동물보호센터,031-8024-8080,경기도 평택시 청북읍 청북로 497  ,평택시장,경기도 평택시,2026-03-16 09:37:07.0,410100004134820,-,,,,,,
441386202600085,20260314,소사로 125번길 52-11,[고양이] 한국 고양이,422400,고양이,000200,한국 고양이,레몬색&흰색,2025(년생),4(Kg),경기-부천-2026-00085,20260314,20260324,http://openapi.animal.go.kr/openapi/service/rest/fileDownloadSrvc/files/shelter/2026/02/20260314110388.jpg,http://openapi.animal.go.kr/openapi/service/rest/fileDownloadSrvc/files/shelter/2026/02/202603141103939.jpg,종료(자연사),M,U,"안질환, 기립 불능, 예후 불량",341386201800001,가나동물병원,032-665-0075,경기도 부천시 소사구 경인로 72 (송내동) ,최화락,경기도 부천시,2026-03-16 10:44:40.0,,,,,"원인 불명, 기력 없음, 식사 거부",,,
427343202600139,20260314,달천천로 186,[개] 말티즈,417000,개,000072,말티즈,흰색,2020(년생),5.0(Kg),대구-서구-2026-00063,20260314,20260324,http://openapi.animal.go.kr/openapi/service/rest/fileDownloadSrvc/files/shelter/2026/02/202603140903916.jpg,http://openapi.animal.go.kr/openapi/service/rest/fileDownloadSrvc/files/shelter/2026/02/202603140903959.jpg,종료(반환),M,N,"토끼 문양의흰색 옷,검정색하네스 착용",327343201500005,대구시수의사회(평리),053-552-0075,대구광역시 서구 서대구로 189 (평리동) 2층,유동인,대구광역시 서구,2026-03-17 11:10:21.0,,,,,,,,
427341202600050,20260314,남산로 3안길 9,[고양이] 한국 고양이,422400,고양이,000200,한국 고양이,레몬색&흰색,2026(60일미만)(년생),0.8(Kg),대구-중구-2026-00034,20260314,20260324,http://openapi.animal.go.kr/openapi/service/rest/fileDownloadSrvc/files/shelter/2026/02/202603141803898.jpg,http://openapi.animal.go.kr/openapi/service/rest/fileDownloadSrvc/files/shelter/2026/02/202603141803955.jpg,보호중,F,N,"1-2달 추정 , 눈 치료중",327341201200004,대구시수의사회(동산),053-254-3366,대구광역시 중구 남성로 서성로 34 (남성로) ,박준서,대구광역시 중구,2026-03-14 18:46:46.0,,,,,,,,
427341202600049,20260314,2.28공원,[고양이] 한국 고양이,422400,고양이,000200,한국 고양이,기타(밤갈색),2026(60일미만)(년생),0.8(Kg),대구-중구-2026-00033,20260314,20260324,http://openapi.animal.go.kr/openapi/service/rest/fileDownloadSrvc/files/shelter/2026/02/202603141803456.jpg,http://openapi.animal.go.kr/openapi/service/rest/fileDownloadSrvc/files/shelter/2026/02/202603141803517.jpg,보호중,F,N,2-3달 추정,327341201200004,대구시수의사회(동산),053-254-3366,대구광역시 중구 남성로 서성로 34 (남성로) ,박준서,대구광역시 중구,2026-03-14 18:46:36.0,,,,,,,,
411305202600079,20260314,"서울 동대문구 외대역동로 63-27 (휘경동, 휘경자이디센시아) 인근",[개] 믹스견,417000,개,000114,믹스견,기타(흰색),2023(년생),12.8(Kg),서울-동대문-2026-00071,20260314,20260324,http://openapi.animal.go.kr/openapi/service/rest/fileDownloadSrvc/files/shelter/2026/02/202603141303356.jpg,http://openapi.animal.go.kr/openapi/service/rest/fileDownloadSrvc/files/shelter/2026/02/202603141303383.jpg,보호중,F,U,눈곱. 코 핑크. 온순. 활발. 겁 조금. 꼬리 단미 안됨. 털 상태 양호. ,311305201300001,한국동물구조관리협회,031-867-9119,경기도 양주시 남면 감악산로 63-37 ,김철훈,서울특별시 동대문구,2026-03-14 13:58:51.0,,,,,,,,
441398202600062,20260314," 경기 구리시 인창2로 33 (인창동, 해담채빌)",[개] 믹스견,417000,개,000114,믹스견,흰색,2024(년생),2.8(Kg),경기-구리-2026-00035,20260313,20260313,http://openapi.animal.go.kr/openapi/service/rest/fileDownloadSrvc/files/shelter/2026/02/202603141703693.jpg,http://openapi.animal.go.kr/openapi/service/rest/fileDownloadSrvc/files/shelter/2026/02/202603141703707.jpg,보호중,F,U,온순. 활발. 친화적. 사람 좋아함.,341398202300001,구리시 반려돌봄센터,031-566-0059,경기도 구리시 동구릉로136번길 57 (인창동) 2층,구리시,경기도 구리시,2026-03-14 17:58:54.0,,,,,,,,http://openapi.animal.go.kr/openapi/service/rest/fileDownloadSrvc/files/shelter/2026/02/202603141703719.jpg
448544202600067,20260313,경상남도 하동군 북천면 화정길 113-2,[개] 믹스견,417000,개,000114,믹스견,갈색,2026(년생),1.5(Kg),경남-하동-2026-00051,20260317,20260327,http://openapi.animal.go.kr/openapi/service/rest/fileDownloadSrvc/files/shelter/2026/02/202603161103671.jpg,http://openapi.animal.go.kr/openapi/service/rest/fileDownloadSrvc/files/shelter/2026/02/202603161103882.jpg,보호중,F,N,어린개체. 순하고 귀여움,348544201100001,하동군유기동물보호소,055-880-2677,경상남도 하동군 적량면 한옥정길 90 (적량면) 유기동물보호소,하동군농업기술센터,경상남도 하동군,2026-03-17 13:34:05.0,,,,,,,,
448544202600066,20260313,경상남도 하동군 북천면 화정길 113-2,[개] 믹스견,417000,개,000114,믹스견,노란색,2026(년생),1.2(Kg),경남-하동-2026-00050,20260317,20260327,http://openapi.animal.go.kr/openapi/service/rest/fileDownloadSrvc/files/shelter/2026/02/202603161103787.jpg,http://openapi.animal.go.kr/openapi/service/rest/fileDownloadSrvc/files/shelter/2026/02/202603161103881.jpg,보호중,F,N,어린개체. 순하나 겁이많음,348544201100001,하동군유기동물보호소,055-880-2677,경상남도 하동군 적량면 한옥정길 90 (적량면) 유기동물보호소,하동군농업기술센터,경상남도 하동군,2026-03-17 13:34:30.0,,,,,,,,
448544202600065,20260313,경상남도 하동군 북천면 화정길 113-2,[개] 믹스견,417000,개,000114,믹스견,갈색&검정,2026(년생),1.4(Kg),경남-하동-2026-00049,20260317,20260327,http://openapi.animal.go.kr/openapi/service/rest/fileDownloadSrvc/files/shelter/2026/02/202603161103666.jpg,http://openapi.animal.go.kr/openapi/service/rest/fileDownloadSrvc/files/shelter/2026/02/202603161103762.jpg,보호중,M,N,"어린개체, 사람손을 잘타는 순둥이",348544201100001,하동군유기동물보호소,055-880-2677,경상남도 하동군 적량면 한옥정길 90 (적량면) 유기동물보호소,하동군농업기술센터,경상남도 하동군,2026-03-17 13:34:43.0,,,,,,,,
431369202600082,20260313,혜인학교,[개] 미니어쳐 푸들,417000,개,000078,미니어쳐 푸들,갈색,2016(년생),6.1(Kg),울산-중구-2026-00042,20260317,20260327,http://openapi.animal.go.kr/openapi/service/rest/fileDownloadSrvc/files/shelter/2026/02/202603171303772.jpg,http://openapi.animal.go.kr/openapi/service/rest/fileDownloadSrvc/files/shelter/2026/02/202603171303483.jpg,보호중,F,U,온순함,331369201400003,울산유기동물보호센터,052-238-6113,울산광역시 울주군 온양읍 화산발리로 543 (온양읍) ,조구래,울산광역시 중구,2026-03-17 13:17:35.0,,,,,,,,
430364202600117,20260313,가오동 116 주변,[고양이] 한국 고양이,422400,고양이,000200,한국 고양이,검은색흰색황토색조합,2024(년생),3(Kg),대전-동구-2026-00030,20260317,20260327,http://openapi.animal.go.kr/openapi/service/rest/fileDownloadSrvc/files/shelter/2026/02/202603170903733.png,http://openapi.animal.go.kr/openapi/service/rest/fileDownloadSrvc/files/shelter/2026/02/20260317090334.png,보호중,F,U,안면부 화상,330364202000001,대전동물보호센터,042-270-7239,대전광역시 유성구 금남구즉로 1234 (금고동) 대전광역시 동물보호센터,대전광역시,대전광역시 동구,2026-03-17 13:22:37.0,,,,,,,,
448535202600122,20260313,김해시 대동면 덕산리 637,[개] 믹스견,417000,개,000114,믹스견,갈색&흰색,2021(년생),10(Kg),경남-김해-2026-00114,20260316,20260326,http://openapi.animal.go.kr/openapi/service/rest/fileDownloadSrvc/files/shelter/2026/02/20260316090343.png,http://openapi.animal.go.kr/openapi/service/rest/fileDownloadSrvc/files/shelter/2026/02/202603160903935.png,보호중,F,U,"김해시-114, 다리부상, 기립저하",348535202400001,(사)동물보호관리협회,051-971-6208,부산광역시 강서구 가락대로1283번길 25-2 (봉림동) ,변재갑,경상남도 김해시,2026-03-16 09:29:52.0,,,,,,,,
448535202600121,20260313,김해시 상동119 안전센타,[개] 믹스견,417000,개,000114,믹스견,흰색,2023(년생),8(Kg),경남-김해-2026-00113,20260316,20260326,http://openapi.animal.go.kr/openapi/service/rest/fileDownloadSrvc/files/shelter/2026/02/202603160903872.png,http://openapi.animal.go.kr/openapi/service/rest/fileDownloadSrvc/files/shelter/2026/02/202603160903532.png,보호중,M,U,"김해시-113, 뒷 다리 부상, 기립저하",348535202400001,(사)동물보호관리협회,051-971-6208,부산광역시 강서구 가락대로1283번길 25-2 (봉림동) ,변재갑,경상남도 김해시,2026-03-16 09:29:52.0,,,,,,,,
447509202600081,20260313,구성로198번길 21-23 운강사 부근,[개] 믹스견,417000,개,000114,믹스견,엷은 황갈색&흰색,2019(년생),9.8(Kg),경북-영주-2026-00080,20260316,20260326,http://openapi.animal.go.kr/openapi/service/rest/fileDownloadSrvc/files/shelter/2026/02/202603161103961.jpeg,http://openapi.animal.go.kr/openapi/service/rest/fileDownloadSrvc/files/shelter/2026/02/202603161103748.jpeg,보호중,M,N,순함,347509200900001,영주시 동물보호센터,054-631-3997,경상북도 영주시 장수면 반구로 143 [*미고시] 영주시동물보호센터,영주시 농업기술센터,경상북도 영주시,2026-03-16 11:57:59.0,,,,,,,,
447509202600080,20260313,구성로198번길 21-23 운강사 부근,[개] 믹스견,417000,개,000114,믹스견,흰색&갈색&탄,2023(년생),4.56(Kg),경북-영주-2026-00079,20260316,20260326,http://openapi.animal.go.kr/openapi/service/rest/fileDownloadSrvc/files/shelter/2026/02/202603161103224.jpeg,http://openapi.animal.go.kr/openapi/service/rest/fileDownloadSrvc/files/shelter/2026/02/202603161103927.jpeg,보호중,F,N,"순함, 사람 잘 따름",347509200900001,영주시 동물보호센터,054-631-3997,경상북도 영주시 장수면 반구로 143 [*미고시] 영주시동물보호센터,영주시 농업기술센터,경상북도 영주시,2026-03-16 11:57:59.0,,,,,,,,
446494202600084,20260313,영암읍 영암로 1569,[개] 믹스견,417000,개,000114,믹스견,검정&흰색,2022(년생),12(Kg),전남-영암-2026-00084,20260316,20260326,http://openapi.animal.go.kr/openapi/service/rest/fileDownloadSrvc/files/shelter/2026/02/202603161703680.png,http://openapi.animal.go.kr/openapi/service/rest/fileDownloadSrvc/files/shelter/2026/02/202603161703689.png,보호중,M,N,사고로 허리 이하를 쓰지 못함,346494201700001,유기동물 삼호 보호소,010-9599-5400,전라남도 영암군 삼호읍 녹색로 1117-49 (삼호읍) 영암유기동물 삼호보호소,임동원,전라남도 영암군,2026-03-16 17:49:10.0,,,,,,,,
445468202600337,20260313,익산시 황등면 시와로 63 제일사료,[개] 믹스견,417000,개,000114,믹스견,갈색&흰색,2022(년생),9(Kg),전북-익산-2026-00272,20260316,20260326,http://openapi.animal.go.kr/openapi/service/rest/fileDownloadSrvc/files/shelter/2026/02/202603161403241.jpg,http://openapi.animal.go.kr/openapi/service/rest/fileDownloadSrvc/files/shelter/2026/02/202603161403267.jpg,보호중,F,N,빨간 목테 착용하고있으며 겁이 많아 도망다님,345468201200001,익산유기동물보호소,063-855-1214,전북특별자치도 익산시 삼기면 황금로 342-17  ,임종현,전북특별자치도 익산시,2026-03-16 14:42:10.0,,,,,,,,
445468202600332,20260313,용안면 하우스밭,[개] 믹스견,417000,개,000114,믹스견,갈색&검정,2026(60일미만)(년생),2(Kg),전북-익산-2026-00267,20260316,20260326,http://openapi.animal.go.kr/openapi/service/rest/fileDownloadSrvc/files/shelter/2026/02/202603131303307.jpg,http://openapi.animal.go.kr/openapi/service/rest/fileDownloadSrvc/files/shelter/2026/02/202603131303333.jpg,보호중,F,N,생후2개월정도 되었으며 작고 순하고 사람을 좋아함,345468201200001,익산유기동물보호소,063-855-1214,전북특별자치도 익산시 삼기면 황금로 342-17  ,임종현,전북특별자치도 익산시,2026-03-16 09:04:18.0,,,,,,,,
445468202600331,20260313,용안면 하우스밭,[개] 믹스견,417000,개,000114,믹스견,갈색&검정&흰색,2026(60일미만)(년생),2(Kg),전북-익산-2026-00266,20260316,20260326,http://openapi.animal.go.kr/openapi/service/rest/fileDownloadSrvc/files/shelter/2026/02/202603131303591.jpg,http://openapi.animal.go.kr/openapi/service/rest/fileDownloadSrvc/files/shelter/2026/02/202603131303610.jpg,보호중,F,N,생후2개월정도 되었으며 작고 순하며 겁이많음,345468201200001,익산유기동물보호소,063-855-1214,전북특별자치도 익산시 삼기면 황금로 342-17  ,임종현,전북특별자치도 익산시,2026-03-16 09:04:07.0,,,,,,,,
445468202600330,20260313,용안면 하우스밭,[개] 믹스견,417000,개,000114,믹스견,갈색&검정,2026(60일미만)(년생),2(Kg),전북-익산-2026-00265,20260316,20260326,http://openapi.animal.go.kr/openapi/service/rest/fileDownloadSrvc/files/shelter/2026/02/202603131303299.jpg,http://openapi.animal.go.kr/openapi/service/rest/fileDownloadSrvc/files/shelter/2026/02/202603131303317.jpg,보호중,M,N,생후2개월정도 되었으며 작고 순하며 겁이많음,345468201200001,익산유기동물보호소,063-855-1214,전북특별자치도 익산시 삼기면 황금로 342-17  ,임종현,전북특별자치도 익산시,2026-03-16 09:03:54.0,,,,,,,,
445468202600329,20260313,익산시 황등면 익산대로 1214 천일택배,[개] 믹스견,417000,개,000114,믹스견,흰색,2025(년생),7(Kg),전북-익산-2026-00264,20260316,20260326,http://openapi.animal.go.kr/openapi/service/rest/fileDownloadSrvc/files/shelter/2026/02/202603131103883[1].jpg,http://openapi.animal.go.kr/openapi/service/rest/fileDownloadSrvc/files/shelter/2026/02/202603131103912.jpg,보호중,F,N,진도믹스견으로 많이 말라있으며 경계심이 조금 있음,345468201200001,익산유기동물보호소,063-855-1214,전북특별자치도 익산시 삼기면 황금로 342-17  ,임종현,전북특별자치도 익산시,2026-03-16 09:03:29.0,,,,,,,,
444462202600176,20260313,양지길 170-13,[개] 믹스견,417000,개,000114,믹스견,검정&황갈색,2026(60일미만)(년생),2(Kg),충남-태안-2026-00105,20260316,20260326,http://openapi.animal.go.kr/openapi/service/rest/fileDownloadSrvc/files/shelter/2026/02/202603161603442.jpg,http://openapi.animal.go.kr/openapi/service/rest/fileDownloadSrvc/files/shelter/2026/02/202603161603463[1].jpg,보호중,F,N,순하고 귀여움,344462200900001,최동물병원,041-672-0346,충청남도 태안군 태안읍 남문리 504-6,최기중,충청남도 태안군,2026-03-16 17:04:53.0,,,,,,,,
444457202600108,20260313,부여읍 군수2리 마을회관 뒤,[개] 믹스견,417000,개,000114,믹스견,흰색,2026(60일미만)(년생),3(Kg),충남-부여-2026-00072,20260316,20260326,http://openapi.animal.go.kr/openapi/service/rest/fileDownloadSrvc/files/shelter/2026/02/202603161003460.jpg,http://openapi.animal.go.kr/openapi/service/rest/fileDownloadSrvc/files/shelter/2026/02/202603161003468.jpg,보호중,M,N,2개월령추정,344457202000001,남부여동물보호소,041-837-8277,충청남도 부여군 임천면 위덕로47번길 36-12  (점리),이인백,충청남도 부여군,2026-03-17 11:59:43.0,,,"종합백신,호흡기","파보,원충",,,,
444450202600043,20260313,공주시 신관동 67,[고양이] 한국 고양이,422400,고양이,000200,한국 고양이,기타(검회색),2024(년생),5(Kg),충남-공주-2026-00044,20260316,20260330,http://openapi.animal.go.kr/openapi/service/rest/fileDownloadSrvc/files/shelter/2026/02/20260316090366.jpg,http://openapi.animal.go.kr/openapi/service/rest/fileDownloadSrvc/files/shelter/2026/02/202603160903110.jpg,종료(자연사),F,Y,"좌측 단이, 심한 구내염, 상태 및 예후 불량",344450202200001,공주시 동물보호센터,041-840-3495,충청남도 공주시 우성면 내산목천길 52-15  ,공주시,충청남도 공주시,2026-03-16 15:44:15.0,,,,,입소시 상태 및 예후 불량,,,
441374202600169,20260313,권선구 수인로151번길 12(서둔동),[기타축종] 토끼,429900,기타,000117,기타축종,기타(갈색),2026(년생),1.60(Kg),경기-수원-2026-00080,20260316,20260326,http://openapi.animal.go.kr/openapi/service/rest/fileDownloadSrvc/files/shelter/2026/02/202603160903745.jpg,http://openapi.animal.go.kr/openapi/service/rest/fileDownloadSrvc/files/shelter/2026/02/202603160903772.jpg,보호중,F,N,"토끼, 어림(1년미만)",341374202000001,수원시 동물보호센터,031-5191-3557,"경기도 수원시 영통구 광교호수로 234 (하동, 수원시 동물보호센터) 하동 40-10",수원시장,경기도 수원시,2026-03-16 09:41:58.0,,,,,,,,
431372202600114,20260313,차일1길,[고양이] 페르시안,422400,고양이,00214,페르시안,기타(흰/검정색),2024(년생),3(Kg),울산-북구-2026-00040,20260316,20260326,http://openapi.animal.go.kr/openapi/service/rest/fileDownloadSrvc/files/shelter/2026/02/202603161003659.jpg,http://openapi.animal.go.kr/openapi/service/rest/fileDownloadSrvc/files/shelter/2026/02/202603161003682.jpg,보호중,Q,N,예쁘고 얌전함,331372201200001,울산유기동물보호센터,052-238-6113,울산광역시 울주군 온양읍 화산발리로 543  ,조구래,울산광역시 북구,2026-03-16 10:07:10.0,,,,,,,,
428354202600108,20260313,충선로8번길39,[고양이] 한국 고양이,422400,고양이,000200,한국 고양이,흰색/검은색 얼룩무늬,2020(년생),3(Kg),인천-부평-2026-00070,20260316,20260326,http://openapi.animal.go.kr/openapi/service/rest/fileDownloadSrvc/files/shelter/2026/02/202603140003999.jpg,http://openapi.animal.go.kr/openapi/service/rest/fileDownloadSrvc/files/shelter/2026/02/202603140003490.jpg,보호중,M,Y,"심한 탈진 기아 상태,구내염",328354201700002,늘푸른동물병원,032-507-0075,인천광역시 부평구 후정동로 60 (삼산동) ,성환규,인천광역시 부평구,2026-03-16 09:02:01.0,,,,,,,,
428351202600069,20260313,주안동 628-13 터빌리지 A동 근처,[개] 프렌치 불독,417000,개,000050,프렌치 불독,크림색,2024(년생),9.10(Kg),인천-미추홀-2026-00055,20260316,20260326,http://openapi.animal.go.kr/openapi/service/rest/fileDownloadSrvc/files/shelter/2026/02/202603131803606.jpg,http://openapi.animal.go.kr/openapi/service/rest/fileDownloadSrvc/files/shelter/2026/02/202603131803625.jpg,보호중,F,N,"콧물, 긴장했지만 온순한 편임 ",328351200900001,경동동물병원,032-765-9988,인천광역시 중구 개항로 68 (경동) ,이광태,인천광역시 미추홀구,2026-03-16 10:19:03.0,,,,,,,,
426329202600045,20260313,부산진구 동평호 225번길 14,[고양이] 한국 고양이,422400,고양이,000200,한국 고양이,검정색,2026(년생),0.8(Kg),부산-부산진-2026-00028,20260316,20260326,http://openapi.animal.go.kr/openapi/service/rest/fileDownloadSrvc/files/shelter/2026/02/202603160903871.png,http://openapi.animal.go.kr/openapi/service/rest/fileDownloadSrvc/files/shelter/2026/02/202603160903906.png,보호중,Q,N,따로 없음,326329202600001,동물보호관리협회,051-971-6208,부산광역시 강서구 가락대로1283번길 25-2 (봉림동) ,변재갑,부산광역시 부산진구,2026-03-16 09:29:56.0,,,,,,,,
411324202600061,20260313,고덕로20라길25,[개] 푸들,417000,개,000128,푸들,검정색,2026(60일미만)(년생),1.3(Kg),서울-강동-2026-00026,20260316,20260330,http://openapi.animal.go.kr/openapi/service/rest/fileDownloadSrvc/files/shelter/2026/02/202603131603710.jpg,http://openapi.animal.go.kr/openapi/service/rest/fileDownloadSrvc/files/shelter/2026/02/202603131603735.jpg,보호중,F,N,온순함,311324201600002,둔촌동물병원,02-474-5100,서울특별시 강동구 양재대로 1385 (성내동) 둔촌동물병원,윤형선,서울특별시 강동구,2026-03-16 11:18:36.0,410100012575237,-,,,,,,
411324202600060,20260313,고덕로20라길25,[개] 푸들,417000,개,000128,푸들,갈색,2026(60일미만)(년생),1.4(Kg),서울-강동-2026-00025,20260316,20260330,http://openapi.animal.go.kr/openapi/service/rest/fileDownloadSrvc/files/shelter/2026/02/20260313160320[1].jpg,http://openapi.animal.go.kr/openapi/service/rest/fileDownloadSrvc/files/shelter/2026/02/20260313160391.jpg,보호중,F,N,온순함,311324201600002,둔촌동물병원,02-474-5100,서울특별시 강동구 양재대로 1385 (성내동) 둔촌동물병원,윤형선,서울특별시 강동구,2026-03-16 11:18:26.0,410100012575249,-,,,,,,
430365202600044,20260313,보문산공원로 497 번안길 63 주변 ,[개] 믹스견,417000,개,000114,믹스견,흰색,2020(년생),5(Kg),대전-중구-2026-00022,20260315,20260315,http://openapi.animal.go.kr/openapi/service/rest/fileDownloadSrvc/files/shelter/2026/02/202603160903690.png,http://openapi.animal.go.kr/openapi/service/rest/fileDownloadSrvc/files/shelter/2026/02/202603160903705.png,보호중,F,U,특이사항 없음,330365202000001,대전동물보호센터,042-270-7239,대전광역시 유성구 금남구즉로 1234 (금고동) 대전광역시 동물보호센터,대전광역시,대전광역시 중구,2026-03-16 09:07:01.0,,,,,,,,
450650202600570,20260313,서귀포시 표선면 하천리 2151 축사인근,[개] 믹스견,417000,개,000114,믹스견,갈색,2026(60일미만)(년생),3.1(Kg),제주-제주-2026-00558,20260314,20260324,http://openapi.animal.go.kr/openapi/service/rest/fileDownloadSrvc/files/shelter/2026/02/202603140903986.jpg,http://openapi.animal.go.kr/openapi/service/rest/fileDownloadSrvc/files/shelter/2026/02/202603140903999.jpg,보호중,M,N,개체관리번호 0519 - 2개월,350650201200001,제주 동물보호센터,064-710-4065,제주특별자치도 제주시 첨단동길 184-14 (용강동) ,문성업,제주특별자치도,2026-03-14 09:46:27.0,,,,,,,,
450650202600569,20260313,서귀포시 표선면 하천리 2151 축사인근,[개] 믹스견,417000,개,000114,믹스견,갈색,2026(년생),2.8(Kg),제주-제주-2026-00557,20260314,20260324,http://openapi.animal.go.kr/openapi/service/rest/fileDownloadSrvc/files/shelter/2026/02/202603140903602.jpg,http://openapi.animal.go.kr/openapi/service/rest/fileDownloadSrvc/files/shelter/2026/02/202603140903612.jpg,보호중,F,N,개체관리번호 0518 - 2개월,350650201200001,제주 동물보호센터,064-710-4065,제주특별자치도 제주시 첨단동길 184-14 (용강동) ,문성업,제주특별자치도,2026-03-14 09:46:27.0,,,,,,,,
450650202600568,20260313,서귀포시 표선면 성읍리 612,[개] 믹스견,417000,개,000114,믹스견,검정색,2023(년생),16.5(Kg),제주-제주-2026-00556,20260314,20260324,http://openapi.animal.go.kr/openapi/service/rest/fileDownloadSrvc/files/shelter/2026/02/202603140903359[2].jpg,http://openapi.animal.go.kr/openapi/service/rest/fileDownloadSrvc/files/shelter/2026/02/202603140903420.jpg,보호중,M,N,개체관리번호 0517 - 빨간목줄/우후지골반골절,350650201200001,제주 동물보호센터,064-710-4065,제주특별자치도 제주시 첨단동길 184-14 (용강동) ,문성업,제주특별자치도,2026-03-14 11:02:01.0,,,,,,,,
450650202600567,20260313,서귀포시 안덕면 동광리 1424-2,[개] 믹스견,417000,개,000114,믹스견,흰색,2024(년생),18.7(Kg),제주-제주-2026-00555,20260314,20260324,http://openapi.animal.go.kr/openapi/service/rest/fileDownloadSrvc/files/shelter/2026/02/202603140903238.jpg,http://openapi.animal.go.kr/openapi/service/rest/fileDownloadSrvc/files/shelter/2026/02/202603140903249.jpg,보호중,M,N,개체관리번호 0516 ,350650201200001,제주 동물보호센터,064-710-4065,제주특별자치도 제주시 첨단동길 184-14 (용강동) ,문성업,제주특별자치도,2026-03-14 09:46:26.0,,,,,,,,
446493202600055,20260313,송지면 금강리,[개] 테리어 믹스견,417000,개,000115,기타,갈색&흰색,2022(년생),9.86(Kg),전남-해남-2026-00055,20260314,20260324,http://openapi.animal.go.kr/openapi/service/rest/fileDownloadSrvc/files/shelter/2026/02/202603131503192[2].jpg,http://openapi.animal.go.kr/openapi/service/rest/fileDownloadSrvc/files/shelter/2026/02/202603131503305[2].jpg,보호중,M,U,사람을 잘따름.,346493200900001,해남유기동물보호센터,061-531-3916,전라남도 해남군 해남읍 용머리길 14-37  ,명현관,전라남도 해남군,2026-03-13 17:10:26.0,,,,,,,,
446493202600054,20260313,송지면 금강리,[개] 믹스견,417000,개,000114,믹스견,갈색&흰색,2026(년생),2.36(Kg),전남-해남-2026-00054,20260314,20260324,http://openapi.animal.go.kr/openapi/service/rest/fileDownloadSrvc/files/shelter/2026/02/202603131503314[1].jpg,http://openapi.animal.go.kr/openapi/service/rest/fileDownloadSrvc/files/shelter/2026/02/202603131503341.jpg,보호중,F,U,사람을 잘따름.,346493200900001,해남유기동물보호센터,061-531-3916,전라남도 해남군 해남읍 용머리길 14-37  ,명현관,전라남도 해남군,2026-03-13 17:10:13.0,,,,,,,,
446493202600053,20260313,송지면 금강리,[개] 믹스견,417000,개,000114,믹스견,갈색&흰색,2026(년생),2.87(Kg),전남-해남-2026-00053,20260314,20260324,http://openapi.animal.go.kr/openapi/service/rest/fileDownloadSrvc/files/shelter/2026/02/202603131503473.jpg,http://openapi.animal.go.kr/openapi/service/rest/fileDownloadSrvc/files/shelter/2026/02/202603131503499[1].jpg,보호중,F,U,사람을 잘따름.,346493200900001,해남유기동물보호센터,061-531-3916,전라남도 해남군 해남읍 용머리길 14-37  ,명현관,전라남도 해남군,2026-03-13 17:10:07.0,,,,,,,,
446493202600052,20260313,송지면 금강리,[개] 믹스견,417000,개,000114,믹스견,흰색,2026(년생),2.51(Kg),전남-해남-2026-00052,20260314,20260324,http://openapi.animal.go.kr/openapi/service/rest/fileDownloadSrvc/files/shelter/2026/02/20260313150393.jpg,http://openapi.animal.go.kr/openapi/service/rest/fileDownloadSrvc/files/shelter/2026/02/202603131503119.jpg,보호중,F,U,사람을 잘따름.,346493200900001,해남유기동물보호센터,061-531-3916,전라남도 해남군 해남읍 용머리길 14-37  ,명현관,전라남도 해남군,2026-03-13 17:09:58.0,,,,,,,,
446493202600051,20260313,송지면 금강리,[개] 믹스견,417000,개,000114,믹스견,갈색&흰색,2026(년생),2.74(Kg),전남-해남-2026-00051,20260314,20260324,http://openapi.animal.go.kr/openapi/service/rest/fileDownloadSrvc/files/shelter/2026/02/202603131503534[1].jpg,http://openapi.animal.go.kr/openapi/service/rest/fileDownloadSrvc/files/shelter/2026/02/202603131503574.jpg,보호중,M,U,사람을 잘따름.,346493200900001,해남유기동물보호센터,061-531-3916,전라남도 해남군 해남읍 용머리길 14-37  ,명현관,전라남도 해남군,2026-03-13 17:09:47.0,,,,,,,,
446493202600050,20260313,송지면 금강리,[개] 믹스견,417000,개,000114,믹스견,갈색&흰색,2026(년생),2.63(Kg),전남-해남-2026-00050,20260314,20260324,http://openapi.animal.go.kr/openapi/service/rest/fileDownloadSrvc/files/shelter/2026/02/202603131503718[1].jpg,http://openapi.animal.go.kr/openapi/service/rest/fileDownloadSrvc/files/shelter/2026/02/202603131503744.jpg,보호중,F,U,사람을 잘따름.,346493200900001,해남유기동물보호센터,061-531-3916,전라남도 해남군 해남읍 용머리길 14-37  ,명현관,전라남도 해남군,2026-03-13 17:09:36.0,,,,,,,,
446493202600049,20260313,송지면 금강리,[개] 믹스견,417000,개,000114,믹스견,갈색&흰색,2026(년생),2.56(Kg),전남-해남-2026-00049,20260314,20260324,http://openapi.animal.go.kr/openapi/service/rest/fileDownloadSrvc/files/shelter/2026/02/202603131503262.jpg,http://openapi.animal.go.kr/openapi/service/rest/fileDownloadSrvc/files/shelter/2026/02/202603131503287.jpg,보호중,M,U,사람을 잘따름.,346493200900001,해남유기동물보호센터,061-531-3916,전라남도 해남군 해남읍 용머리길 14-37  ,명현관,전라남도 해남군,2026-03-13 17:09:24.0,,,,,,,,
446480202600172,20260313,홍익인간오피스텔,[고양이] 한국 고양이,422400,고양이,000200,한국 고양이,레몬색&흰색,2026(년생),2.2(Kg),전남-목포-2026-00105,20260314,20260324,http://openapi.animal.go.kr/openapi/service/rest/fileDownloadSrvc/files/shelter/2026/02/202603132103617.jpg,http://openapi.animal.go.kr/openapi/service/rest/fileDownloadSrvc/files/shelter/2026/02/202603132103681.jpg,종료(반환),F,N,"오피스텔 최고층에서 배회, 사람에게 친근하게 다가옴",346480201000001,목포시유기동물보호소,010-9678-9966,전라남도 무안군 삼향읍 석매길 36  ,김성진,전라남도 목포시,2026-03-15 00:29:01.0,,,,,,,,
444461202600115,20260313,공주대학교 학생회관,[고양이] 한국 고양이,422400,고양이,000200,한국 고양이,기타(검정&흰색),2023(년생),2.7(Kg),충남-예산-2026-00042,20260314,20260323,http://openapi.animal.go.kr/openapi/service/rest/fileDownloadSrvc/files/shelter/2026/02/202603141703502.jpg,http://openapi.animal.go.kr/openapi/service/rest/fileDownloadSrvc/files/shelter/2026/02/202603141703539.jpg,보호중,Q,U,잘 따르며 착함. 구내염 심함. 저체중. 식욕부진.,344461202400001,예산임시동물보호센터,041-339-7838,충청남도 예산군 예산읍 군청로 22  ,예산군,충청남도 예산군,2026-03-14 17:05:34.0,,,,,,,구내염 심하여 주사 처치 및 복용약물 처방받음. 물만 마심.,
441560202600134,20260313,경기 포천시 소흘읍 초가팔로2길 19 (초가팔리),[개] 믹스견,417000,개,000114,믹스견,기타(흰색),2024(년생),9.7(Kg),경기-포천-2026-00137,20260314,20260324,http://openapi.animal.go.kr/openapi/service/rest/fileDownloadSrvc/files/shelter/2026/02/20260314130316.jpg,http://openapi.animal.go.kr/openapi/service/rest/fileDownloadSrvc/files/shelter/2026/02/20260314130336.jpg,보호중,M,N,온순. 얌전. 조금 여윔. 분홍 코. 초록색 목줄 착용. 꼬리 단미 안됨. 털 때탐. ,341560201000002,한국동물구조관리협회,031-867-9119,경기도 양주시 남면 감악산로 63-37  ,김철훈,경기도 포천시,2026-03-14 13:54:57.0,,,,,,,,
441560202600133,20260313,경기 포천시 선단동 일원,[개] 믹스견,417000,개,000114,믹스견,갈색&검정,2024(년생),5(Kg),경기-포천-2026-00136,20260314,20260324,http://openapi.animal.go.kr/openapi/service/rest/fileDownloadSrvc/files/shelter/2026/02/20260314130360[1].jpg,http://openapi.animal.go.kr/openapi/service/rest/fileDownloadSrvc/files/shelter/2026/02/20260314130379.jpg,보호중,F,U,온순. 얌전. 조금 겁 있음. 노란색 하네스 착용. 콧등에 상처 흔적. 꼬리 단미 안됨. 털 상태 양호.,341560201000002,한국동물구조관리협회,031-867-9119,경기도 양주시 남면 감악산로 63-37  ,김철훈,경기도 포천시,2026-03-14 13:54:57.0,,,,,,,,
441560202600132,20260313,경기 포천시 신북면 포천로 2161 (심곡리),[개] 믹스견,417000,개,000114,믹스견,기타(흰색),2026(년생),2.7(Kg),경기-포천-2026-00135,20260314,20260324,http://openapi.animal.go.kr/openapi/service/rest/fileDownloadSrvc/files/shelter/2026/02/202603141303677.jpg,http://openapi.animal.go.kr/openapi/service/rest/fileDownloadSrvc/files/shelter/2026/02/202603141303689.jpg,보호중,M,N,온순. 얌전. 귀여움. 눈곱. 왕발. 사람 좋아함. 꼬리 단미 안됨. 털 많이 때탐. ,341560201000002,한국동물구조관리협회,031-867-9119,경기도 양주시 남면 감악산로 63-37  ,김철훈,경기도 포천시,2026-03-14 13:54:57.0,,,,,,,,
441560202600131,20260313,경기 포천시 신북면 포천로 2161 (심곡리),[개] 믹스견,417000,개,000114,믹스견,갈색&검정&흰색,2026(년생),2.4(Kg),경기-포천-2026-00134,20260314,20260324,http://openapi.animal.go.kr/openapi/service/rest/fileDownloadSrvc/files/shelter/2026/02/202603141303274.jpg,http://openapi.animal.go.kr/openapi/service/rest/fileDownloadSrvc/files/shelter/2026/02/202603141303288.jpg,보호중,F,U,온순. 얌전. 머즐 검정. 꼬리 검정. 사람 좋아함. 귀여움. 눈곱. 꼬리 단미 안됨. 털 상태 양호. ,341560201000002,한국동물구조관리협회,031-867-9119,경기도 양주시 남면 감악산로 63-37  ,김철훈,경기도 포천시,2026-03-14 13:54:57.0,,,,,,,,
441414202600073,20260313,경기 연천군 백학면 백두2길 일원,[개] 믹스견,417000,개,000114,믹스견,갈색&흰색,2018(년생),7.4(Kg),경기-연천-2026-00064,20260314,20260324,http://openapi.animal.go.kr/openapi/service/rest/fileDownloadSrvc/files/shelter/2026/02/202603141403560.jpg,http://openapi.animal.go.kr/openapi/service/rest/fileDownloadSrvc/files/shelter/2026/02/202603141403575.jpg,보호중,M,Y,보라색끊어진목줄/하네스착용(방울달림).겁있음.방어적입질.눈곱.치주염.꼬리단미안됨.털때탐.칩있음.,341414201300001,한국동물구조관리협회,031-867-9119,경기도 양주시 남면 감악산로 63-37 ,김철훈,경기도 연천군,2026-03-14 14:25:44.0,410160020332055,-,,,,,,
441414202600072,20260313,경기 연천군 백학면 백두2길 일원,[개] 믹스견,417000,개,000114,믹스견,갈색&흰색,2020(년생),4(Kg),경기-연천-2026-00063,20260314,20260324,http://openapi.animal.go.kr/openapi/service/rest/fileDownloadSrvc/files/shelter/2026/02/202603141403477.jpg,http://openapi.animal.go.kr/openapi/service/rest/fileDownloadSrvc/files/shelter/2026/02/202603141403488.jpg,보호중,F,U,온순. 얌전. 좌 안 혼탁 및 백내장 의심. 눈물자국. 갈색 옷 착용. 꼬리 단미 안됨. 털 때탐. 칩 있음. ,341414201300001,한국동물구조관리협회,031-867-9119,경기도 양주시 남면 감악산로 63-37 ,김철훈,경기도 연천군,2026-03-14 14:25:44.0,410160020332051,-,,,,,,
441414202600071,20260313,경기 연천군 백학면 백두2길 일원,[개] 믹스견,417000,개,000114,믹스견,기타(흰색),2019(년생),3.1(Kg),경기-연천-2026-00062,20260314,20260324,http://openapi.animal.go.kr/openapi/service/rest/fileDownloadSrvc/files/shelter/2026/02/202603141403114.jpg,http://openapi.animal.go.kr/openapi/service/rest/fileDownloadSrvc/files/shelter/2026/02/202603141403127.jpg,보호중,M,Y,흰색바탕에튤립그림그려진옷착용.보라색끊어진목줄/하네스착용(방울 달림).치아마모.꼬리단미안됨. ,341414201300001,한국동물구조관리협회,031-867-9119,경기도 양주시 남면 감악산로 63-37 ,김철훈,경기도 연천군,2026-03-14 14:25:44.0,,,,,,,,
441414202600070,20260313,경기 연천군 백학면 백두2길 일원,[개] 믹스견,417000,개,000114,믹스견,검정&흰색,2019(년생),4.4(Kg),경기-연천-2026-00061,20260314,20260324,http://openapi.animal.go.kr/openapi/service/rest/fileDownloadSrvc/files/shelter/2026/02/202603141403938.jpg,http://openapi.animal.go.kr/openapi/service/rest/fileDownloadSrvc/files/shelter/2026/02/202603141403954.jpg,보호중,F,U,눈물자국. 온순. 얌전. 치아 마모. 치석. 미용흔적. 털 약간 때탐. 칩 있음. ,341414201300001,한국동물구조관리협회,031-867-9119,경기도 양주시 남면 감악산로 63-37 ,김철훈,경기도 연천군,2026-03-14 14:25:44.0,410160020332052,-,,,,,,
441409202600090,20260313,경기 김포시 김포한강8로 256 (마산동),[고양이] 한국 고양이,422400,고양이,000200,한국 고양이,기타(갈/검/흰),2025(년생),3.56(Kg),경기-김포-2026-00060,20260314,20260324,http://openapi.animal.go.kr/openapi/service/rest/fileDownloadSrvc/files/shelter/2026/02/202603141403330.jpg,http://openapi.animal.go.kr/openapi/service/rest/fileDownloadSrvc/files/shelter/2026/02/202603141403344.jpg,보호중,F,U,온순. 얌전. 사람 손 탐. 목 부위 찢어진 상처 및 고름. 털 때탐. ,341409201400001,한국동물구조관리협회,031-867-9119,경기도 양주시 남면 감악산로 63-37 (남면) ,김철훈,경기도 김포시,2026-03-14 14:10:16.0,,,,,,,,
441406202600117,20260313,경기 파주시 산내로 70 (목동동) 앞 산책로,[고양이] 한국 고양이,422400,고양이,000200,한국 고양이,기타(검/흰),2021(년생),2.7(Kg),경기-파주-2026-00107,20260314,20260324,http://openapi.animal.go.kr/openapi/service/rest/fileDownloadSrvc/files/shelter/2026/02/202603141303843[1].jpg,http://openapi.animal.go.kr/openapi/service/rest/fileDownloadSrvc/files/shelter/2026/02/202603141303864.jpg,종료(자연사),F,U,코분홍.심한콧물.혈변.설사.구강질환및염증.저체온.앞윗니3개/앞아랫니전부빠짐.좌안못뜸.기력없음.,341406202200002,한국동물구조관리협회,031-867-9119,경기도 양주시 남면 감악산로 63-37  ,김철훈,경기도 파주시,2026-03-16 17:36:27.0,,,,,혈변.설사.구강질환 및 염증.저체온.여윔.기력없음.식욕없음.,,,
441406202600116,20260313,경기 파주시 탄현면 필승로 일원,[개] 믹스견,417000,개,000114,믹스견,갈색&검정&흰색,2015(년생),13(Kg),경기-파주-2026-00106,20260314,20260324,http://openapi.animal.go.kr/openapi/service/rest/fileDownloadSrvc/files/shelter/2026/02/202603141303410.jpg,http://openapi.animal.go.kr/openapi/service/rest/fileDownloadSrvc/files/shelter/2026/02/202603141303422.jpg,보호중,M,Y,온순. 얌전. 겁 많음. 꼬리 단미 안됨. 털 때탐 ,341406202200002,한국동물구조관리협회,031-867-9119,경기도 양주시 남면 감악산로 63-37  ,김철훈,경기도 파주시,2026-03-14 13:34:21.0,,,,,,,,
441390202600063,20260313,광명시청에서 인수,[기타축종] 닭,429900,기타,000117,기타축종,기타(갈적),2026(년생),3(Kg),경기-광명-2026-00027,20260314,20260326,http://openapi.animal.go.kr/openapi/service/rest/fileDownloadSrvc/files/shelter/2026/02/202603141203952.jpg,http://openapi.animal.go.kr/openapi/service/rest/fileDownloadSrvc/files/shelter/2026/02/202603141203976.jpg,보호중,Q,U,털 빠짐 심함,341390201300001,한국야생동물보호협회,031-296-0124,경기도 안산시 상록구 청곡길 50 (부곡동) 한국야생동물보호협회,박한웅,경기도 광명시,2026-03-14 12:21:04.0,,,,,,,,
431369202600056,20260313,혜인학교,[개] 미니어쳐 푸들,417000,개,000078,미니어쳐 푸들,갈색,2019(년생),3.30(Kg),울산-중구-2026-00040,20260314,20260324,http://openapi.animal.go.kr/openapi/service/rest/fileDownloadSrvc/files/shelter/2026/02/202603141003462.jpg,http://openapi.animal.go.kr/openapi/service/rest/fileDownloadSrvc/files/shelter/2026/02/202603141003608.jpg,보호중,F,N,야윔,331369201900001,산타클라라동물병원,052-244-4296,울산광역시 중구 다운로 1 (다운동) ,고은지,울산광역시 중구,2026-03-14 10:39:17.0,,,,,,,,
428357202600157,20260313,고능리 826,[고양이] 한국 고양이,422400,고양이,000200,한국 고양이,레몬색&흰색,2020(년생),2.81(Kg),인천-강화-2026-00099,20260314,20260324,http://openapi.animal.go.kr/openapi/service/rest/fileDownloadSrvc/files/shelter/2026/02/202603141003466.jpg,http://openapi.animal.go.kr/openapi/service/rest/fileDownloadSrvc/files/shelter/2026/02/202603141003631.jpg,보호중,F,Y,후지마비,328357202400001,강화군 동물보호센터,010-2797-3786,인천광역시 강화군 강화읍 강화대로 254-1  ,정건호,인천광역시 강화군,2026-03-14 11:04:11.0,,,,,,,,
411315202600115,20260313,"서울 강서구 마곡동로 161 (마곡동, 서울식물원) 전시온실",[기타축종] 거북이,429900,기타,000117,기타축종,기타(갈/검),2026(60일미만)(년생),0.38(Kg),서울-강서-2026-00037,20260314,20260324,http://openapi.animal.go.kr/openapi/service/rest/fileDownloadSrvc/files/shelter/2026/02/202603141403564.jpg,http://openapi.animal.go.kr/openapi/service/rest/fileDownloadSrvc/files/shelter/2026/02/202603141403581.jpg,보호중,Q,U,성별 및 연령 추정 어려움. 외상 없음. 활발함. ,311315200900001,한국동물구조관리협회,031-867-9119,경기도 양주시 남면 감악산로 63-37 (남면) 한국동물구조관리협회,김철훈,서울특별시 강서구,2026-03-14 14:06:12.0,,,,,,,,
448567202600231,20260313,진해구 부성자동차운전전문학원,[개] 믹스견,417000,개,000114,믹스견,엷은 황갈색&흰색,2026(60일미만)(년생),4.4(Kg),경남-창원1-2026-00137,20260313,20260323,http://openapi.animal.go.kr/openapi/service/rest/fileDownloadSrvc/files/shelter/2026/02/202603131603677.jpg,http://openapi.animal.go.kr/openapi/service/rest/fileDownloadSrvc/files/shelter/2026/02/202603131603613[1].jpg,보호중,F,N,"26년 1월생 추정, 심상치 않은 크기와 무게, 졸린 표정이 킥임, (공고 중 입양 가능) (입양 완료)",348527200900001,창원동물보호센터,055-225-5701,경상남도 창원시 성산구 공단로474번길 117 (상복동) 창원동물보호센터,창원시장,경상남도 창원시 의창성산구,2026-03-16 15:03:11.0,410100008338753,,,,,,,
448567202600230,20260313,진해구 부성자동차운전전문학원,[개] 믹스견,417000,개,000114,믹스견,엷은 황갈색&흰색,2026(60일미만)(년생),4.8(Kg),경남-창원1-2026-00136,20260313,20260323,http://openapi.animal.go.kr/openapi/service/rest/fileDownloadSrvc/files/shelter/2026/02/202603131603415.jpg,http://openapi.animal.go.kr/openapi/service/rest/fileDownloadSrvc/files/shelter/2026/02/202603131603594[1].jpg,보호중,F,N,"26년 1월생 추정, 심상치 않은 크기와 무게, 분내 폭발, 구충제 드시고 약간 삐짐 (공고 중 입양 가능)",348527200900001,창원동물보호센터,055-225-5701,경상남도 창원시 성산구 공단로474번길 117 (상복동) 창원동물보호센터,창원시장,경상남도 창원시 의창성산구,2026-03-16 10:43:45.0,410100008338909,,,,,,,
448567202600229,20260313,의창구 동읍 무성리,[개] 믹스견,417000,개,000114,믹스견,갈색,2025(년생),8(Kg),경남-창원1-2026-00135,20260313,20260323,http://openapi.animal.go.kr/openapi/service/rest/fileDownloadSrvc/files/shelter/2026/02/202603131503534.jpg,http://openapi.animal.go.kr/openapi/service/rest/fileDownloadSrvc/files/shelter/2026/02/202603131503951.jpg,보호중,F,N,"들개 포획단 포획, 첫 날이라 구석에 움츠리고 있지만 같이 온 애들 중 가장 빨리 적응할 듯",348527200900001,창원동물보호센터,055-225-5701,경상남도 창원시 성산구 공단로474번길 117 (상복동) 창원동물보호센터,창원시장,경상남도 창원시 의창성산구,2026-03-13 15:02:22.0,,,,,,,,
448567202600228,20260313,의창구 동읍 무성리,[개] 믹스견,417000,개,000114,믹스견,검정&황갈색,2025(년생),7(Kg),경남-창원1-2026-00134,20260313,20260323,http://openapi.animal.go.kr/openapi/service/rest/fileDownloadSrvc/files/shelter/2026/02/202603131403225.png,http://openapi.animal.go.kr/openapi/service/rest/fileDownloadSrvc/files/shelter/2026/02/202603131403488.jpg,보호중,M,N,"들개 포획단 포획, 천천히 쓰담쓰담은 가능함, 귀여운 외모와 거기에 비례하는 겁쟁이, 천천히 적응해보자",348527200900001,창원동물보호센터,055-225-5701,경상남도 창원시 성산구 공단로474번길 117 (상복동) 창원동물보호센터,창원시장,경상남도 창원시 의창성산구,2026-03-13 15:02:06.0,,,,,,,,
448567202600227,20260313,의창구 동읍 무성리,[개] 믹스견,417000,개,000114,믹스견,갈색,2025(년생),10(Kg),경남-창원1-2026-00133,20260313,20260323,http://openapi.animal.go.kr/openapi/service/rest/fileDownloadSrvc/files/shelter/2026/02/202603131403121[1].jpg,http://openapi.animal.go.kr/openapi/service/rest/fileDownloadSrvc/files/shelter/2026/02/202603131403364[1].jpg,보호중,M,N,"들개 포획단 포획, 천천히 쓰담쓰담은 가능하지만 움츠러 들어서 안쓰러움, 천천히 적응해보자",348527200900001,창원동물보호센터,055-225-5701,경상남도 창원시 성산구 공단로474번길 117 (상복동) 창원동물보호센터,창원시장,경상남도 창원시 의창성산구,2026-03-13 15:01:46.0,,,,,,,,
448547202600158,20260313,경남 거창군 거창읍 장팔리,[개] 믹스견,417000,개,000114,믹스견,황갈색,2026(년생),2(Kg),경남-거창-2026-00070,20260313,20260323,http://openapi.animal.go.kr/openapi/service/rest/fileDownloadSrvc/files/shelter/2026/02/202603131503354.png,http://openapi.animal.go.kr/openapi/service/rest/fileDownloadSrvc/files/shelter/2026/02/202603131503850.png,보호중,F,N,119구조,348547202500001,거창군 동물보호소,010-2617-6245,경상남도 거창군 거창읍 가실길 203  ,김동욱,경상남도 거창군,2026-03-13 15:51:50.0,,,,,,,,
448547202600157,20260313,경남 거창군 거창읍 장팔리,[개] 믹스견,417000,개,000114,믹스견,흰색,2026(년생),2(Kg),경남-거창-2026-00069,20260313,20260323,http://openapi.animal.go.kr/openapi/service/rest/fileDownloadSrvc/files/shelter/2026/02/202603131503698.png,http://openapi.animal.go.kr/openapi/service/rest/fileDownloadSrvc/files/shelter/2026/02/202603131503250.png,보호중,M,N,119 구조,348547202500001,거창군 동물보호소,010-2617-6245,경상남도 거창군 거창읍 가실길 203  ,김동욱,경상남도 거창군,2026-03-13 15:51:49.0,,,,,,,,
448547202600155,20260313,경남 거창군 거창읍 양곡1길 18,[개] 믹스견,417000,개,000114,믹스견,갈색,2024(년생),5(Kg),경남-거창-2026-00068,20260313,20260323,http://openapi.animal.go.kr/openapi/service/rest/fileDownloadSrvc/files/shelter/2026/02/202603131503329.jpg,http://openapi.animal.go.kr/openapi/service/rest/fileDownloadSrvc/files/shelter/2026/02/202603131503602[1].jpg,보호중,M,N,"심장사상충 양성, 순함, 분홍목줄착용",348547202500001,거창군 동물보호소,010-2617-6245,경상남도 거창군 거창읍 가실길 203  ,김동욱,경상남도 거창군,2026-03-13 15:51:49.0,,,,,,,,
448542202600221,20260313,영현면 봉림마을 입구,[개] 믹스견,417000,개,000114,믹스견,갈색&흰색,2022(년생),15(Kg),경남-고성-2026-00045,20260313,20260323,http://openapi.animal.go.kr/openapi/service/rest/fileDownloadSrvc/files/shelter/2026/02/202603131703401.jpg,http://openapi.animal.go.kr/openapi/service/rest/fileDownloadSrvc/files/shelter/2026/02/202603131703958.jpg,보호중,M,N,관리번호 6-046,348542202000002,고성군 동물가족센터,055-670-4346,경상남도 고성군 고성읍 동해로 123  고성군 동물가족센터,이상근,경상남도 고성군,2026-03-13 17:09:32.0,,,"광견병,종합백신",,,,,
448542202600220,20260313,동해면 봉암 9길 34-6,[개] 믹스견,417000,개,000114,믹스견,갈색&흰색,2024(년생),7.8(Kg),경남-고성-2026-00044,20260313,20260323,http://openapi.animal.go.kr/openapi/service/rest/fileDownloadSrvc/files/shelter/2026/02/202603131703756.jpg,http://openapi.animal.go.kr/openapi/service/rest/fileDownloadSrvc/files/shelter/2026/02/202603131703357.jpg,보호중,F,N,관리번호 6-044,348542202000002,고성군 동물가족센터,055-670-4346,경상남도 고성군 고성읍 동해로 123  고성군 동물가족센터,이상근,경상남도 고성군,2026-03-13 17:09:21.0,,,"광견병,종합백신",사상충,,,,
448542202600219,20260313,동해면 봉암 9길 34-6,[개] 믹스견,417000,개,000114,믹스견,갈색&흰색,2026(60일미만)(년생),4.4(Kg),경남-고성-2026-00043,20260313,20260323,http://openapi.animal.go.kr/openapi/service/rest/fileDownloadSrvc/files/shelter/2026/02/202603131703834.jpg,http://openapi.animal.go.kr/openapi/service/rest/fileDownloadSrvc/files/shelter/2026/02/20260313170323.jpg,보호중,F,N,관리번호 6-044,348542202000002,고성군 동물가족센터,055-670-4346,경상남도 고성군 고성읍 동해로 123  고성군 동물가족센터,이상근,경상남도 고성군,2026-03-13 17:06:19.0,,,"광견병,종합백신",,,,,
448542202600218,20260313,개천면 좌연1길 3,[개] 믹스견,417000,개,000114,믹스견,흰색,2026(60일미만)(년생),4.5(Kg),경남-고성-2026-00042,20260313,20260323,http://openapi.animal.go.kr/openapi/service/rest/fileDownloadSrvc/files/shelter/2026/02/202603131603721[1].jpg,http://openapi.animal.go.kr/openapi/service/rest/fileDownloadSrvc/files/shelter/2026/02/202603131603684.jpg,보호중,M,N,관리번호 6-043,348542202000002,고성군 동물가족센터,055-670-4346,경상남도 고성군 고성읍 동해로 123  고성군 동물가족센터,이상근,경상남도 고성군,2026-03-13 17:06:03.0,,,"광견병,종합백신",,,,,
448542202600217,20260313,개천면 좌연1길 3,[개] 믹스견,417000,개,000114,믹스견,흰색,2026(60일미만)(년생),3.5(Kg),경남-고성-2026-00041,20260313,20260323,http://openapi.animal.go.kr/openapi/service/rest/fileDownloadSrvc/files/shelter/2026/02/202603131603991[1].jpg,http://openapi.animal.go.kr/openapi/service/rest/fileDownloadSrvc/files/shelter/2026/02/20260313160399.jpg,보호중,M,N,관리번호 6-042,348542202000002,고성군 동물가족센터,055-670-4346,경상남도 고성군 고성읍 동해로 123  고성군 동물가족센터,이상근,경상남도 고성군,2026-03-13 17:05:45.0,,,"광견병,종합백신",,,,,
448542202600216,20260313,율대리 콩순이식당 인근,[개] 믹스견,417000,개,000114,믹스견,갈색&검정,2026(년생),4.2(Kg),경남-고성-2026-00040,20260313,20260323,http://openapi.animal.go.kr/openapi/service/rest/fileDownloadSrvc/files/shelter/2026/02/202603131503319.jpg,http://openapi.animal.go.kr/openapi/service/rest/fileDownloadSrvc/files/shelter/2026/02/202603131503426.jpg,보호중,M,N,관리번호 6-041,348542202000002,고성군 동물가족센터,055-670-4346,경상남도 고성군 고성읍 동해로 123  고성군 동물가족센터,이상근,경상남도 고성군,2026-03-13 17:05:29.0,,,"광견병,종합백신",,,,,
448542202600215,20260313,율대리 콩순이식당 인근,[개] 믹스견,417000,개,000114,믹스견,갈색&흰색,2026(60일미만)(년생),4.8(Kg),경남-고성-2026-00039,20260313,20260323,http://openapi.animal.go.kr/openapi/service/rest/fileDownloadSrvc/files/shelter/2026/02/202603131503321.jpg,http://openapi.animal.go.kr/openapi/service/rest/fileDownloadSrvc/files/shelter/2026/02/202603131503793.jpg,보호중,F,N,관리번호 6-040F,348542202000002,고성군 동물가족센터,055-670-4346,경상남도 고성군 고성읍 동해로 123  고성군 동물가족센터,이상근,경상남도 고성군,2026-03-13 17:05:12.0,,,"광견병,종합백신",,,,,
448541202600158,20260313,길곡면 증산리,[고양이] 한국 고양이,422400,고양이,000200,한국 고양이,평행·전체·부분줄무늬,2023(년생),3(Kg),경남-창녕-2026-00096,20260313,20260323,http://openapi.animal.go.kr/openapi/service/rest/fileDownloadSrvc/files/shelter/2026/02/202603132103351.jpg,http://openapi.animal.go.kr/openapi/service/rest/fileDownloadSrvc/files/shelter/2026/02/202603132103574.jpg,보호중,F,Y,염증치료,348541201300001,창녕 유기동물보호소,010-5488-5003,경상남도 창녕군 고암면 창밀로 335-26 (고암면) 고암면 억만리 28,황재균,경상남도 창녕군,2026-03-13 21:32:48.0,,,,,,,,
448540202600160,20260313,여항면 진함로 1023-1,[개] 푸들,417000,개,000128,푸들,검정색,2022(년생),5.5(Kg),경남-함안-2026-00072,20260313,20260323,http://openapi.animal.go.kr/openapi/service/rest/fileDownloadSrvc/files/shelter/2026/02/202603131103347.jpg,http://openapi.animal.go.kr/openapi/service/rest/fileDownloadSrvc/files/shelter/2026/02/202603131103388.jpg,보호중,M,Y,"미용된상태 , 온순하고 사람좋아함",348540200900001,함안군동물보호센터,010-6248-2131,경상남도 함안군 가야읍 함안대로 755 ,농업기술센터소장,경상남도 함안군,2026-03-13 11:47:22.0,,,,,,,,
448540202600159,20260313,산인면 송정3길 10-19,[개] 허스키믹스,417000,개,000115,기타,검정&흰색,2026(년생),6.1(Kg),경남-함안-2026-00071,20260313,20260323,http://openapi.animal.go.kr/openapi/service/rest/fileDownloadSrvc/files/shelter/2026/02/202603131103462.jpg,http://openapi.animal.go.kr/openapi/service/rest/fileDownloadSrvc/files/shelter/2026/02/202603131103504.jpg,보호중,F,N,"전염병 감염위험 , 케어필요, 가정임시보호중",348540200900001,함안군동물보호센터,010-6248-2131,경상남도 함안군 가야읍 함안대로 755 ,농업기술센터소장,경상남도 함안군,2026-03-13 11:47:22.0,,,,,,,,
448540202600158,20260313,법수면 강주리 1233,[개] 믹스견,417000,개,000114,믹스견,갈색&검정&흰색,2026(60일미만)(년생),2.0(Kg),경남-함안-2026-00070,20260313,20260323,http://openapi.animal.go.kr/openapi/service/rest/fileDownloadSrvc/files/shelter/2026/02/202603131103163.jpg,http://openapi.animal.go.kr/openapi/service/rest/fileDownloadSrvc/files/shelter/2026/02/202603131103180.jpg,보호중,M,N,"전염병 감염위험 , 케어필요, 가정임시보호중",348540200900001,함안군동물보호센터,010-6248-2131,경상남도 함안군 가야읍 함안대로 755 ,농업기술센터소장,경상남도 함안군,2026-03-13 11:47:22.0,,,,,,,,
448540202600157,20260313,법수면 강주리 1233,[개] 믹스견,417000,개,000114,믹스견,흰색,2026(60일미만)(년생),2.2(Kg),경남-함안-2026-00069,20260313,20260323,http://openapi.animal.go.kr/openapi/service/rest/fileDownloadSrvc/files/shelter/2026/02/202603131103315[1].jpg,http://openapi.animal.go.kr/openapi/service/rest/fileDownloadSrvc/files/shelter/2026/02/202603131103368[2].jpg,보호중,F,N,"전염병 감염위험 , 케어필요, 가정임시보호중",348540200900001,함안군동물보호센터,010-6248-2131,경상남도 함안군 가야읍 함안대로 755 ,농업기술센터소장,경상남도 함안군,2026-03-13 11:47:21.0,,,,,,,,
448540202600156,20260313,칠서면 용호2길 41-14,[개] 믹스견,417000,개,000114,믹스견,갈색&검정,2026(년생),4.5(Kg),경남-함안-2026-00068,20260313,20260323,http://openapi.animal.go.kr/openapi/service/rest/fileDownloadSrvc/files/shelter/2026/02/202603131103455[1].jpg,http://openapi.animal.go.kr/openapi/service/rest/fileDownloadSrvc/files/shelter/2026/02/202603131103493.jpg,보호중,F,N,"전염병 감염위험 , 케어필요, 활동적임",348540200900001,함안군동물보호센터,010-6248-2131,경상남도 함안군 가야읍 함안대로 755 ,농업기술센터소장,경상남도 함안군,2026-03-13 11:47:21.0,,,,,,,,
448540202600155,20260313,칠서면 용호2길 41-14,[개] 믹스견,417000,개,000114,믹스견,갈색&검정,2026(년생),4.0(Kg),경남-함안-2026-00067,20260313,20260323,http://openapi.animal.go.kr/openapi/service/rest/fileDownloadSrvc/files/shelter/2026/02/202603131103494[1].jpg,http://openapi.animal.go.kr/openapi/service/rest/fileDownloadSrvc/files/shelter/2026/02/202603131103583[1].jpg,보호중,F,N,"전염병 감염위험 , 케어필요, 활동적임",348540200900001,함안군동물보호센터,010-6248-2131,경상남도 함안군 가야읍 함안대로 755 ,농업기술센터소장,경상남도 함안군,2026-03-13 11:47:21.0,,,,,,,,
448540202600154,20260313,칠서면 용호2길 41-14,[개] 믹스견,417000,개,000114,믹스견,갈색&검정,2026(년생),5.0(Kg),경남-함안-2026-00066,20260313,20260323,http://openapi.animal.go.kr/openapi/service/rest/fileDownloadSrvc/files/shelter/2026/02/20260313110334.jpg,http://openapi.animal.go.kr/openapi/service/rest/fileDownloadSrvc/files/shelter/2026/02/20260313110386.jpg,보호중,F,N,"전염병 감염위험 , 케어필요, 활동적임",348540200900001,함안군동물보호센터,010-6248-2131,경상남도 함안군 가야읍 함안대로 755 ,농업기술센터소장,경상남도 함안군,2026-03-13 11:47:21.0,,,,,,,,
448540202600153,20260313,법수면 법수로 솔밭가든,[개] 믹스견,417000,개,000114,믹스견,갈색&검정,2026(60일미만)(년생),4.8(Kg),경남-함안-2026-00065,20260313,20260323,http://openapi.animal.go.kr/openapi/service/rest/fileDownloadSrvc/files/shelter/2026/02/202603131103947.jpg,http://openapi.animal.go.kr/openapi/service/rest/fileDownloadSrvc/files/shelter/2026/02/202603131103988.jpg,보호중,M,N,"전염병 감염위험 , 케어필요",348540200900001,함안군동물보호센터,010-6248-2131,경상남도 함안군 가야읍 함안대로 755 ,농업기술센터소장,경상남도 함안군,2026-03-13 11:47:21.0,,,,,,,,
448540202600152,20260313,법수면 법수로 솔밭가든,[개] 믹스견,417000,개,000114,믹스견,갈색&검정,2026(60일미만)(년생),5.0(Kg),경남-함안-2026-00064,20260313,20260323,http://openapi.animal.go.kr/openapi/service/rest/fileDownloadSrvc/files/shelter/2026/02/202603131103419.jpg,http://openapi.animal.go.kr/openapi/service/rest/fileDownloadSrvc/files/shelter/2026/02/202603131103479.jpg,보호중,F,N,"전염병 감염위험 , 케어필요",348540200900001,함안군동물보호센터,010-6248-2131,경상남도 함안군 가야읍 함안대로 755 ,농업기술센터소장,경상남도 함안군,2026-03-13 11:47:21.0,,,,,,,,
448540202600151,20260313,가야읍 새터길 111-20,[개] 믹스견,417000,개,000114,믹스견,흰색,2026(60일미만)(년생),2.2(Kg),경남-함안-2026-00063,20260313,20260323,http://openapi.animal.go.kr/openapi/service/rest/fileDownloadSrvc/files/shelter/2026/02/202603131103746.jpg,http://openapi.animal.go.kr/openapi/service/rest/fileDownloadSrvc/files/shelter/2026/02/202603131103783.jpg,보호중,F,N,"전염병 감염위험 , 케어필요",348540200900001,함안군동물보호센터,010-6248-2131,경상남도 함안군 가야읍 함안대로 755 ,농업기술센터소장,경상남도 함안군,2026-03-13 11:47:20.0,,,,,,,,
448540202600150,20260313,가야읍 새터길 111-20,[개] 믹스견,417000,개,000114,믹스견,흰색,2026(60일미만)(년생),2.2(Kg),경남-함안-2026-00062,20260313,20260323,http://openapi.animal.go.kr/openapi/service/rest/fileDownloadSrvc/files/shelter/2026/02/202603131103888.jpg,http://openapi.animal.go.kr/openapi/service/rest/fileDownloadSrvc/files/shelter/2026/02/202603131103929.jpg,보호중,M,N,"전염병 감염위험 , 케어필요",348540200900001,함안군동물보호센터,010-6248-2131,경상남도 함안군 가야읍 함안대로 755 ,농업기술센터소장,경상남도 함안군,2026-03-13 11:47:03.0,,,,,,,,
448540202600149,20260313,가야읍 새터길 111-20,[개] 믹스견,417000,개,000114,믹스견,갈색,2026(60일미만)(년생),2.1(Kg),경남-함안-2026-00061,20260313,20260323,http://openapi.animal.go.kr/openapi/service/rest/fileDownloadSrvc/files/shelter/2026/02/202603131103854[1].jpg,http://openapi.animal.go.kr/openapi/service/rest/fileDownloadSrvc/files/shelter/2026/02/202603131103898.jpg,보호중,F,N,"전염병 감염위험 , 케어필요",348540200900001,함안군동물보호센터,010-6248-2131,경상남도 함안군 가야읍 함안대로 755 ,농업기술센터소장,경상남도 함안군,2026-03-13 11:47:03.0,,,,,,,,
448540202600148,20260313,가야읍 새터길 111-20,[개] 믹스견,417000,개,000114,믹스견,갈색,2026(60일미만)(년생),2.2(Kg),경남-함안-2026-00060,20260313,20260323,http://openapi.animal.go.kr/openapi/service/rest/fileDownloadSrvc/files/shelter/2026/02/202603131103874.jpg,http://openapi.animal.go.kr/openapi/service/rest/fileDownloadSrvc/files/shelter/2026/02/202603131103916.jpg,보호중,M,N,"전염병 감염위험 , 케어필요",348540200900001,함안군동물보호센터,010-6248-2131,경상남도 함안군 가야읍 함안대로 755 ,농업기술센터소장,경상남도 함안군,2026-03-13 11:47:02.0,,,,,,,,
448540202600147,20260313,가야읍 새터길 111-20,[개] 믹스견,417000,개,000114,믹스견,갈색,2026(60일미만)(년생),2.3(Kg),경남-함안-2026-00059,20260313,20260323,http://openapi.animal.go.kr/openapi/service/rest/fileDownloadSrvc/files/shelter/2026/02/202603131103470.jpg,http://openapi.animal.go.kr/openapi/service/rest/fileDownloadSrvc/files/shelter/2026/02/202603131103513.jpg,보호중,F,N,"전염병 감염위험 , 케어필요",348540200900001,함안군동물보호센터,010-6248-2131,경상남도 함안군 가야읍 함안대로 755 ,농업기술센터소장,경상남도 함안군,2026-03-13 11:47:02.0,,,,,,,,
448540202600146,20260313,가야읍 새터길 111-20,[개] 믹스견,417000,개,000114,믹스견,갈색,2026(년생),2.0(Kg),경남-함안-2026-00058,20260313,20260323,http://openapi.animal.go.kr/openapi/service/rest/fileDownloadSrvc/files/shelter/2026/02/202603131103547.jpg,http://openapi.animal.go.kr/openapi/service/rest/fileDownloadSrvc/files/shelter/2026/02/202603131103603[1].jpg,보호중,F,N,"전염병 감염위험 , 케어필요",348540200900001,함안군동물보호센터,010-6248-2131,경상남도 함안군 가야읍 함안대로 755 ,농업기술센터소장,경상남도 함안군,2026-03-13 11:47:02.0,,,,,,,,
448540202600145,20260313,칠원읍 운서리 44,[개] 믹스견,417000,개,000114,믹스견,흰색,2026(60일미만)(년생),0.6(Kg),경남-함안-2026-00057,20260313,20260323,http://openapi.animal.go.kr/openapi/service/rest/fileDownloadSrvc/files/shelter/2026/02/202603131103144[1].jpg,http://openapi.animal.go.kr/openapi/service/rest/fileDownloadSrvc/files/shelter/2026/02/202603131103196.jpg,보호중,F,N,"관리번호 00144번 자견4두 , 집중케어필요",348540200900001,함안군동물보호센터,010-6248-2131,경상남도 함안군 가야읍 함안대로 755 ,농업기술센터소장,경상남도 함안군,2026-03-13 11:47:02.0,,,,,,,,
448540202600144,20260313,칠원읍 운서리 44,[개] 진도견,417000,개,000067,진도견,호반색(호랑이무늬),2025(년생),12.0(Kg),경남-함안-2026-00056,20260313,20260323,http://openapi.animal.go.kr/openapi/service/rest/fileDownloadSrvc/files/shelter/2026/02/202603131103798.jpg,http://openapi.animal.go.kr/openapi/service/rest/fileDownloadSrvc/files/shelter/2026/02/202603131103839.jpg,보호중,F,N,"약간 예민한편이나 호전가능성보임간, 다리 짧은게 매력",348540200900001,함안군동물보호센터,010-6248-2131,경상남도 함안군 가야읍 함안대로 755 ,농업기술센터소장,경상남도 함안군,2026-03-13 11:47:01.0,,,,,,,,
448540202600143,20260313,군북면 의산삼일로 1790,[개] 믹스견,417000,개,000114,믹스견,갈색&검정,2025(년생),11.0(Kg),경남-함안-2026-00055,20260313,20260323,http://openapi.animal.go.kr/openapi/service/rest/fileDownloadSrvc/files/shelter/2026/02/202603131103920[1].jpg,http://openapi.animal.go.kr/openapi/service/rest/fileDownloadSrvc/files/shelter/2026/02/202603131103963.jpg,보호중,M,N,약간 소심한편이나 호전가능성보임,348540200900001,함안군동물보호센터,010-6248-2131,경상남도 함안군 가야읍 함안대로 755 ,농업기술센터소장,경상남도 함안군,2026-03-13 11:47:01.0,,,,,,,,
448540202600142,20260313,대산면 장암길 50-28,[개] 믹스견,417000,개,000114,믹스견,갈색&흰색,2024(년생),6.0(Kg),경남-함안-2026-00054,20260313,20260323,http://openapi.animal.go.kr/openapi/service/rest/fileDownloadSrvc/files/shelter/2026/02/202603131103455.jpg,http://openapi.animal.go.kr/openapi/service/rest/fileDownloadSrvc/files/shelter/2026/02/202603131103492.jpg,보호중,M,N,"온순함, 빨간색 철물점 목줄착용상태",348540200900001,함안군동물보호센터,010-6248-2131,경상남도 함안군 가야읍 함안대로 755 ,농업기술센터소장,경상남도 함안군,2026-03-13 11:47:01.0,,,,,,,,
448540202600141,20260313,군북면 의산삼일로 1790,[개] 믹스견,417000,개,000114,믹스견,밤색&흰색,2026(년생),5.0(Kg),경남-함안-2026-00053,20260313,20260323,http://openapi.animal.go.kr/openapi/service/rest/fileDownloadSrvc/files/shelter/2026/02/202603131103624.jpg,http://openapi.animal.go.kr/openapi/service/rest/fileDownloadSrvc/files/shelter/2026/02/202603131103666.jpg,보호중,F,N,"전염병 감염위험 , 케어필요",348540200900001,함안군동물보호센터,010-6248-2131,경상남도 함안군 가야읍 함안대로 755 ,농업기술센터소장,경상남도 함안군,2026-03-13 11:47:01.0,,,,,,,,
448540202600140,20260313,함안면 파수리 253,[개] 믹스견,417000,개,000114,믹스견,흰색,2024(년생),6.0(Kg),경남-함안-2026-00052,20260313,20260323,http://openapi.animal.go.kr/openapi/service/rest/fileDownloadSrvc/files/shelter/2026/02/20260313100383.jpg,http://openapi.animal.go.kr/openapi/service/rest/fileDownloadSrvc/files/shelter/2026/02/202603131003123.jpg,보호중,F,N,"생후10일령 자견5두와 함께 입소함, 영양관리 필요",348540200900001,함안군동물보호센터,010-6248-2131,경상남도 함안군 가야읍 함안대로 755 ,농업기술센터소장,경상남도 함안군,2026-03-13 11:46:36.0,,,,,,,,
448540202600139,20260313,대산면 장암길 56-28,[개] 믹스견,417000,개,000114,믹스견,갈색&흰색,2025(년생),10.0(Kg),경남-함안-2026-00051,20260313,20260323,http://openapi.animal.go.kr/openapi/service/rest/fileDownloadSrvc/files/shelter/2026/02/202603131003704[2].jpg,http://openapi.animal.go.kr/openapi/service/rest/fileDownloadSrvc/files/shelter/2026/02/202603131003756.jpg,보호중,M,N,약간 소심한편이나 호전가능성보임,348540200900001,함안군동물보호센터,010-6248-2131,경상남도 함안군 가야읍 함안대로 755 ,농업기술센터소장,경상남도 함안군,2026-03-13 11:46:36.0,,,,,,,,
448540202600138,20260313,군북면 의산삼일로 1790,[개] 믹스견,417000,개,000114,믹스견,검정색,2026(년생),5.0(Kg),경남-함안-2026-00050,20260313,20260323,http://openapi.animal.go.kr/openapi/service/rest/fileDownloadSrvc/files/shelter/2026/02/202603131003630.jpg,http://openapi.animal.go.kr/openapi/service/rest/fileDownloadSrvc/files/shelter/2026/02/202603131003667.jpg,보호중,M,N,"전염병 감염위험 , 케어필요",348540200900001,함안군동물보호센터,010-6248-2131,경상남도 함안군 가야읍 함안대로 755 ,농업기술센터소장,경상남도 함안군,2026-03-13 11:46:35.0,,,,,,,,
448540202600137,20260313,군북면 의산삼일로 1790,[개] 믹스견,417000,개,000114,믹스견,밤색&흰색,2026(년생),5.0(Kg),경남-함안-2026-00049,20260313,20260323,http://openapi.animal.go.kr/openapi/service/rest/fileDownloadSrvc/files/shelter/2026/02/202603131003823[1].jpg,http://openapi.animal.go.kr/openapi/service/rest/fileDownloadSrvc/files/shelter/2026/02/202603131003872.jpg,보호중,F,N,"전염병 감염위험 , 케어필요",348540200900001,함안군동물보호센터,010-6248-2131,경상남도 함안군 가야읍 함안대로 755 ,농업기술센터소장,경상남도 함안군,2026-03-13 11:46:35.0,,,,,,,,
448540202600136,20260313,법수면 법수로 38,[개] 믹스견,417000,개,000114,믹스견,흰색,2024(년생),13.0(Kg),경남-함안-2026-00048,20260313,20260323,http://openapi.animal.go.kr/openapi/service/rest/fileDownloadSrvc/files/shelter/2026/02/202603131003375[1].jpg,http://openapi.animal.go.kr/openapi/service/rest/fileDownloadSrvc/files/shelter/2026/02/202603131003428.jpg,보호중,F,N,"약간 소심한편이나 호전가능성보임, 예쁨",348540200900001,함안군동물보호센터,010-6248-2131,경상남도 함안군 가야읍 함안대로 755 ,농업기술센터소장,경상남도 함안군,2026-03-13 11:46:35.0,,,,,,,,
448540202600135,20260313,군북면 의산삼일로 1790,[개] 진도견,417000,개,000067,진도견,붉고 엷은 황갈색,2023(년생),14.3(Kg),경남-함안-2026-00047,20260313,20260323,http://openapi.animal.go.kr/openapi/service/rest/fileDownloadSrvc/files/shelter/2026/02/202603131003853.jpg,http://openapi.animal.go.kr/openapi/service/rest/fileDownloadSrvc/files/shelter/2026/02/202603131003897.jpg,보호중,F,N,약간 소심한편이나 호전가능성보임,348540200900001,함안군동물보호센터,010-6248-2131,경상남도 함안군 가야읍 함안대로 755 ,농업기술센터소장,경상남도 함안군,2026-03-13 11:46:35.0,,,,,,,,
448539202600027,20260313,대의면 모의로 515-12,[개] 믹스견,417000,개,000114,믹스견,흰색,2025(년생),5(Kg),경남-의령-2026-00026,20260313,20260323,http://openapi.animal.go.kr/openapi/service/rest/fileDownloadSrvc/files/shelter/2026/02/202603131103570.jpg,http://openapi.animal.go.kr/openapi/service/rest/fileDownloadSrvc/files/shelter/2026/02/202603131103948.jpg,보호중,M,U,-,348539201900001,의령군 동물보호센터,055-570-4203,경상남도 의령군 의령읍 남강로 485-75  ,하영효,경상남도 의령군,2026-03-13 11:00:29.0,,,"광견병,종합백신",,,,,
448539202600026,20260313,대의면 모의로 515-12,[개] 믹스견,417000,개,000114,믹스견,흰색,2025(년생),5(Kg),경남-의령-2026-00027,20260313,20260323,http://openapi.animal.go.kr/openapi/service/rest/fileDownloadSrvc/files/shelter/2026/02/202603131003264.jpg,http://openapi.animal.go.kr/openapi/service/rest/fileDownloadSrvc/files/shelter/2026/02/202603131003728.jpg,보호중,M,U,-,348539201900001,의령군 동물보호센터,055-570-4203,경상남도 의령군 의령읍 남강로 485-75  ,하영효,경상남도 의령군,2026-03-13 11:00:37.0,,,"광견병,종합백신",,,,,
448537202600172,20260313,동부면 학동 7길 32,[고양이] 한국 고양이,422400,고양이,000200,한국 고양이,레몬색&흰색,2021(년생),3(Kg),경남-거제-2026-00114,20260313,20260323,http://openapi.animal.go.kr/openapi/service/rest/fileDownloadSrvc/files/shelter/2026/02/202603131103177[1].jpg,http://openapi.animal.go.kr/openapi/service/rest/fileDownloadSrvc/files/shelter/2026/02/202603131103215.jpg,보호중,M,N,목 밑 상처 심함,348537200900002,거제시동물보호센터,055-639-6368,경상남도 거제시 사등면 두동로1길 107  거제시동물보호센터,거제시청,경상남도 거제시,2026-03-13 11:48:19.0,,,,,,,,
448533202600065,20260313,미수주공아파트앞,[개] 말티즈,417000,개,000072,말티즈,흰색,2022(년생),2.9(Kg),경남-통영-2026-00032,20260313,20260320,http://openapi.animal.go.kr/openapi/service/rest/fileDownloadSrvc/files/shelter/2026/02/202603130903577.jpg,http://openapi.animal.go.kr/openapi/service/rest/fileDownloadSrvc/files/shelter/2026/02/202603130903937.jpg,보호중,F,N,생후4살추정(2026.03.12기준),348533202100001,통영시동물보호센터,055-650-6250,경상남도 통영시 광도면 전두1길 9-8  ,통영시장,경상남도 통영시,2026-03-13 10:08:27.0,,,"광견병,종합백신","파보,코로나,홍역",,,,
448533202600064,20260313,미상,[개] 믹스견,417000,개,000114,믹스견,갈색&흰색,2015(년생),8.8(Kg),경남-통영-2026-00031,20260313,20260320,http://openapi.animal.go.kr/openapi/service/rest/fileDownloadSrvc/files/shelter/2026/02/202603130903273[1].jpg,http://openapi.animal.go.kr/openapi/service/rest/fileDownloadSrvc/files/shelter/2026/02/20260313090395.jpg,보호중,F,N,생후11살추정(2026.03.12기준),348533202100001,통영시동물보호센터,055-650-6250,경상남도 통영시 광도면 전두1길 9-8  ,통영시장,경상남도 통영시,2026-03-13 10:08:16.0,,,"광견병,종합백신","파보,코로나,홍역",,,,
447520202600027,20260313,운수면 신간리 부근,[개] 믹스견,417000,개,000114,믹스견,흰색,2026(60일미만)(년생),13.00(Kg),경북-고령-2026-00027,20260313,20260323,http://openapi.animal.go.kr/openapi/service/rest/fileDownloadSrvc/files/shelter/2026/02/202603131603851.jpg,http://openapi.animal.go.kr/openapi/service/rest/fileDownloadSrvc/files/shelter/2026/02/202603131603868.jpg,보호중,M,N,들개무리중 포획,347520202000001,고령군 유기견 보호소,010-4419-4135,경상북도 고령군 운수면 하법길 37 (운수면) ,조홍기,경상북도 고령군,2026-03-13 16:07:15.0,,,,,,들개무리중 포획,,
447520202600026,20260313,운수면 신간리 부근,[개] 믹스견,417000,개,000114,믹스견,흰색,2024(년생),13.00(Kg),경북-고령-2026-00026,20260313,20260323,http://openapi.animal.go.kr/openapi/service/rest/fileDownloadSrvc/files/shelter/2026/02/202603131603203.jpg,http://openapi.animal.go.kr/openapi/service/rest/fileDownloadSrvc/files/shelter/2026/02/202603131603226.jpg,보호중,M,N,들개무리중 포획,347520202000001,고령군 유기견 보호소,010-4419-4135,경상북도 고령군 운수면 하법길 37 (운수면) ,조홍기,경상북도 고령군,2026-03-13 16:07:15.0,,,,,,들개무리중 포획,,
447520202600025,20260313,쌍림면 평지로 부근,[개] 믹스견,417000,개,000114,믹스견,검정색,2023(년생),13.00(Kg),경북-고령-2026-00025,20260313,20260323,http://openapi.animal.go.kr/openapi/service/rest/fileDownloadSrvc/files/shelter/2026/02/202603131603181.jpg,http://openapi.animal.go.kr/openapi/service/rest/fileDownloadSrvc/files/shelter/2026/02/202603131603216.jpg,보호중,M,N,들개무리중 포획,347520202000001,고령군 유기견 보호소,010-4419-4135,경상북도 고령군 운수면 하법길 37 (운수면) ,조홍기,경상북도 고령군,2026-03-13 16:07:14.0,,,,,,들개무리중 포획,,
447512202600302,20260313,마성신현,[개] 믹스견,417000,개,000114,믹스견,황갈색,2026(60일미만)(년생),3.1(Kg),경북-문경-2026-00079,20260313,20260320,http://openapi.animal.go.kr/openapi/service/rest/fileDownloadSrvc/files/shelter/2026/02/202603131503172.jpg,http://openapi.animal.go.kr/openapi/service/rest/fileDownloadSrvc/files/shelter/2026/02/202603131503233.jpg,보호중,F,N,유기견이 낳은 2개월령 새끼 3마리 함께,347512201700001,종합축산,054-552-2233,경상북도 문경시 중앙로 170 (흥덕동) 종합축산,손호순,경상북도 문경시,2026-03-13 15:42:49.0,,,,,,,,
447512202600301,20260313,마성신현,[개] 믹스견,417000,개,000114,믹스견,흑갈색,2026(60일미만)(년생),3.2(Kg),경북-문경-2026-00078,20260313,20260320,http://openapi.animal.go.kr/openapi/service/rest/fileDownloadSrvc/files/shelter/2026/02/202603131503585[1].jpg,http://openapi.animal.go.kr/openapi/service/rest/fileDownloadSrvc/files/shelter/2026/02/202603131503656[1].jpg,보호중,F,N,유기견이 낳은 2개월령 새끼 3마리 함께,347512201700001,종합축산,054-552-2233,경상북도 문경시 중앙로 170 (흥덕동) 종합축산,손호순,경상북도 문경시,2026-03-13 15:42:49.0,,,,,,,,
447512202600300,20260313,마성신현,[개] 믹스견,417000,개,000114,믹스견,황갈색,2026(60일미만)(년생),3(Kg),경북-문경-2026-00077,20260313,20260320,http://openapi.animal.go.kr/openapi/service/rest/fileDownloadSrvc/files/shelter/2026/02/202603131503397.jpg,http://openapi.animal.go.kr/openapi/service/rest/fileDownloadSrvc/files/shelter/2026/02/202603131503435[1].jpg,보호중,F,N,유기견이 낳은 2개월령 새끼 3마리 함께,347512201700001,종합축산,054-552-2233,경상북도 문경시 중앙로 170 (흥덕동) 종합축산,손호순,경상북도 문경시,2026-03-13 15:42:48.0,,,,,,,,
447512202600293,20260313,점촌성당인근,[개] 믹스견,417000,개,000114,믹스견,흰색,2020(년생),4(Kg),경북-문경-2026-00076,20260313,20260320,http://openapi.animal.go.kr/openapi/service/rest/fileDownloadSrvc/files/shelter/2026/02/202603131303635.jpg,http://openapi.animal.go.kr/openapi/service/rest/fileDownloadSrvc/files/shelter/2026/02/202603131303903.jpg,종료(반환),F,N,순하고 발랄함,347512201700001,종합축산,054-552-2233,경상북도 문경시 중앙로 170 (흥덕동) 종합축산,손호순,경상북도 문경시,2026-03-13 13:32:09.0,,,,,,,,
447508202600252,20260313,봉곡동 파출소,[개] 라브라도 리트리버,417000,개,000069,라브라도 리트리버,크림색,2014(년생),34(Kg),경북-구미-2026-00083,20260313,20260323,http://openapi.animal.go.kr/openapi/service/rest/fileDownloadSrvc/files/shelter/2026/02/202603131803948.png,http://openapi.animal.go.kr/openapi/service/rest/fileDownloadSrvc/files/shelter/2026/02/202603131803834.jpg,종료(반환),F,U,온순함 사람좋아함 반환 예정,347508202000001,구미시 동물보호센터,054-471-5718,경상북도 구미시 옥성면 선상동로 1358  애니멀 케어 센터,구미시장,경상북도 구미시,2026-03-14 09:16:26.0,410100000177795,-,,"파보,코로나,홍역",,,,
447507202600041,20260313,용상동 세영리첼아파트,[개] 푸들,417000,개,000128,푸들,붉고 엷은 황갈색,2016(년생),3(Kg),경북-안동-2026-00043,20260313,20260320,http://openapi.animal.go.kr/openapi/service/rest/fileDownloadSrvc/files/shelter/2026/02/202603131203697.jpg,http://openapi.animal.go.kr/openapi/service/rest/fileDownloadSrvc/files/shelter/2026/02/202603131203741.jpg,종료(반환),M,N,옷과목테착용.관리됨.겁많고.매우순함 영리함,347507200900001,유기동물보호센터,010-7703-1999,경상북도 안동시 서후면 풍산태사로 3252-29 (서후면) ,조종영,경상북도 안동시,2026-03-13 13:02:15.0,,,,,,,,
447506202600093,20260313,어모면 동좌1리,[개] 믹스견,417000,개,000114,믹스견,갈색&흰색,2025(년생),4(Kg),경북-김천-2026-00093,20260313,20260323,http://openapi.animal.go.kr/openapi/service/rest/fileDownloadSrvc/files/shelter/2026/02/202603131603362[1].jpg,http://openapi.animal.go.kr/openapi/service/rest/fileDownloadSrvc/files/shelter/2026/02/202603131603384[1].jpg,보호중,F,N,"야생성 강하고 매우 공격적, 입질 심함",347506201300001,김천시 동물보호센터,054-421-2547,경상북도 김천시 구성면 남김천대로 3296-22  하강리 44(김천시 유기동물보호센터),김천시농업기술센터,경상북도 김천시,2026-03-13 16:27:19.0,,,,,,,,
447505202600188,20260313,강동면 오정길 부근,[개] 믹스견,417000,개,000114,믹스견,흰색&갈색&탄,2022(년생),10(Kg),경북-경주-2026-00192,20260313,20260323,http://openapi.animal.go.kr/openapi/service/rest/fileDownloadSrvc/files/shelter/2026/02/202603131503884.jpg,http://openapi.animal.go.kr/openapi/service/rest/fileDownloadSrvc/files/shelter/2026/02/202603131503583.jpg,보호중,F,N,예민하고 경계심 심함.,347505201700001,경주동물사랑보호센터,010-8889-2883,경상북도 경주시 천북면 천북로 8-4  경주시 동물사랑보호센터,경주시장,경상북도 경주시,2026-03-13 15:21:27.0,,,,,,,,
447505202600187,20260313,외동 신계상신길 부근,[개] 믹스견,417000,개,000114,믹스견,검정색,2026(60일미만)(년생),3.0(Kg),경북-경주-2026-00191,20260313,20260323,http://openapi.animal.go.kr/openapi/service/rest/fileDownloadSrvc/files/shelter/2026/02/202603131503429.jpg,http://openapi.animal.go.kr/openapi/service/rest/fileDownloadSrvc/files/shelter/2026/02/202603131503545.jpg,보호중,M,N,사람을 엄청 싫어하고 예민함. 피부병이 심해요,347505201700001,경주동물사랑보호센터,010-8889-2883,경상북도 경주시 천북면 천북로 8-4  경주시 동물사랑보호센터,경주시장,경상북도 경주시,2026-03-13 15:10:23.0,,,,,,,,
446496202600094,20260313,월야면 용정리 231,[개] 믹스견,417000,개,000114,믹스견,흰색,2025(년생),2.00(Kg),전남-함평-2026-00094,20260313,20260327,http://openapi.animal.go.kr/openapi/service/rest/fileDownloadSrvc/files/shelter/2026/02/202603131103954.jpg,http://openapi.animal.go.kr/openapi/service/rest/fileDownloadSrvc/files/shelter/2026/02/202603131103666[1].jpg,보호중,F,U,경계심,346496201800001,학교임시동물보호센터,010-5649-3435,전라남도 함평군 학교면 송산길 84 (학교면) 월산리 806-1 ,문경만,전라남도 함평군,2026-03-13 11:40:23.0,,,,,,,,
446496202600093,20260313,함평읍 돌머리길 546-44,[개] 믹스견,417000,개,000114,믹스견,검정&황갈색,2024(년생),12.00(Kg),전남-함평-2026-00093,20260313,20260327,http://openapi.animal.go.kr/openapi/service/rest/fileDownloadSrvc/files/shelter/2026/02/202603131103164.jpg,http://openapi.animal.go.kr/openapi/service/rest/fileDownloadSrvc/files/shelter/2026/02/202603131103646[1].jpg,보호중,M,U,경계심,346496201800001,학교임시동물보호센터,010-5649-3435,전라남도 함평군 학교면 송산길 84 (학교면) 월산리 806-1 ,문경만,전라남도 함평군,2026-03-13 11:35:22.0,,,,,,,,
446495202600032,20260313,해제면 현해로,[개] 믹스견,417000,개,000114,믹스견,검정&흰색,2026(60일미만)(년생),2(Kg),전남-무안-2026-00032,20260313,20260323,http://openapi.animal.go.kr/openapi/service/rest/fileDownloadSrvc/files/shelter/2026/02/202603131403279.jpg,http://openapi.animal.go.kr/openapi/service/rest/fileDownloadSrvc/files/shelter/2026/02/202603131403461[1].jpg,보호중,F,N,온순하고 사람을 잘 따릅니다,346495202100001,무안군유기동물보호소,061-450-4495,전라남도 무안군 무안읍 면주길 99  ,무안군 축산과,전라남도 무안군,2026-03-13 15:13:06.0,,,,,,,,
446495202600031,20260313,해제면 현해로,[개] 믹스견,417000,개,000114,믹스견,검정&흰색,2026(년생),2(Kg),전남-무안-2026-00031,20260313,20260323,http://openapi.animal.go.kr/openapi/service/rest/fileDownloadSrvc/files/shelter/2026/02/202603131403416[1].jpg,http://openapi.animal.go.kr/openapi/service/rest/fileDownloadSrvc/files/shelter/2026/02/202603131403170.jpg,보호중,F,N,잘 따르며 온순합니다,346495202100001,무안군유기동물보호소,061-450-4495,전라남도 무안군 무안읍 면주길 99  ,무안군 축산과,전라남도 무안군,2026-03-13 15:12:55.0,,,,,,,,
446495202600030,20260313,해제면 현해로,[개] 믹스견,417000,개,000114,믹스견,갈색,2022(년생),6(Kg),전남-무안-2026-00030,20260313,20260323,http://openapi.animal.go.kr/openapi/service/rest/fileDownloadSrvc/files/shelter/2026/02/202603131403629.jpg,http://openapi.animal.go.kr/openapi/service/rest/fileDownloadSrvc/files/shelter/2026/02/202603131403594[1].jpg,보호중,F,N,잘 따르며 순합니다,346495202100001,무안군유기동물보호소,061-450-4495,전라남도 무안군 무안읍 면주길 99  ,무안군 축산과,전라남도 무안군,2026-03-13 15:12:42.0,,,,,,,,
446495202600029,20260313,일로 죽산리 1411번지,[개] 믹스견,417000,개,000114,믹스견,흰색,2024(년생),5(Kg),전남-무안-2026-00029,20260313,20260323,http://openapi.animal.go.kr/openapi/service/rest/fileDownloadSrvc/files/shelter/2026/02/202603131303952.jpg,http://openapi.animal.go.kr/openapi/service/rest/fileDownloadSrvc/files/shelter/2026/02/202603131303573.jpg,보호중,M,N,겁이 많고 경계심이 있으나 얌전합니다,346495202100001,무안군유기동물보호소,061-450-4495,전라남도 무안군 무안읍 면주길 99  ,무안군 축산과,전라남도 무안군,2026-03-13 15:12:31.0,,,,,,,,
446495202600028,20260313,해제면 만송로,[개] 믹스견,417000,개,000114,믹스견,흰색,2022(년생),6(Kg),전남-무안-2026-00028,20260313,20260323,http://openapi.animal.go.kr/openapi/service/rest/fileDownloadSrvc/files/shelter/2026/02/202603131303432.jpg,http://openapi.animal.go.kr/openapi/service/rest/fileDownloadSrvc/files/shelter/2026/02/202603131303171.jpg,보호중,M,U,겁이 많지만 순합니다,346495202100001,무안군유기동물보호소,061-450-4495,전라남도 무안군 무안읍 면주길 99  ,무안군 축산과,전라남도 무안군,2026-03-13 15:12:20.0,,,,,,,,
446495202600027,20260313,일로읍 비로길,[개] 믹스견,417000,개,000114,믹스견,흰색,2023(년생),5(Kg),전남-무안-2026-00027,20260313,20260323,http://openapi.animal.go.kr/openapi/service/rest/fileDownloadSrvc/files/shelter/2026/02/202603131303579.jpg,http://openapi.animal.go.kr/openapi/service/rest/fileDownloadSrvc/files/shelter/2026/02/202603131303323.jpg,보호중,F,U,잘 반기며 순합니다,346495202100001,무안군유기동물보호소,061-450-4495,전라남도 무안군 무안읍 면주길 99  ,무안군 축산과,전라남도 무안군,2026-03-13 14:55:40.0,,,,,,,,
446484202600316,20260313,옥룡면 산본길 인근,[개] 믹스견,417000,개,000114,믹스견,갈색&검정,2026(60일미만)(년생),3(Kg),전남-광양-2026-00101,20260313,20260323,http://openapi.animal.go.kr/openapi/service/rest/fileDownloadSrvc/files/shelter/2026/02/202603131603944.jpg,http://openapi.animal.go.kr/openapi/service/rest/fileDownloadSrvc/files/shelter/2026/02/20260313160333.jpg,보호중,F,N,믹스 갈색+검정 2개월 추정,346484201900001,광양시 임시보호소,061-797-3386,전라남도 광양시 봉강면 인덕로 1169-20 (봉강면) 지곡리 864-24,광양시청 ,전라남도 광양시,2026-03-13 16:41:12.0,,,종합백신,파보,,,,
446484202600315,20260313,옥룡면 산본길 인근,[개] 믹스견,417000,개,000114,믹스견,갈색&검정,2026(60일미만)(년생),3(Kg),전남-광양-2026-00100,20260313,20260323,http://openapi.animal.go.kr/openapi/service/rest/fileDownloadSrvc/files/shelter/2026/02/202603131603135.jpg,http://openapi.animal.go.kr/openapi/service/rest/fileDownloadSrvc/files/shelter/2026/02/202603131603493[1].jpg,보호중,M,N,믹스 갈색+검정 수컷 2개월 추정,346484201900001,광양시 임시보호소,061-797-3386,전라남도 광양시 봉강면 인덕로 1169-20 (봉강면) 지곡리 864-24,광양시청 ,전라남도 광양시,2026-03-13 16:41:12.0,,,종합백신,파보,,,,
446484202600314,20260313,옥룡면 산본길 인근,[개] 믹스견,417000,개,000114,믹스견,검정&흰색,2026(60일미만)(년생),3(Kg),전남-광양-2026-00099,20260313,20260323,http://openapi.animal.go.kr/openapi/service/rest/fileDownloadSrvc/files/shelter/2026/02/202603131603158[1].jpg,http://openapi.animal.go.kr/openapi/service/rest/fileDownloadSrvc/files/shelter/2026/02/202603131603871[1].jpg,보호중,F,N,믹스 검정+흰색 암컷 2개월 추정,346484201900001,광양시 임시보호소,061-797-3386,전라남도 광양시 봉강면 인덕로 1169-20 (봉강면) 지곡리 864-24,광양시청 ,전라남도 광양시,2026-03-13 16:41:12.0,,,종합백신,파보,,,,
446484202600313,20260313,옥룡면 산본길 인근,[개] 믹스견,417000,개,000114,믹스견,검정&흰색,2026(60일미만)(년생),3(Kg),전남-광양-2026-00098,20260313,20260323,http://openapi.animal.go.kr/openapi/service/rest/fileDownloadSrvc/files/shelter/2026/02/202603131603908.jpg,http://openapi.animal.go.kr/openapi/service/rest/fileDownloadSrvc/files/shelter/2026/02/202603131603158.jpg,보호중,M,N,믹스 검정+흰색 수컷 2개월 추정,346484201900001,광양시 임시보호소,061-797-3386,전라남도 광양시 봉강면 인덕로 1169-20 (봉강면) 지곡리 864-24,광양시청 ,전라남도 광양시,2026-03-13 16:41:12.0,,,종합백신,파보,,,,
446483202600295,20260313,나주시빛가람동황동1길34-13,[개] 믹스견,417000,개,000114,믹스견,갈색&흰색,2021(년생),9(Kg),전남-나주-2026-00295,20260313,20260323,http://openapi.animal.go.kr/openapi/service/rest/fileDownloadSrvc/files/shelter/2026/02/202603131803345.jpg,http://openapi.animal.go.kr/openapi/service/rest/fileDownloadSrvc/files/shelter/2026/02/202603131803790.jpg,보호중,F,N,황동1길택지주변매일출몰 포획틀에구조,346483202100001,나주유기동물보호센터,010-2331-7377,전라남도 나주시 산포면 내기3길 71-43 [*미고시] ,조왕애,전라남도 나주시,2026-03-13 18:27:58.0,,,,,,,,
446483202600294,20260313,나주시빛가람동황동1길34-13,[개] 믹스견,417000,개,000114,믹스견,검정색,2024(년생),8(Kg),전남-나주-2026-00294,20260313,20260323,http://openapi.animal.go.kr/openapi/service/rest/fileDownloadSrvc/files/shelter/2026/02/202603131803117.jpeg,http://openapi.animal.go.kr/openapi/service/rest/fileDownloadSrvc/files/shelter/2026/02/202603131803856.jpeg,보호중,F,N,황동1길택지주변매일출몰 포획틀에구조,346483202100001,나주유기동물보호센터,010-2331-7377,전라남도 나주시 산포면 내기3길 71-43 [*미고시] ,조왕애,전라남도 나주시,2026-03-13 18:27:57.0,,,,,,,,
446483202600293,20260313,나주시남평읍우산리7152-7산 묘지,[개] 믹스견,417000,개,000114,믹스견,검정 황갈색&흰색,2021(년생),7(Kg),전남-나주-2026-00293,20260313,20260323,http://openapi.animal.go.kr/openapi/service/rest/fileDownloadSrvc/files/shelter/2026/02/202603131803295.jpeg,http://openapi.animal.go.kr/openapi/service/rest/fileDownloadSrvc/files/shelter/2026/02/202603131803356.jpeg,보호중,M,N,묘지주변매일출몰포획틀에구조 매우사나움,346483202100001,나주유기동물보호센터,010-2331-7377,전라남도 나주시 산포면 내기3길 71-43 [*미고시] ,조왕애,전라남도 나주시,2026-03-13 18:27:57.0,,,,,,,,
446483202600292,20260313,나주시함박산길73,[개] 믹스견,417000,개,000114,믹스견,갈색&검정&흰색,2026(60일미만)(년생),3.3(Kg),전남-나주-2026-00292,20260313,20260323,http://openapi.animal.go.kr/openapi/service/rest/fileDownloadSrvc/files/shelter/2026/02/20260313180372.jpeg,http://openapi.animal.go.kr/openapi/service/rest/fileDownloadSrvc/files/shelter/2026/02/202603131803122.jpeg,보호중,M,N,생후2개월정도로보임,346483202100001,나주유기동물보호센터,010-2331-7377,전라남도 나주시 산포면 내기3길 71-43 [*미고시] ,조왕애,전라남도 나주시,2026-03-13 18:27:57.0,,,종합백신,,,,,
446483202600291,20260313,나주시함박산길73,[개] 믹스견,417000,개,000114,믹스견,갈색&검정,2026(60일미만)(년생),3.2(Kg),전남-나주-2026-00291,20260313,20260323,http://openapi.animal.go.kr/openapi/service/rest/fileDownloadSrvc/files/shelter/2026/02/202603131803928.jpeg,http://openapi.animal.go.kr/openapi/service/rest/fileDownloadSrvc/files/shelter/2026/02/202603131803985.jpeg,보호중,F,N,생후2개월정도로보임 ,346483202100001,나주유기동물보호센터,010-2331-7377,전라남도 나주시 산포면 내기3길 71-43 [*미고시] ,조왕애,전라남도 나주시,2026-03-13 18:27:57.0,,,종합백신,,,,,
446483202600290,20260313,나주시산포면덕례유촌길40-3,[개] 믹스견,417000,개,000114,믹스견,갈색,2020(년생),4.5(Kg),전남-나주-2026-00290,20260313,20260323,http://openapi.animal.go.kr/openapi/service/rest/fileDownloadSrvc/files/shelter/2026/02/202603131703226.jpg,http://openapi.animal.go.kr/openapi/service/rest/fileDownloadSrvc/files/shelter/2026/02/202603131703285.jpg,보호중,F,N,나주시청축산과민원 털많이뭉침,346483202100001,나주유기동물보호센터,010-2331-7377,전라남도 나주시 산포면 내기3길 71-43 [*미고시] ,조왕애,전라남도 나주시,2026-03-13 18:27:57.0,,,,,,,,
446483202600289,20260313,나주시다도면다도로766-3,[개] 믹스견,417000,개,000114,믹스견,흰색,2021(년생),6(Kg),전남-나주-2026-00289,20260313,20260323,http://openapi.animal.go.kr/openapi/service/rest/fileDownloadSrvc/files/shelter/2026/02/202603131703459.jpg,http://openapi.animal.go.kr/openapi/service/rest/fileDownloadSrvc/files/shelter/2026/02/202603131703876.jpg,보호중,M,N,집마당과하우스에5마리가모여서생활함 포획틀에구조,346483202100001,나주유기동물보호센터,010-2331-7377,전라남도 나주시 산포면 내기3길 71-43 [*미고시] ,조왕애,전라남도 나주시,2026-03-13 18:27:57.0,,,,,,,,
446482202600075,20260313,봉덕 마을,[개] 믹스견,417000,개,000114,믹스견,흰색,2025(년생),7(Kg),전남-순천-2026-00074,20260313,20260323,http://openapi.animal.go.kr/openapi/service/rest/fileDownloadSrvc/files/shelter/2026/02/202603131803744.jpg,http://openapi.animal.go.kr/openapi/service/rest/fileDownloadSrvc/files/shelter/2026/02/202603131803534.jpg,종료(반환),F,N,"사상충-음성,접종(종합백신/코로나장염/광견병/데피니트/스팟라인)",346482201600003,순천시유기동물보호소,061-749-3094,"전라남도 순천시 승주읍 승주로 628 (승주읍, 농업기술센터) 순천시유기동물보호소",순천시 동물자원과,전라남도 순천시,2026-03-17 10:08:24.0,410160012607192,-,"광견병,종합백신,코로나",,,,,
446481202600190,20260313,봉강서2길 26 기쁨교회 인근,[개] 믹스견,417000,개,000114,믹스견,갈색,2026(60일미만)(년생),3.4(Kg),전남-여수-2026-00082,20260313,20260323,http://openapi.animal.go.kr/openapi/service/rest/fileDownloadSrvc/files/shelter/2026/02/202603131703479.jpeg,http://openapi.animal.go.kr/openapi/service/rest/fileDownloadSrvc/files/shelter/2026/02/202603131703601.jpeg,보호중,M,N,2-3개월령 새끼강아지 / 구충제 투여 / 2026-078 과 동배로 추정되는 형제견,346481200900001,반려동물보호센터,061-659-2474,전라남도 여수시 여수산단로 292-62 (평여동) 반려동물보호센터,여수시청,전라남도 여수시,2026-03-13 17:45:29.0,,,,,,,,
446481202600188,20260313,화양면 셋돔길 70,[개] 진도견,417000,개,000067,진도견,흰색,2025(년생),12(Kg),전남-여수-2026-00081,20260313,20260323,http://openapi.animal.go.kr/openapi/service/rest/fileDownloadSrvc/files/shelter/2026/02/202603131303767.jpeg,http://openapi.animal.go.kr/openapi/service/rest/fileDownloadSrvc/files/shelter/2026/02/202603131303952.jpeg,보호중,F,U,구조당시 쇠고리형 목띠착용 / 경계심있으나 온순한 편,346481200900001,반려동물보호센터,061-659-2474,전라남도 여수시 여수산단로 292-62 (평여동) 반려동물보호센터,여수시청,전라남도 여수시,2026-03-13 17:44:58.0,,,,,,,,
445470202600307,20260313,대강면,[개] 믹스견,417000,개,000114,믹스견,기타(믹스),2025(년생),10(Kg),전북-남원-2026-00131,20260313,20260323,http://openapi.animal.go.kr/openapi/service/rest/fileDownloadSrvc/files/shelter/2026/02/202603130903920.jpg,http://openapi.animal.go.kr/openapi/service/rest/fileDownloadSrvc/files/shelter/2026/02/20260313090367.jpg,보호중,M,N,순한 성격입니다. 귀여운 외모를 가지고 있습니다. 많은 관심 바랍니다.,345470201300002,하나동물병원,063-634-7582,전북특별자치도 남원시 왕정동 67 ,김승권,전북특별자치도 남원시,2026-03-13 09:28:26.0,,,,,,순한 성격으로 보입니다. 많은 관심 부탁 드립니다.,건강상 큰 문제는 없어 보입니다. 입양이 될 수 있도록 관심 바랍니다.,
444462202600172,20260313,양지길 170-13,[개] 믹스견,417000,개,000114,믹스견,흰색,2026(년생),2(Kg),충남-태안-2026-00104,20260313,20260323,http://openapi.animal.go.kr/openapi/service/rest/fileDownloadSrvc/files/shelter/2026/02/202603131103225.jpg,http://openapi.animal.go.kr/openapi/service/rest/fileDownloadSrvc/files/shelter/2026/02/202603131103237.jpg,보호중,M,N,순하고 귀여움,344462200900001,최동물병원,041-672-0346,충청남도 태안군 태안읍 남문리 504-6,최기중,충청남도 태안군,2026-03-13 11:32:16.0,,,,,,,,
444462202600171,20260313,양지길 170-13,[개] 믹스견,417000,개,000114,믹스견,흰색&황갈색,2026(년생),2(Kg),충남-태안-2026-00103,20260313,20260323,http://openapi.animal.go.kr/openapi/service/rest/fileDownloadSrvc/files/shelter/2026/02/202603131103150[1].jpg,http://openapi.animal.go.kr/openapi/service/rest/fileDownloadSrvc/files/shelter/2026/02/202603131103162.jpg,보호중,F,N,순하고 귀여움,344462200900001,최동물병원,041-672-0346,충청남도 태안군 태안읍 남문리 504-6,최기중,충청남도 태안군,2026-03-13 11:32:15.0,,,,,,,,
444462202600170,20260313,양지길 170-13,[개] 믹스견,417000,개,000114,믹스견,황갈색,2026(년생),2(Kg),충남-태안-2026-00102,20260313,20260323,http://openapi.animal.go.kr/openapi/service/rest/fileDownloadSrvc/files/shelter/2026/02/202603131103965.jpg,http://openapi.animal.go.kr/openapi/service/rest/fileDownloadSrvc/files/shelter/2026/02/202603131103977.jpg,보호중,F,N,순하고 귀여움,344462200900001,최동물병원,041-672-0346,충청남도 태안군 태안읍 남문리 504-6,최기중,충청남도 태안군,2026-03-13 11:32:15.0,,,,,,,,
444460202600071,20260313,중계리 465-12 산꼭대기,[개] 믹스견,417000,개,000114,믹스견,흰색&황갈색,2026(60일미만)(년생),1.35(Kg),충남-홍성-2026-00073,20260313,20260323,http://openapi.animal.go.kr/openapi/service/rest/fileDownloadSrvc/files/shelter/2026/02/202603131703239.jpg,http://openapi.animal.go.kr/openapi/service/rest/fileDownloadSrvc/files/shelter/2026/02/202603131703260.jpg,보호중,M,N,온순함,344460202500001,홍성반려동물문화센터,041-630-1374,충청남도 홍성군 은하면 은하로 155-38  ,홍성군수,충청남도 홍성군,2026-03-13 17:14:59.0,,,"광견병,종합백신,코로나",,,,,
444460202600070,20260313,중계리 465-12 산꼭대기,[개] 믹스견,417000,개,000114,믹스견,흑갈색,2026(60일미만)(년생),1.46(Kg),충남-홍성-2026-00076,20260313,20260323,http://openapi.animal.go.kr/openapi/service/rest/fileDownloadSrvc/files/shelter/2026/02/202603131703357[1].jpg,http://openapi.animal.go.kr/openapi/service/rest/fileDownloadSrvc/files/shelter/2026/02/202603131703372.jpg,보호중,M,N,온순함,344460202500001,홍성반려동물문화센터,041-630-1374,충청남도 홍성군 은하면 은하로 155-38  ,홍성군수,충청남도 홍성군,2026-03-13 17:16:48.0,,,"광견병,종합백신,코로나",,,,,
444460202600069,20260313,중계리 465-12 산꼭대기,[개] 믹스견,417000,개,000114,믹스견,흰색&검은반점,2026(60일미만)(년생),2(Kg),충남-홍성-2026-00074,20260313,20260323,http://openapi.animal.go.kr/openapi/service/rest/fileDownloadSrvc/files/shelter/2026/02/202603131703833.jpg,http://openapi.animal.go.kr/openapi/service/rest/fileDownloadSrvc/files/shelter/2026/02/202603131703848.jpg,보호중,M,N,온순함,344460202500001,홍성반려동물문화센터,041-630-1374,충청남도 홍성군 은하면 은하로 155-38  ,홍성군수,충청남도 홍성군,2026-03-13 17:15:07.0,,,"광견병,종합백신,코로나",,,,,
444460202600068,20260313,서부면 중리 409,[개] 믹스견,417000,개,000114,믹스견,크림색,2018(년생),35(Kg),충남-홍성-2026-00075,20260313,20260323,http://openapi.animal.go.kr/openapi/service/rest/fileDownloadSrvc/files/shelter/2026/02/202603131603437.jpg,http://openapi.animal.go.kr/openapi/service/rest/fileDownloadSrvc/files/shelter/2026/02/202603131603454.jpg,종료(반환),F,U,온순함/사람을 잘 따름.,344460202500001,홍성반려동물문화센터,041-630-1374,충청남도 홍성군 은하면 은하로 155-38  ,홍성군수,충청남도 홍성군,2026-03-13 17:15:17.0,,,,,,,,
444460202600067,20260313,충남 홍성군 홍성읍 조양로247번길 9,[개] 푸들,417000,개,000128,푸들,갈색,2023(년생),6(Kg),충남-홍성-2026-00072,20260313,20260323,http://openapi.animal.go.kr/openapi/service/rest/fileDownloadSrvc/files/shelter/2026/02/202603131603983.jpg,http://openapi.animal.go.kr/openapi/service/rest/fileDownloadSrvc/files/shelter/2026/02/20260313160347.jpg,종료(반환),F,U,온순함/사람을 잘 따름.,344460202500001,홍성반려동물문화센터,041-630-1374,충청남도 홍성군 은하면 은하로 155-38  ,홍성군수,충청남도 홍성군,2026-03-13 16:42:15.0,,,,,,,,
444458202600077,20260313,충청남도 서천군 서천읍 사곡로43번길 21-12,[개] 믹스견,417000,개,000114,믹스견,검정&흰색,2023(년생),6(Kg),충남-서천-2026-00022,20260313,20260323,http://openapi.animal.go.kr/openapi/service/rest/fileDownloadSrvc/files/shelter/2026/02/202603131603885.jpg,http://openapi.animal.go.kr/openapi/service/rest/fileDownloadSrvc/files/shelter/2026/02/202603131603892.jpg,보호중,F,N,서천읍 동네배회로 신고된 검흰색 암컷 단모견,344458201300001,서천군유기동물보호소,041-950-4390,충청남도 서천군 마산면 한마로 1189-19 ,김용기,충청남도 서천군,2026-03-13 16:48:00.0,,,종합백신,파보,,,,
444458202600076,20260313,충청남도 서천군 서천읍 송신로226번길 22,[개] 믹스견,417000,개,000114,믹스견,갈색&검정&흰색,2025(년생),6(Kg),충남-서천-2026-00021,20260313,20260323,http://openapi.animal.go.kr/openapi/service/rest/fileDownloadSrvc/files/shelter/2026/02/202603131603475.jpg,http://openapi.animal.go.kr/openapi/service/rest/fileDownloadSrvc/files/shelter/2026/02/202603131603486.jpg,보호중,F,N,서천읍 동네배회로 신고된 갈검흰색 암컷 단모견,344458201300001,서천군유기동물보호소,041-950-4390,충청남도 서천군 마산면 한마로 1189-19 ,김용기,충청남도 서천군,2026-03-13 16:48:00.0,,,종합백신,파보,,,,
444458202600075,20260313,충청남도 서천군 서천읍 송신로226번길 22,[개] 믹스견,417000,개,000114,믹스견,흰색,2025(년생),5(Kg),충남-서천-2026-00020,20260313,20260323,http://openapi.animal.go.kr/openapi/service/rest/fileDownloadSrvc/files/shelter/2026/02/202603131603199.jpg,http://openapi.animal.go.kr/openapi/service/rest/fileDownloadSrvc/files/shelter/2026/02/202603131603206[2].jpg,보호중,F,N,서천읍 동네배회로 신고된 흰색 암컷 단모견,344458201300001,서천군유기동물보호소,041-950-4390,충청남도 서천군 마산면 한마로 1189-19 ,김용기,충청남도 서천군,2026-03-13 16:48:00.0,,,종합백신,파보,,,,
444458202600074,20260313,충청남도 서천군 서천읍 송신로226번길 22,[개] 믹스견,417000,개,000114,믹스견,검정색,2023(년생),7(Kg),충남-서천-2026-00019,20260313,20260323,http://openapi.animal.go.kr/openapi/service/rest/fileDownloadSrvc/files/shelter/2026/02/202603131603610.jpg,http://openapi.animal.go.kr/openapi/service/rest/fileDownloadSrvc/files/shelter/2026/02/202603131603622.jpg,보호중,M,N,서천읍 동네배회로 신고된 검정색 수컷 단모견,344458201300001,서천군유기동물보호소,041-950-4390,충청남도 서천군 마산면 한마로 1189-19 ,김용기,충청남도 서천군,2026-03-13 16:37:54.0,,,종합백신,파보,,,,
444458202600073,20260313,충청남도 서천군 서천읍 송신로226번길 22,[개] 믹스견,417000,개,000114,믹스견,검정&흰색,2023(년생),6(Kg),충남-서천-2026-00018,20260313,20260323,http://openapi.animal.go.kr/openapi/service/rest/fileDownloadSrvc/files/shelter/2026/02/202603131603169[1].jpg,http://openapi.animal.go.kr/openapi/service/rest/fileDownloadSrvc/files/shelter/2026/02/202603131603180.jpg,보호중,M,N,서천읍 동네배회로 신고된 검흰색 수컷 단모견,344458201300001,서천군유기동물보호소,041-950-4390,충청남도 서천군 마산면 한마로 1189-19 ,김용기,충청남도 서천군,2026-03-13 16:37:53.0,,,종합백신,파보,,,,
444453202600259,20260313,해미면 서문2길 7,[고양이] 한국 고양이,422400,고양이,000200,한국 고양이,흰색/검은색 얼룩무늬,2024(년생),1.9(Kg),충남-서산-2026-00112,20260313,20260323,http://openapi.animal.go.kr/openapi/service/rest/fileDownloadSrvc/files/shelter/2026/02/202603131803527.jpg,http://openapi.animal.go.kr/openapi/service/rest/fileDownloadSrvc/files/shelter/2026/02/202603131803613.jpg,보호중,F,N,"순한 편, 극심한 쇠약",344453202100003,서산시 동물보호센터,041-660-2040,충청남도 서산시 인지면 무학재1길 99  ,서산시농업기술센터,충청남도 서산시,2026-03-16 14:48:08.0,,,,,,,,
444453202600258,20260313,해미면 서문2길 7,[고양이] 한국 고양이,422400,고양이,000200,한국 고양이,레몬색&흰색,2023(년생),3.1(Kg),충남-서산-2026-00111,20260313,20260323,http://openapi.animal.go.kr/openapi/service/rest/fileDownloadSrvc/files/shelter/2026/02/202603131803546[1].jpg,http://openapi.animal.go.kr/openapi/service/rest/fileDownloadSrvc/files/shelter/2026/02/202603131803372.jpg,보호중,M,Y,"순한 편, 미추 상부 손상, 심한 쇠약",344453202100003,서산시 동물보호센터,041-660-2040,충청남도 서산시 인지면 무학재1길 99  ,서산시농업기술센터,충청남도 서산시,2026-03-16 14:48:00.0,,,,,,,,
444452202600249,20260313,탕정면 선문로254번길 152-15,[개] 진도견,417000,개,000067,진도견,흰색,2022(년생),15.5(Kg),충남-아산-2026-00074,20260313,20260323,http://openapi.animal.go.kr/openapi/service/rest/fileDownloadSrvc/files/shelter/2026/02/202603131603667.jpg,http://openapi.animal.go.kr/openapi/service/rest/fileDownloadSrvc/files/shelter/2026/02/202603131603696.jpg,종료(반환),F,U,26-249호(관리)74호(공고)/양옆볼분홍빛염색/옷착용,344452202300001,아산동물복지지원센터,041-530-6200,충청남도 아산시 환경공원로 158 (배미동) ,아산시장,충청남도 아산시,2026-03-14 09:32:54.0,,,"광견병,종합백신",사상충,,,,
444452202600245,20260313,배방읍 배방산길359번길 61,[개] 시바,417000,개,000100,시바,황갈색,2020(년생),11(Kg),충남-아산-2026-00073,20260313,20260323,http://openapi.animal.go.kr/openapi/service/rest/fileDownloadSrvc/files/shelter/2026/02/20260313160336.jpg,http://openapi.animal.go.kr/openapi/service/rest/fileDownloadSrvc/files/shelter/2026/02/20260313160361.jpg,종료(반환),M,N,26-245호(관리)73호(공고),344452202300001,아산동물복지지원센터,041-530-6200,충청남도 아산시 환경공원로 158 (배미동) ,아산시장,충청남도 아산시,2026-03-16 13:16:55.0,,,"광견병,종합백신",사상충,,,,
444452202600244,20260313,음봉면 산동로 190-14,[개] 스탠다드 푸들,417000,개,000105,스탠다드 푸들,흰색,2022(년생),19(Kg),충남-아산-2026-00072,20260313,20260323,http://openapi.animal.go.kr/openapi/service/rest/fileDownloadSrvc/files/shelter/2026/02/202603131503944.jpg,http://openapi.animal.go.kr/openapi/service/rest/fileDownloadSrvc/files/shelter/2026/02/20260313150329.jpg,보호중,M,N,26-244호(관리)72호(공고),344452202300001,아산동물복지지원센터,041-530-6200,충청남도 아산시 환경공원로 158 (배미동) ,아산시장,충청남도 아산시,2026-03-13 15:54:26.0,,,"광견병,종합백신",사상충,,,,
444451202600192,20260313,보령시 명천동 명천3차 일원,[개] 믹스견,417000,개,000114,믹스견,흰색,2023(년생),7(Kg),충남-보령-2026-00062,20260313,20260323,http://openapi.animal.go.kr/openapi/service/rest/fileDownloadSrvc/files/shelter/2026/02/202603130803395.jpg,http://openapi.animal.go.kr/openapi/service/rest/fileDownloadSrvc/files/shelter/2026/02/202603130803914.jpg,보호중,F,N,.,344451201300001,보령시유기동물보호소,010-5427-7210,충청남도 보령시 대천방조제로 322 (대천동) 보령시시설관리공단 내 좌측 생태공원2,장경무,충청남도 보령시,2026-03-13 08:58:59.0,,,,,,,,
444449202600374,20260313,동남구 목천읍 충절로 577,[개] 믹스견,417000,개,000114,믹스견,갈색&검정,2026(60일미만)(년생),3(Kg),충남-천안-2026-00083,20260313,20260323,http://openapi.animal.go.kr/openapi/service/rest/fileDownloadSrvc/files/shelter/2026/02/202603131403362.jpg,http://openapi.animal.go.kr/openapi/service/rest/fileDownloadSrvc/files/shelter/2026/02/202603131403450.jpg,보호중,F,N,"26.01.23 출생, 2026-00003번의 자견",344449202100001,천안시 동물보호센터,010-5913-5119,"충청남도 천안시 동남구 목천읍 충절로 577  문의전화 : 입양(010-5913-5119), 구조(010-4999-6119)",천안시장,충청남도 천안시,2026-03-13 14:47:31.0,,,"종합백신,코로나",,,,,
444449202600373,20260313,동남구 목천읍 충절로 577,[개] 믹스견,417000,개,000114,믹스견,갈색&검정,2026(60일미만)(년생),3.8(Kg),충남-천안-2026-00082,20260313,20260323,http://openapi.animal.go.kr/openapi/service/rest/fileDownloadSrvc/files/shelter/2026/02/202603131403328.jpg,http://openapi.animal.go.kr/openapi/service/rest/fileDownloadSrvc/files/shelter/2026/02/202603131403555[2].jpg,보호중,M,N,"26.01.23 출생, 2026-00003번의 자견",344449202100001,천안시 동물보호센터,010-5913-5119,"충청남도 천안시 동남구 목천읍 충절로 577  문의전화 : 입양(010-5913-5119), 구조(010-4999-6119)",천안시장,충청남도 천안시,2026-03-13 14:47:24.0,,,"종합백신,코로나",,,,,
444449202600371,20260313,동남구 목천읍 충절로 577,[개] 믹스견,417000,개,000114,믹스견,갈색&검정,2026(60일미만)(년생),3.1(Kg),충남-천안-2026-00081,20260313,20260323,http://openapi.animal.go.kr/openapi/service/rest/fileDownloadSrvc/files/shelter/2026/02/202603131403222[1].jpg,http://openapi.animal.go.kr/openapi/service/rest/fileDownloadSrvc/files/shelter/2026/02/202603131403451[1].jpg,보호중,M,N,"26.01.23 출생, 2026-00003번의 자견",344449202100001,천안시 동물보호센터,010-5913-5119,"충청남도 천안시 동남구 목천읍 충절로 577  문의전화 : 입양(010-5913-5119), 구조(010-4999-6119)",천안시장,충청남도 천안시,2026-03-13 14:47:17.0,,,"종합백신,코로나",,,,,
444449202600370,20260313,동남구 목천읍 충절로 577,[개] 믹스견,417000,개,000114,믹스견,갈색&검정,2026(60일미만)(년생),4.8(Kg),충남-천안-2026-00080,20260313,20260323,http://openapi.animal.go.kr/openapi/service/rest/fileDownloadSrvc/files/shelter/2026/02/202603131403509.jpg,http://openapi.animal.go.kr/openapi/service/rest/fileDownloadSrvc/files/shelter/2026/02/202603131403797.jpg,보호중,M,N,"26.01.23 출생, 2026-00003번의 자견",344449202100001,천안시 동물보호센터,010-5913-5119,"충청남도 천안시 동남구 목천읍 충절로 577  문의전화 : 입양(010-5913-5119), 구조(010-4999-6119)",천안시장,충청남도 천안시,2026-03-13 14:47:03.0,,,"종합백신,코로나",,,,,
443571202600147,20260313,오송 생명6로 70 인근,[개] 믹스견,417000,개,000114,믹스견,흰색,2026(60일미만)(년생),2.9(Kg),충북-청주-2026-00147,20260313,20260323,http://openapi.animal.go.kr/openapi/service/rest/fileDownloadSrvc/files/shelter/2026/02/202603131603444[2].jpg,http://openapi.animal.go.kr/openapi/service/rest/fileDownloadSrvc/files/shelter/2026/02/202603131603467.jpg,보호중,F,N,"피부병 있음 3마리 같이 입소 , 순치 중",343571201600001,반려동물보호센터,043-201-2298,충청북도 청주시 흥덕구 강내면 서부로 411-23  청주시 반려동물 보호센터,청주시청,충청북도 청주시,2026-03-13 17:23:28.0,,,,,,,,
443571202600146,20260313,오송 생명6로 70 인근,[개] 믹스견,417000,개,000114,믹스견,검정색,2026(60일미만)(년생),3.8(Kg),충북-청주-2026-00146,20260313,20260323,http://openapi.animal.go.kr/openapi/service/rest/fileDownloadSrvc/files/shelter/2026/02/202603131603298.jpg,http://openapi.animal.go.kr/openapi/service/rest/fileDownloadSrvc/files/shelter/2026/02/202603131603328.jpg,보호중,F,N,"피부병 있음 3마리 같이 입소 , 순치 중",343571201600001,반려동물보호센터,043-201-2298,충청북도 청주시 흥덕구 강내면 서부로 411-23  청주시 반려동물 보호센터,청주시청,충청북도 청주시,2026-03-13 17:23:53.0,,,,,,,,
443571202600145,20260313,오송읍 오송생명로 6로 70,[개] 믹스견,417000,개,000114,믹스견,검정&흰색,2026(년생),4(Kg),충북-청주-2026-00145,20260313,20260323,http://openapi.animal.go.kr/openapi/service/rest/fileDownloadSrvc/files/shelter/2026/02/202603131403715.jpeg,http://openapi.animal.go.kr/openapi/service/rest/fileDownloadSrvc/files/shelter/2026/02/202603131403763.jpeg,보호중,F,Y,"피부병 있음, 겁이 많아 입질이 있음, 적응필요",343571201600001,반려동물보호센터,043-201-2298,충청북도 청주시 흥덕구 강내면 서부로 411-23  청주시 반려동물 보호센터,청주시청,충청북도 청주시,2026-03-13 17:24:16.0,,,,,,,,
443447202600103,20260313,금왕읍 오룡길 15,[개] 믹스견,417000,개,000114,믹스견,갈색&흰색,2020(년생),15(Kg),충북-음성-2026-00103,20260313,20260323,http://openapi.animal.go.kr/openapi/service/rest/fileDownloadSrvc/files/shelter/2026/02/202603131703706.jpg,http://openapi.animal.go.kr/openapi/service/rest/fileDownloadSrvc/files/shelter/2026/02/202603131703997.jpg,보호중,M,N,"사상충 양성, 피부병 심함",343447202600001,음성군 동물보호센터,043-877-3081,충청북도 음성군 삼성면 대금로 715-5  ,음성군수,충청북도 음성군,2026-03-13 17:32:44.0,,,종합백신,사상충,,,,
443447202600102,20260313,생극면 생리 249-4,[개] 믹스견,417000,개,000114,믹스견,갈색,2024(년생),10(Kg),충북-음성-2026-00102,20260313,20260323,http://openapi.animal.go.kr/openapi/service/rest/fileDownloadSrvc/files/shelter/2026/02/202603131703244.jpg,http://openapi.animal.go.kr/openapi/service/rest/fileDownloadSrvc/files/shelter/2026/02/202603131703693[1].jpg,보호중,M,N,사상충 양성,343447202600001,음성군 동물보호센터,043-877-3081,충청북도 음성군 삼성면 대금로 715-5  ,음성군수,충청북도 음성군,2026-03-13 17:32:43.0,,,종합백신,사상충,,,,
443447202600101,20260313,감곡면 주천리 320,[개] 믹스견,417000,개,000114,믹스견,흰색,2026(60일미만)(년생),3(Kg),충북-음성-2026-00101,20260313,20260323,http://openapi.animal.go.kr/openapi/service/rest/fileDownloadSrvc/files/shelter/2026/02/202603131703577[1].jpg,http://openapi.animal.go.kr/openapi/service/rest/fileDownloadSrvc/files/shelter/2026/02/202603131703835.jpg,보호중,M,N,파보 음성,343447202600001,음성군 동물보호센터,043-877-3081,충청북도 음성군 삼성면 대금로 715-5  ,음성군수,충청북도 음성군,2026-03-13 17:32:43.0,,,종합백신,파보,,,,
443443202600126,20260313,동이면,[개] 푸들,417000,개,000128,푸들,검정색,2025(년생),6(Kg),충북-옥천-2026-00066,20260313,20260323,http://openapi.animal.go.kr/openapi/service/rest/fileDownloadSrvc/files/shelter/2026/02/202603132003861.jpeg,http://openapi.animal.go.kr/openapi/service/rest/fileDownloadSrvc/files/shelter/2026/02/202603132003437.jpeg,보호중,M,N,[관리번호066]동이면 금암리 도로 위에서 발견,343443201500001,옥천동물병원,010-8843-8844,"충청북도 옥천군 옥천읍 삼금로 53 (옥천읍, 동물병원) 옥천동물병원",정종관,충청북도 옥천군,2026-03-13 20:43:43.0,,,,,,,,
442431202600012,20260313,하남면 위라리 마을 주변 배회,[개] 믹스견,417000,개,000114,믹스견,붉고 엷은 황갈색,2024(년생),17.00(Kg),강원-화천-2026-00012,20260313,20260323,http://openapi.animal.go.kr/openapi/service/rest/fileDownloadSrvc/files/shelter/2026/02/202603131803829.jpg,http://openapi.animal.go.kr/openapi/service/rest/fileDownloadSrvc/files/shelter/2026/02/20260313180302.jpg,보호중,M,U,겁은 많으나 매우 온순하며 사람손길을 피하지 않음,342431201300001,화천군농업기술센터,033-440-2941,강원도 화천군 상서면 영서로 6387-9  화천농업기술센터,화천군농업기술센터,강원특별자치도 화천군,2026-03-13 18:14:00.0,,,,,,,,
442431202600011,20260313,상서면 사방거리 약수터,[개] 믹스견,417000,개,000114,믹스견,흰색,2025(년생),13.50(Kg),강원-화천-2026-00011,20260313,20260323,http://openapi.animal.go.kr/openapi/service/rest/fileDownloadSrvc/files/shelter/2026/02/202603131803276.jpg,http://openapi.animal.go.kr/openapi/service/rest/fileDownloadSrvc/files/shelter/2026/02/202603131803598.jpg,보호중,M,U,매우 온순하며 사람을 잘따름,342431201300001,화천군농업기술센터,033-440-2941,강원도 화천군 상서면 영서로 6387-9  화천농업기술센터,화천군농업기술센터,강원특별자치도 화천군,2026-03-13 18:14:00.0,,,,,,,,
442429202600103,20260313,임계면 서동로 4086-5,[개] 믹스견,417000,개,000114,믹스견,갈색,2026(60일미만)(년생),6.5(Kg),강원-정선-2026-00017,20260313,20260320,http://openapi.animal.go.kr/openapi/service/rest/fileDownloadSrvc/files/shelter/2026/02/202603130903654[1].jpg,http://openapi.animal.go.kr/openapi/service/rest/fileDownloadSrvc/files/shelter/2026/02/202603130903688.jpg,보호중,M,N,도로에 묶여있었음,342429201400001,정선가축병원,033-563-0198,강원도 정선군 정선읍 정선로 1321 (정선읍) ,변광복,강원특별자치도 정선군,2026-03-13 09:50:03.0,,,,,,,,
442418202600076,20260313,성심로 47번길 54,[고양이] 한국 고양이,422400,고양이,000200,한국 고양이,레몬색&흰색,2021(년생),5(Kg),강원-춘천-2026-00038,20260313,20260323,http://openapi.animal.go.kr/openapi/service/rest/fileDownloadSrvc/files/shelter/2026/02/202603131403711.jpg,http://openapi.animal.go.kr/openapi/service/rest/fileDownloadSrvc/files/shelter/2026/02/202603131403732.jpg,보호중,M,N,"온순, 보라색 옷 입음",342418201300001,춘천시 동물보호센터,033-245-5351,강원도 춘천시 신북읍 영서로 3282 (신북읍) (전)102보충대 주차장,춘천시장,강원특별자치도 춘천시,2026-03-13 14:19:17.0,,,,,,,,
441417202600078,20260313,양평군 용문면 용문체육공원길 55,[개] 베들링턴 테리어,417000,개,000015,베들링턴 테리어,청색,2017(년생),11.7(Kg),경기-양평-2026-00076,20260313,20260323,http://openapi.animal.go.kr/openapi/service/rest/fileDownloadSrvc/files/shelter/2026/02/20260313150354.png,http://openapi.animal.go.kr/openapi/service/rest/fileDownloadSrvc/files/shelter/2026/02/202603131503110.png,종료(반환),M,Y,사람을 아주 좋아하고 잘 따름. 동물등록이 되어있어 반환 예정.,341417201800001,양평군유기동물보호소,031-770-2337,경기도 양평군 양평읍 농업기술센터길 59-1  ,양평군청,경기도 양평군,2026-03-14 13:36:22.0,410160010268623,-,,,,,,
441405202600233,20260313,처인구 포곡읍 옥현로45번길 278,[개] 비숑 프리제,417000,개,000018,비숑 프리제,흰색,2021(년생),7.5(Kg),경기-용인-2026-00049,20260313,20260323,http://openapi.animal.go.kr/openapi/service/rest/fileDownloadSrvc/files/shelter/2026/02/202603131503282.jpg,http://openapi.animal.go.kr/openapi/service/rest/fileDownloadSrvc/files/shelter/2026/02/20260313150301.jpg,보호중,M,Y,"하늘색 상의와 하늘색 하네스 착용, 몸통 미용되어 있음",341405201800001,용인시 동물보호센터,031-6193-3463,경기도 용인시 처인구 중부대로 1074-1 (삼가동) 용인시 동물보호센터,용인시장,경기도 용인시,2026-03-13 15:24:53.0,,,,,,,,
441401202600062,20260313,금화로 332번길 32,[개] 믹스견,417000,개,000114,믹스견,흰색,2016(년생),15(Kg),경기-시흥-2026-00063,20260313,20260323,http://openapi.animal.go.kr/openapi/service/rest/fileDownloadSrvc/files/shelter/2026/02/202603131503884[1].jpg,http://openapi.animal.go.kr/openapi/service/rest/fileDownloadSrvc/files/shelter/2026/02/202603131503923.jpg,보호중,F,U,"약간 겁이 있지만 호기심도 있음, 마르고 기력 없는 편",341401202200001,시흥동물누리보호센터,031-310-6945,경기도 시흥시 뒷방울길 218 (정왕동) ,시흥시,경기도 시흥시,2026-03-13 15:45:09.0,,,"종합백신,코로나","사상충,파보,코로나,원충",,,,
441401202600061,20260313,정왕동 1870 부근,[개] 믹스견,417000,개,000114,믹스견,검정&황갈색,2026(년생),5(Kg),경기-시흥-2026-00062,20260313,20260323,http://openapi.animal.go.kr/openapi/service/rest/fileDownloadSrvc/files/shelter/2026/02/202603131003154.jpg,http://openapi.animal.go.kr/openapi/service/rest/fileDownloadSrvc/files/shelter/2026/02/202603131003226.jpg,보호중,M,N,"멀리서 보면 억울상 가까이서 보면 호남상, 붙임성 좋은 똑똑이",341401202200001,시흥동물누리보호센터,031-310-6945,경기도 시흥시 뒷방울길 218 (정왕동) ,시흥시,경기도 시흥시,2026-03-13 10:09:05.0,,,"종합백신,코로나","파보,코로나,홍역",,,,
441400202600036,20260313,궐리사82,[고양이] 믹스묘,422400,고양이,000212,믹스묘,기타(갈백색),2024(년생),2.4(Kg),경기-오산-2026-00019,20260313,20260323,http://openapi.animal.go.kr/openapi/service/rest/fileDownloadSrvc/files/shelter/2026/02/202603131803379.jpg,http://openapi.animal.go.kr/openapi/service/rest/fileDownloadSrvc/files/shelter/2026/02/202603131803437.jpg,종료(반환),F,N,목걸이.목줄없음,341400200900001,오산 유기동물보호소,031-372-9325,경기도 오산시 성호대로 36 (오산동) ,박철진,경기도 오산시,2026-03-16 10:25:56.0,,,,,,,,
441400202600034,20260313,성호대로141,[개] 웰시 코기 펨브로크,417000,개,000108,웰시 코기 펨브로크,갈색&흰색,2021(년생),7(Kg),경기-오산-2026-00018,20260313,20260323,http://openapi.animal.go.kr/openapi/service/rest/fileDownloadSrvc/files/shelter/2026/02/202603131003979.jpg,http://openapi.animal.go.kr/openapi/service/rest/fileDownloadSrvc/files/shelter/2026/02/202603131003129.jpg,종료(반환),M,N,회색목줄과 검은색옷착용,341400200900001,오산 유기동물보호소,031-372-9325,경기도 오산시 성호대로 36 (오산동) ,박철진,경기도 오산시,2026-03-16 10:02:22.0,,,,,,,,
441399202600089,20260313,진관로311번길13-46,[개] 믹스견,417000,개,000114,믹스견,검정&흰색,2026(60일미만)(년생),1.7(Kg),경기-남양주-2026-00089,20260313,20260323,http://openapi.animal.go.kr/openapi/service/rest/fileDownloadSrvc/files/shelter/2026/02/202603131703217.png,http://openapi.animal.go.kr/openapi/service/rest/fileDownloadSrvc/files/shelter/2026/02/202603131703323.png,보호중,M,N,착하고 사람 손길을 잘 따름,341399202200002,남양주시동물보호센터,031-590-2785,경기도 남양주시 경강로163번길 32-27 (이패동) ,남양주시장,경기도 남양주시,2026-03-14 13:43:44.0,,,"종합백신,코로나","사상충,파보,코로나,홍역",,,,
441399202600088,20260313,진관로311번길13-46,[개] 믹스견,417000,개,000114,믹스견,검정색,2026(60일미만)(년생),1.2(Kg),경기-남양주-2026-00088,20260313,20260323,http://openapi.animal.go.kr/openapi/service/rest/fileDownloadSrvc/files/shelter/2026/02/202603131703159.png,http://openapi.animal.go.kr/openapi/service/rest/fileDownloadSrvc/files/shelter/2026/02/202603131703196.png,보호중,M,N,착하고 사람 손길을 잘 따름,341399202200002,남양주시동물보호센터,031-590-2785,경기도 남양주시 경강로163번길 32-27 (이패동) ,남양주시장,경기도 남양주시,2026-03-14 13:42:36.0,,,"종합백신,코로나","사상충,파보,코로나,홍역",,,,
441399202600087,20260313,진관로311번길13-46,[개] 믹스견,417000,개,000114,믹스견,검정색,2026(60일미만)(년생),1.2(Kg),경기-남양주-2026-00087,20260313,20260323,http://openapi.animal.go.kr/openapi/service/rest/fileDownloadSrvc/files/shelter/2026/02/202603131703950.png,http://openapi.animal.go.kr/openapi/service/rest/fileDownloadSrvc/files/shelter/2026/02/202603131703980.png,보호중,F,N,착하고 사람 손길을 잘 따름,341399202200002,남양주시동물보호센터,031-590-2785,경기도 남양주시 경강로163번길 32-27 (이패동) ,남양주시장,경기도 남양주시,2026-03-14 13:40:06.0,,,"종합백신,코로나","사상충,파보,코로나,홍역",,,,
441399202600086,20260313,진관로311번길13-46,[개] 믹스견,417000,개,000114,믹스견,검정색,2026(60일미만)(년생),1.7(Kg),경기-남양주-2026-00086,20260313,20260323,http://openapi.animal.go.kr/openapi/service/rest/fileDownloadSrvc/files/shelter/2026/02/202603131703213.png,http://openapi.animal.go.kr/openapi/service/rest/fileDownloadSrvc/files/shelter/2026/02/202603131703288.png,보호중,F,N,착하고 사람 손길을 잘 따름,341399202200002,남양주시동물보호센터,031-590-2785,경기도 남양주시 경강로163번길 32-27 (이패동) ,남양주시장,경기도 남양주시,2026-03-14 13:37:56.0,,,"종합백신,코로나","사상충,파보,코로나,홍역",,,,
441399202600085,20260313,진관로311번길13-46,[개] 믹스견,417000,개,000114,믹스견,검정&흰색,2023(년생),10(Kg),경기-남양주-2026-00085,20260313,20260323,http://openapi.animal.go.kr/openapi/service/rest/fileDownloadSrvc/files/shelter/2026/02/202603131703967.png,http://openapi.animal.go.kr/openapi/service/rest/fileDownloadSrvc/files/shelter/2026/02/20260313170352.png,보호중,F,N,착하고 사람 손길을 잘 따름,341399202200002,남양주시동물보호센터,031-590-2785,경기도 남양주시 경강로163번길 32-27 (이패동) ,남양주시장,경기도 남양주시,2026-03-14 13:34:57.0,,,"광견병,종합백신,코로나","사상충,파보,코로나,홍역",,,,
441393202600188,20260313,대부119안전센터에서 인수,[개] 셰퍼드,417000,개,000122,셰퍼드,기타(갈흑),2022(년생),30(Kg),경기-안산-2026-00125,20260313,20260323,http://openapi.animal.go.kr/openapi/service/rest/fileDownloadSrvc/files/shelter/2026/02/20260313180324.jpg,http://openapi.animal.go.kr/openapi/service/rest/fileDownloadSrvc/files/shelter/2026/02/202603131803290.jpg,보호중,M,U,"노끈으로 만든목줄,치아가 전체 짧음",341393200900001,한국야생동물보호협회,031-296-0124,경기도 안산시 상록구 청곡길 50 (부곡동) 안산시 상록구 부곡동 231-5,박한웅,경기도 안산시,2026-03-13 18:11:12.0,,,,,,,,
441393202600187,20260313,대부동동643-9 부근,[개] 믹스견,417000,개,000114,믹스견,기타(갈흑),2026(년생),2(Kg),경기-안산-2026-00124,20260313,20260323,http://openapi.animal.go.kr/openapi/service/rest/fileDownloadSrvc/files/shelter/2026/02/202603131703588.jpg,http://openapi.animal.go.kr/openapi/service/rest/fileDownloadSrvc/files/shelter/2026/02/202603131703613[1].jpg,보호중,F,N,"3개월추정,겁많음,피부병심함,각질심함",341393200900001,한국야생동물보호협회,031-296-0124,경기도 안산시 상록구 청곡길 50 (부곡동) 안산시 상록구 부곡동 231-5,박한웅,경기도 안산시,2026-03-13 17:37:35.0,,,,,,,,
441393202600186,20260313,대부동동643-9 부근,[개] 믹스견,417000,개,000114,믹스견,기타(갈),2025(년생),20(Kg),경기-안산-2026-00123,20260313,20260323,http://openapi.animal.go.kr/openapi/service/rest/fileDownloadSrvc/files/shelter/2026/02/202603131703937.jpg,http://openapi.animal.go.kr/openapi/service/rest/fileDownloadSrvc/files/shelter/2026/02/202603131703958[3].jpg,종료(자연사),F,U,입소시자연사,341393200900001,한국야생동물보호협회,031-296-0124,경기도 안산시 상록구 청곡길 50 (부곡동) 안산시 상록구 부곡동 231-5,박한웅,경기도 안산시,2026-03-13 17:38:29.0,,,,,,,,
441393202600185,20260313,용신로328 부근,[고양이] 한국 고양이,422400,고양이,000200,한국 고양이,기타(갈백),2026(년생),5(Kg),경기-안산-2026-00122,20260313,20260323,http://openapi.animal.go.kr/openapi/service/rest/fileDownloadSrvc/files/shelter/2026/02/202603131703144.jpg,http://openapi.animal.go.kr/openapi/service/rest/fileDownloadSrvc/files/shelter/2026/02/202603131703165.jpg,보호중,Q,N,"나이미상,성별미상,얼굴피부병,겁많음",341393200900001,한국야생동물보호협회,031-296-0124,경기도 안산시 상록구 청곡길 50 (부곡동) 안산시 상록구 부곡동 231-5,박한웅,경기도 안산시,2026-03-13 17:37:35.0,,,,,,,,
441393202600184,20260313,일동665-11 부근,[고양이] 한국 고양이,422400,고양이,000200,한국 고양이,기타(갈흑),2024(년생),4(Kg),경기-안산-2026-00121,20260313,20260323,http://openapi.animal.go.kr/openapi/service/rest/fileDownloadSrvc/files/shelter/2026/02/202603131703963[1].jpg,http://openapi.animal.go.kr/openapi/service/rest/fileDownloadSrvc/files/shelter/2026/02/202603131703988.jpg,보호중,F,N,순함,341393200900001,한국야생동물보호협회,031-296-0124,경기도 안산시 상록구 청곡길 50 (부곡동) 안산시 상록구 부곡동 231-5,박한웅,경기도 안산시,2026-03-13 17:37:35.0,,,,,,,,
441393202600183,20260313,고잔동767 부근,[고양이] 한국 고양이,422400,고양이,000200,한국 고양이,기타(갈흑백),2025(년생),4(Kg),경기-안산-2026-00120,20260313,20260323,http://openapi.animal.go.kr/openapi/service/rest/fileDownloadSrvc/files/shelter/2026/02/202603131703808[1].jpg,http://openapi.animal.go.kr/openapi/service/rest/fileDownloadSrvc/files/shelter/2026/02/202603131703830.jpg,보호중,F,N,겁많음,341393200900001,한국야생동물보호협회,031-296-0124,경기도 안산시 상록구 청곡길 50 (부곡동) 안산시 상록구 부곡동 231-5,박한웅,경기도 안산시,2026-03-13 17:37:35.0,,,,,,,,
441391202600163,20260313,안중 119센터,[개] 믹스견,417000,개,000114,믹스견,흰색,2026(년생),3.9(Kg),경기-평택-2026-00163,20260313,20260323,http://openapi.animal.go.kr/openapi/service/rest/fileDownloadSrvc/files/shelter/2026/02/202603131703880[2].jpg,http://openapi.animal.go.kr/openapi/service/rest/fileDownloadSrvc/files/shelter/2026/02/202603131703209.jpg,보호중,M,N,"3개월령 온순한 아기강아지, 세부정보 확인 후 수정 예정",341391202500001,평택시동물보호센터,031-8024-8080,경기도 평택시 청북읍 청북로 497  ,평택시장,경기도 평택시,2026-03-13 17:56:45.0,,,,,,,,
441391202600162,20260313,신장동 693-59번지,[개] 말티푸 추정,417000,개,000115,기타,회색,2026(년생),1(Kg),경기-평택-2026-00162,20260313,20260323,http://openapi.animal.go.kr/openapi/service/rest/fileDownloadSrvc/files/shelter/2026/02/202603131103166.jpg,http://openapi.animal.go.kr/openapi/service/rest/fileDownloadSrvc/files/shelter/2026/02/202603131103255.jpg,종료(반환),F,N,"3개월 추정 아기, 척추만곡증",341391202500001,평택시동물보호센터,031-8024-8080,경기도 평택시 청북읍 청북로 497  ,평택시장,경기도 평택시,2026-03-16 09:36:08.0,,,,,,,,
441383202600050,20260313,임곡로126 부근,[개] 믹스견,417000,개,000114,믹스견,기타(갈백),2026(년생),25(Kg),경기-안양-2026-00025,20260313,20260323,http://openapi.animal.go.kr/openapi/service/rest/fileDownloadSrvc/files/shelter/2026/02/202603131803471.jpg,http://openapi.animal.go.kr/openapi/service/rest/fileDownloadSrvc/files/shelter/2026/02/202603131803496.jpg,보호중,Q,U,겁많음,341383201300001,한국야생동물보호협회,031-296-0124,경기도 안산시 상록구 청곡길 50 (부곡동) .,박한웅,경기도 안양시,2026-03-13 18:08:09.0,,,,,,,,
431369202600055,20260313,반구1동동사무소근처,[개] 말티즈,417000,개,000072,말티즈,흰색,2016(년생),6.00(Kg),울산-중구-2026-00039,20260313,20260323,http://openapi.animal.go.kr/openapi/service/rest/fileDownloadSrvc/files/shelter/2026/02/202603131403334[1].jpg,http://openapi.animal.go.kr/openapi/service/rest/fileDownloadSrvc/files/shelter/2026/02/202603131403345[2].jpg,종료(반환),M,Y,온순함 피모젖어있음,331369201900001,산타클라라동물병원,052-244-4296,울산광역시 중구 다운로 1 (다운동) ,고은지,울산광역시 중구,2026-03-13 14:50:16.0,410160012841383,-,,,,,,
429362202600041,20260313,북구 일곡동 51,[개] 믹스견,417000,개,000114,믹스견,흰색,2024(년생),14(Kg),광주-북구-2026-00041,20260313,20260323,http://openapi.animal.go.kr/openapi/service/rest/fileDownloadSrvc/files/shelter/2026/02/202603131303170.jpg,http://openapi.animal.go.kr/openapi/service/rest/fileDownloadSrvc/files/shelter/2026/02/202603131303197[1].jpg,종료(반환),M,N,26-0124 제육,329362201300001,광주동물보호센터,062-613-6770,광주광역시 북구 본촌마을길 25-1 (본촌동) 광주동물보호센터,광주광역시장,광주광역시 북구,2026-03-14 13:29:03.0,,,,,,,,
429360202600037,20260313,서구 금호동,[고양이] 러시안 블루,422400,고양이,000172,러시안 블루,기타(회색),2023(년생),4.4(Kg),광주-서구-2026-00037,20260313,20260323,http://openapi.animal.go.kr/openapi/service/rest/fileDownloadSrvc/files/shelter/2026/02/202603131703300.jpg,http://openapi.animal.go.kr/openapi/service/rest/fileDownloadSrvc/files/shelter/2026/02/202603131703328.jpg,보호중,Q,U,26-4013 심한경계로 성별확인 불가,329360201300001,광주동물보호센터,062-613-6770,광주광역시 북구 본촌마을길 25-1 (본촌동) 광주동물보호센터,광주광역시장,광주광역시 서구,2026-03-13 17:45:42.0,,,,,,,,
428356202600071,20260313,가좌동 277-7,[개] 믹스견,417000,개,000114,믹스견,흰색,2021(년생),10(Kg),인천-서구-2026-00074,20260313,20260323,http://openapi.animal.go.kr/openapi/service/rest/fileDownloadSrvc/files/shelter/2026/02/202603131703865.jpg,http://openapi.animal.go.kr/openapi/service/rest/fileDownloadSrvc/files/shelter/2026/02/202603131703907[1].jpg,종료(반환),M,Y,"보호자님 연락? 반환예정,엄청귀엽고 사랑스러움,?발랄,친화력갑",328356201000001,가정동물병원,032-575-0833,인천광역시 서구 가정로 346 (가정동) ,양해용,인천광역시 서구,2026-03-13 17:31:33.0,410100008182226,-,,,,,,
428354202600102,20260313,동수로87,[기타축종] 토끼,429900,기타,000117,기타축종,기타(흰색),2026(60일미만)(년생),0.1(Kg),인천-부평-2026-00069,20260313,20260323,http://openapi.animal.go.kr/openapi/service/rest/fileDownloadSrvc/files/shelter/2026/02/202603131403984.jpg,http://openapi.animal.go.kr/openapi/service/rest/fileDownloadSrvc/files/shelter/2026/02/20260313140354.jpg,보호중,Q,N,보호유기토끼 출산,328354201700003,삼산종합동물병원,032-330-0075,인천광역시 부평구 체육관로 40 (삼산동) ,오보현,인천광역시 부평구,2026-03-13 14:49:50.0,,,,,,,,
428354202600101,20260313,동수로87,[기타축종] 토끼,429900,기타,000117,기타축종,기타(흰색),2026(60일미만)(년생),0.1(Kg),인천-부평-2026-00068,20260313,20260323,http://openapi.animal.go.kr/openapi/service/rest/fileDownloadSrvc/files/shelter/2026/02/202603131403932.jpg,http://openapi.animal.go.kr/openapi/service/rest/fileDownloadSrvc/files/shelter/2026/02/202603131403949[1].jpg,보호중,Q,N,보호유기토끼 출산,328354201700003,삼산종합동물병원,032-330-0075,인천광역시 부평구 체육관로 40 (삼산동) ,오보현,인천광역시 부평구,2026-03-13 14:49:50.0,,,,,,,,
428354202600100,20260313,동수로87,[기타축종] 토끼,429900,기타,000117,기타축종,기타(흰색),2026(60일미만)(년생),0.1(Kg),인천-부평-2026-00067,20260313,20260323,http://openapi.animal.go.kr/openapi/service/rest/fileDownloadSrvc/files/shelter/2026/02/202603131403162.jpg,http://openapi.animal.go.kr/openapi/service/rest/fileDownloadSrvc/files/shelter/2026/02/202603131403179.jpg,보호중,Q,N,보호유기토끼 출산,328354201700003,삼산종합동물병원,032-330-0075,인천광역시 부평구 체육관로 40 (삼산동) ,오보현,인천광역시 부평구,2026-03-13 14:49:50.0,,,,,,,,
428354202600099,20260313,동수로87,[기타축종] 토끼,429900,기타,000117,기타축종,기타(흰색),2026(60일미만)(년생),0.1(Kg),인천-부평-2026-00066,20260313,20260323,http://openapi.animal.go.kr/openapi/service/rest/fileDownloadSrvc/files/shelter/2026/02/202603131403140.jpg,http://openapi.animal.go.kr/openapi/service/rest/fileDownloadSrvc/files/shelter/2026/02/202603131403155[1].jpg,보호중,Q,N,보호유기토끼 출산,328354201700003,삼산종합동물병원,032-330-0075,인천광역시 부평구 체육관로 40 (삼산동) ,오보현,인천광역시 부평구,2026-03-13 14:49:50.0,,,,,,,,
428354202600098,20260313,동수로87,[기타축종] 토끼,429900,기타,000117,기타축종,기타(흰색),2026(60일미만)(년생),0.1(Kg),인천-부평-2026-00065,20260313,20260323,http://openapi.animal.go.kr/openapi/service/rest/fileDownloadSrvc/files/shelter/2026/02/202603131403345.jpg,http://openapi.animal.go.kr/openapi/service/rest/fileDownloadSrvc/files/shelter/2026/02/202603131403365.jpg,보호중,Q,N,보호유기토끼 출산,328354201700003,삼산종합동물병원,032-330-0075,인천광역시 부평구 체육관로 40 (삼산동) ,오보현,인천광역시 부평구,2026-03-13 14:49:50.0,,,,,,,,
428354202600097,20260313,동수로87,[기타축종] 토끼,429900,기타,000117,기타축종,기타(흰색),2026(60일미만)(년생),0.1(Kg),인천-부평-2026-00064,20260313,20260323,http://openapi.animal.go.kr/openapi/service/rest/fileDownloadSrvc/files/shelter/2026/02/202603131403878.jpg,http://openapi.animal.go.kr/openapi/service/rest/fileDownloadSrvc/files/shelter/2026/02/202603131403902.jpg,보호중,Q,N,보호유기토끼 출산,328354201700003,삼산종합동물병원,032-330-0075,인천광역시 부평구 체육관로 40 (삼산동) ,오보현,인천광역시 부평구,2026-03-13 14:49:49.0,,,,,,,,
428351202600068,20260313,한나루로 545 인천기계공고 부근,[개] 믹스견,417000,개,000114,믹스견,기타(블랙탄),2022(년생),7.50(Kg),인천-미추홀-2026-00054,20260313,20260323,http://openapi.animal.go.kr/openapi/service/rest/fileDownloadSrvc/files/shelter/2026/02/202603131203327.jpg,http://openapi.animal.go.kr/openapi/service/rest/fileDownloadSrvc/files/shelter/2026/02/202603131203353.jpg,보호중,M,N,"구조 당시 초록색목걸이를 착용,  비교적 양호한 편으로 사료됨  ",328351200900001,경동동물병원,032-765-9988,인천광역시 중구 개항로 68 (경동) ,이광태,인천광역시 미추홀구,2026-03-13 15:12:25.0,,,,,,,,
427347202600208,20260313,두류동 827,[개] 푸들,417000,개,000128,푸들,회색,2019(년생),6(Kg),대구-달서-2026-00035,20260313,20260323,http://openapi.animal.go.kr/openapi/service/rest/fileDownloadSrvc/files/shelter/2026/02/202603131703929.jpg,http://openapi.animal.go.kr/openapi/service/rest/fileDownloadSrvc/files/shelter/2026/02/202603141303613[1].jpg,보호중,M,Y,.,327347201400001,대구유기동물보호협회,053-964-6258,대구광역시 동구 금강로 151-13 (금강동) ,임규호,대구광역시 달서구,2026-03-14 13:51:39.0,,,,,,,,
427346202600149,20260313,화랑공원,[고양이] 한국 고양이,422400,고양이,000200,한국 고양이,흰색,2026(년생),0.95(Kg),대구-수성-2026-00067,20260313,20260323,http://openapi.animal.go.kr/openapi/service/rest/fileDownloadSrvc/files/shelter/2026/02/202603131703458.jpg,http://openapi.animal.go.kr/openapi/service/rest/fileDownloadSrvc/files/shelter/2026/02/20260313170311.jpg,보호중,F,N,순하고 귀엽습니다.,327346201800002,금강동물병원,053-746-7111,대구광역시 수성구 동원로 150 (만촌동) 금강동물병원,이영철,대구광역시 수성구,2026-03-13 17:44:23.0,,,종합백신,파보,,,,
427344202600068,20260313,대명 119,[개] 보더 콜리,417000,개,000020,보더 콜리,검정&흰색,2023(년생),20(Kg),대구-남구-2026-00025,20260313,20260323,http://openapi.animal.go.kr/openapi/service/rest/fileDownloadSrvc/files/shelter/2026/02/202603131603903[1].jpg,http://openapi.animal.go.kr/openapi/service/rest/fileDownloadSrvc/files/shelter/2026/02/202603141303189.jpg,종료(반환),M,N,파란목줄 착용,327344201600001,대구유기동물보호협회,053-964-6258,대구광역시 동구 금강로 151-13 (금강동) ,임규호,대구광역시 남구,2026-03-14 13:49:39.0,,,,,,,,
411324202600064,20260313,고덕로 20라길 25 1302,[개] 푸들,417000,개,000128,푸들,검정색,2026(년생),6.1(Kg),서울-강동-2026-00024,20260313,20260327,http://openapi.animal.go.kr/openapi/service/rest/fileDownloadSrvc/files/shelter/2026/02/202603131803227.jpg,http://openapi.animal.go.kr/openapi/service/rest/fileDownloadSrvc/files/shelter/2026/02/202603131803191.jpg,보호중,M,N,"귀 깨끗, 심잡음 없음, 슬개골 좋음, 피모 좋음",311324201700002,강동리본센터(reborn),070-4163-7350,서울특별시 강동구 양재대로81길 73 (성내동) ,강동구청 ,서울특별시 강동구,2026-03-13 18:20:21.0,,,,,,,,
411324202600063,20260313,고덕로 20라길 25 1302,[개] 푸들,417000,개,000128,푸들,검정색,2026(년생),4.8(Kg),서울-강동-2026-00023,20260313,20260327,http://openapi.animal.go.kr/openapi/service/rest/fileDownloadSrvc/files/shelter/2026/02/202603131803634.jpg,http://openapi.animal.go.kr/openapi/service/rest/fileDownloadSrvc/files/shelter/2026/02/202603131803853.jpg,보호중,F,N,"귀 깨끗, 심잡음 없음, 슬개골 좋음, 피모 좋음",311324201700002,강동리본센터(reborn),070-4163-7350,서울특별시 강동구 양재대로81길 73 (성내동) ,강동구청 ,서울특별시 강동구,2026-03-13 18:20:14.0,,,,,,,,
411324202600062,20260313,고덕로 20라길 25 1302,[개] 푸들,417000,개,000128,푸들,검정색,2026(년생),5.5(Kg),서울-강동-2026-00022,20260313,20260327,http://openapi.animal.go.kr/openapi/service/rest/fileDownloadSrvc/files/shelter/2026/02/202603131803145.jpg,http://openapi.animal.go.kr/openapi/service/rest/fileDownloadSrvc/files/shelter/2026/02/202603131803821[1].jpg,보호중,M,N,"귀 깨끗, 심잡음 없음, 슬개골 좋음, 피모 좋음",311324201700002,강동리본센터(reborn),070-4163-7350,서울특별시 강동구 양재대로81길 73 (성내동) ,강동구청 ,서울특별시 강동구,2026-03-13 18:20:03.0,,,,,,,,
411320202600071,20260313,호암로417 맞은편 산,[개] 믹스견,417000,개,000114,믹스견,흰색,2025(년생),11(Kg),서울-관악-2026-00034,20260313,20260323,http://openapi.animal.go.kr/openapi/service/rest/fileDownloadSrvc/files/shelter/2026/02/202603131503345.jpg,http://openapi.animal.go.kr/openapi/service/rest/fileDownloadSrvc/files/shelter/2026/02/202603131503412.jpg,보호중,M,N,겁이 많음  진드기감염,311320202400001,디아크 동물종합병원,02-816-7582,서울특별시 동작구 장승배기로27길 18 (노량진동) 1층,김정윤,서울특별시 관악구,2026-03-13 15:41:46.0,,,,,,,,
411319202600048,20260313,매봉로4길 17 한강리버빌아파트 ,[기타축종] 왕관앵무,429900,기타,000117,기타축종,기타(흰노랑),2025(년생),0.11(Kg),서울-동작-2026-00018,20260313,20260323,http://openapi.animal.go.kr/openapi/service/rest/fileDownloadSrvc/files/shelter/2026/02/20260313150304.jpg,http://openapi.animal.go.kr/openapi/service/rest/fileDownloadSrvc/files/shelter/2026/02/202603131503330.jpg,보호중,Q,U,얌전함.기침소리,311319201200001,디아크동물종합병원,02-816-7582,서울특별시 동작구 장승배기로27길 18 (노량진동) ,김정윤,서울특별시 동작구,2026-03-13 15:46:12.0,,,,,,,,
411313202600042,20260313,합정동 웨하로스티스카페근처,[개] 포메라니안,417000,개,000089,포메라니안,크림색,2020(년생),3.7(Kg),서울-마포-2026-00022,20260313,20260323,http://openapi.animal.go.kr/openapi/service/rest/fileDownloadSrvc/files/shelter/2026/02/202603131703836.jpg,http://openapi.animal.go.kr/openapi/service/rest/fileDownloadSrvc/files/shelter/2026/02/202603131703495.jpg,종료(반환),F,Y,순함,311313201000017,홍익동물병원,02-325-2026,서울특별시 마포구 독막로 45 (합정동) ,이대영,서울특별시 마포구,2026-03-16 12:13:36.0,410160020132851,-,,,,,,
411313202600041,20260313,고산14길13-3,[고양이] 한국 고양이,422400,고양이,000200,한국 고양이,레몬색&흰색,2023(년생),3.5(Kg),서울-마포-2026-00021,20260313,20260323,http://openapi.animal.go.kr/openapi/service/rest/fileDownloadSrvc/files/shelter/2026/02/202603131403684.jpg,http://openapi.animal.go.kr/openapi/service/rest/fileDownloadSrvc/files/shelter/2026/02/202603131403972.jpg,보호중,F,N,사고냥,311313201000017,홍익동물병원,02-325-2026,서울특별시 마포구 독막로 45 (합정동) ,이대영,서울특별시 마포구,2026-03-13 16:27:35.0,,,,,,,,
411312202600081,20260313,북아현동 소방서 앞,[개] 웰시 코기 펨브로크,417000,개,000108,웰시 코기 펨브로크,갈색&흰색,2022(년생),12(Kg),서울-서대문-2026-00023,20260313,20260323,http://openapi.animal.go.kr/openapi/service/rest/fileDownloadSrvc/files/shelter/2026/02/202603131303851.jpg,http://openapi.animal.go.kr/openapi/service/rest/fileDownloadSrvc/files/shelter/2026/02/202603131303945.jpg,종료(반환),M,Y,하네스 착용 중,311312202400001,내품애센터,02-330-3821,서울특별시 서대문구 모래내로 333 (홍은동) ,서대문구청장,서울특별시 서대문구,2026-03-13 13:09:28.0,410097800152248,-,,,,,,
429362202600042,20260313,북구 신용동 651,[고양이] 한국 고양이,422400,고양이,000200,한국 고양이,레몬색&흰색,2025(년생),2.2(Kg),광주-북구-2026-00042,20260312,20260312,http://openapi.animal.go.kr/openapi/service/rest/fileDownloadSrvc/files/shelter/2026/02/202603131703439.jpg,http://openapi.animal.go.kr/openapi/service/rest/fileDownloadSrvc/files/shelter/2026/02/202603131703458[1].jpg,보호중,F,U,26-6008 머리에 그을린 흔적이 있음,329362201300001,광주동물보호센터,062-613-6770,광주광역시 북구 본촌마을길 25-1 (본촌동) 광주동물보호센터,광주광역시장,광주광역시 북구,2026-03-13 17:43:24.0,,,,,,,,
441417202600077,20260313,경기도 양평군 옥천면 마유산로 357-2,[개] 믹스견,417000,개,000114,믹스견,갈색&검정&흰색,2026(년생),1.4(Kg),경기-양평-2026-00075,20260312,20260312,http://openapi.animal.go.kr/openapi/service/rest/fileDownloadSrvc/files/shelter/2026/02/202603131403114.png,http://openapi.animal.go.kr/openapi/service/rest/fileDownloadSrvc/files/shelter/2026/02/202603131403366.png,보호중,F,N,"호기심 많고 온순함 , 시커먼 머즐+하얀 턱수염",341417201800001,양평군유기동물보호소,031-770-2337,경기도 양평군 양평읍 농업기술센터길 59-1  ,양평군청,경기도 양평군,2026-03-13 14:58:53.0,410160012610352,,,,,,,
441417202600076,20260313,경기도 양평군 옥천면 마유산로 357-2,[개] 믹스견,417000,개,000114,믹스견,갈색&검정,2026(년생),1.5(Kg),경기-양평-2026-00074,20260312,20260312,http://openapi.animal.go.kr/openapi/service/rest/fileDownloadSrvc/files/shelter/2026/02/202603131403755.png,http://openapi.animal.go.kr/openapi/service/rest/fileDownloadSrvc/files/shelter/2026/02/202603131403136.png,보호중,F,N,"머즐 + 양쪽 귀 검정색 털, 온순하며 호기심이 많음",341417201800001,양평군유기동물보호소,031-770-2337,경기도 양평군 양평읍 농업기술센터길 59-1  ,양평군청,경기도 양평군,2026-03-13 14:56:16.0,410160012610360,,,,,,,
441417202600075,20260313,경기도 양평군 옥천면 마유산로 357-2,[개] 믹스견,417000,개,000114,믹스견,기타(회색&흰색),2026(년생),1.8(Kg),경기-양평-2026-00073,20260312,20260312,http://openapi.animal.go.kr/openapi/service/rest/fileDownloadSrvc/files/shelter/2026/02/202603131403575.png,http://openapi.animal.go.kr/openapi/service/rest/fileDownloadSrvc/files/shelter/2026/02/202603131403908.png,보호중,F,N,"양쪽 눈 위 흰색 털, 입소 당시 소심하지만 온순한 모습 보임",341417201800001,양평군유기동물보호소,031-770-2337,경기도 양평군 양평읍 농업기술센터길 59-1  ,양평군청,경기도 양평군,2026-03-13 14:53:49.0,410160012610351,,,,,,,
441417202600074,20260313,경기도 양평군 옥천면 마유산로 357-2,[개] 믹스견,417000,개,000114,믹스견,갈색,2026(년생),1.6(Kg),경기-양평-2026-00072,20260312,20260312,http://openapi.animal.go.kr/openapi/service/rest/fileDownloadSrvc/files/shelter/2026/02/20260313140321.png,http://openapi.animal.go.kr/openapi/service/rest/fileDownloadSrvc/files/shelter/2026/02/202603131403287.png,보호중,F,N,"낯선 환경에 무서워 하는 모습, 양쪽 앞 발 끝 흰색",341417201800001,양평군유기동물보호소,031-770-2337,경기도 양평군 양평읍 농업기술센터길 59-1  ,양평군청,경기도 양평군,2026-03-13 14:53:01.0,410160012610359,,,,,,,
441417202600073,20260313,경기도 양평군 옥천면 마유산로 357-2,[개] 믹스견,417000,개,000114,믹스견,기타(흰색&회색),2026(년생),1.6(Kg),경기-양평-2026-00071,20260312,20260312,http://openapi.animal.go.kr/openapi/service/rest/fileDownloadSrvc/files/shelter/2026/02/202603131403798.png,http://openapi.animal.go.kr/openapi/service/rest/fileDownloadSrvc/files/shelter/2026/02/202603131403834.png,보호중,M,N,"낯선 환경에 무서워 하는 모습, 코 양쪽에 흰색 털",341417201800001,양평군유기동물보호소,031-770-2337,경기도 양평군 양평읍 농업기술센터길 59-1  ,양평군청,경기도 양평군,2026-03-13 14:45:49.0,410160012610353,,,,,,,
441417202600072,20260313,경기도 양평군 옥천면 마유산로 357-2,[개] 믹스견,417000,개,000114,믹스견,흰색,2026(년생),1.8(Kg),경기-양평-2026-00070,20260312,20260312,http://openapi.animal.go.kr/openapi/service/rest/fileDownloadSrvc/files/shelter/2026/02/202603131403697.png,http://openapi.animal.go.kr/openapi/service/rest/fileDownloadSrvc/files/shelter/2026/02/20260313140314.png,보호중,M,N,"오른쪽 눈 수염 6가닥, 활동적이며 호기심 많음",341417201800001,양평군유기동물보호소,031-770-2337,경기도 양평군 양평읍 농업기술센터길 59-1  ,양평군청,경기도 양평군,2026-03-13 14:41:37.0,410160012610354,,,,,,,
431371202600136,20260312,동구 현대공장,[고양이] 한국 고양이,422400,고양이,000200,한국 고양이,레몬색&흰색,2026(60일미만)(년생),0.7(Kg),울산-동구-2026-00013,20260317,20260327,http://openapi.animal.go.kr/openapi/service/rest/fileDownloadSrvc/files/shelter/2026/02/202603171203575.jpg,http://openapi.animal.go.kr/openapi/service/rest/fileDownloadSrvc/files/shelter/2026/02/202603171203636.jpg,종료(자연사),Q,N,"2개월령추정, 공장안에서 발견, 영양상태안좋음, 사나움",331371201200001,울산유기동물보호센터,052-238-6113,울산광역시 울주군 온양읍 화산발리로 543 (온양읍) ,조구래,울산광역시 동구,2026-03-17 13:53:55.0,,,,,허약,,,
431371202600135,20260312,동구 현대공장,[고양이] 한국 고양이,422400,고양이,000200,한국 고양이,평행·전체·부분줄무늬,2026(60일미만)(년생),0.7(Kg),울산-동구-2026-00012,20260317,20260327,http://openapi.animal.go.kr/openapi/service/rest/fileDownloadSrvc/files/shelter/2026/02/20260317120331.jpg,http://openapi.animal.go.kr/openapi/service/rest/fileDownloadSrvc/files/shelter/2026/02/20260317120375.jpg,보호중,Q,N,"2개월령추정, 공장안에서 발견, 영양상태안좋음, 사나움",331371201200001,울산유기동물보호센터,052-238-6113,울산광역시 울주군 온양읍 화산발리로 543 (온양읍) ,조구래,울산광역시 동구,2026-03-17 13:00:35.0,,,,,,,,
430364202600116,20260312,가양동159-22 주변,[개] 믹스견,417000,개,000114,믹스견,흰색,2024(년생),5.5(Kg),대전-동구-2026-00029,20260317,20260327,http://openapi.animal.go.kr/openapi/service/rest/fileDownloadSrvc/files/shelter/2026/02/202603170903818.png,http://openapi.animal.go.kr/openapi/service/rest/fileDownloadSrvc/files/shelter/2026/02/202603170903200.png,보호중,F,U,초록 목태,330364202000001,대전동물보호센터,042-270-7239,대전광역시 유성구 금남구즉로 1234 (금고동) 대전광역시 동물보호센터,대전광역시,대전광역시 동구,2026-03-17 13:22:37.0,,,,,,,,
441559202600150,20260312,경기 양주시 고읍동 354-2,[개] 믹스견,417000,개,000114,믹스견,갈색,2026(년생),3.22(Kg),경기-양주-2026-00085,20260316,20260326,http://openapi.animal.go.kr/openapi/service/rest/fileDownloadSrvc/files/shelter/2026/02/202603131403143.jpg,http://openapi.animal.go.kr/openapi/service/rest/fileDownloadSrvc/files/shelter/2026/02/202603131403158.jpg,보호중,F,U,머즐 검정. 겁 있음. 온순. 얌전. 맑은 콧물. 곱슬 털. 꼬리 단미 안됨. 털 때탐. ,341559200900001,한국동물구조관리협회,031-867-9119,경기도 양주시 남면 감악산로 63-37 (남면) ,김철훈,경기도 양주시,2026-03-16 11:34:36.0,,,,,,,,
441559202600149,20260312,경기 양주시 고읍동 354-2,[개] 믹스견,417000,개,000114,믹스견,갈색&검정&흰색,2026(년생),3.28(Kg),경기-양주-2026-00084,20260316,20260326,http://openapi.animal.go.kr/openapi/service/rest/fileDownloadSrvc/files/shelter/2026/02/202603131403858.jpg,http://openapi.animal.go.kr/openapi/service/rest/fileDownloadSrvc/files/shelter/2026/02/202603131403917.jpg,보호중,M,N,겁. 맑은 콧물. 온순. 얌전. 꼬리 단미 안됨. 털 때탐. ,341559200900001,한국동물구조관리협회,031-867-9119,경기도 양주시 남면 감악산로 63-37 (남면) ,김철훈,경기도 양주시,2026-03-16 11:33:26.0,,,,,,,,
441559202600148,20260312,경기 양주시 광적면 부흥로230번길 263 (비암리) 인근,[개] 믹스견,417000,개,000114,믹스견,흰색,2026(60일미만)(년생),4(Kg),경기-양주-2026-00088,20260316,20260326,http://openapi.animal.go.kr/openapi/service/rest/fileDownloadSrvc/files/shelter/2026/02/202603131403508.jpg,http://openapi.animal.go.kr/openapi/service/rest/fileDownloadSrvc/files/shelter/2026/02/202603131403520.jpg,보호중,F,U,눈물자국. 눈곱. 온순. 얌전. 사람 좋아함. 꼬리 단미 안됨. 털 때탐. ,341559200900001,한국동물구조관리협회,031-867-9119,경기도 양주시 남면 감악산로 63-37 (남면) ,김철훈,경기도 양주시,2026-03-16 11:43:50.0,,,,,,,,
441559202600147,20260312,경기 양주시 광적면 부흥로230번길 263 (비암리) 인근,[개] 믹스견,417000,개,000114,믹스견,흰색,2026(60일미만)(년생),4.2(Kg),경기-양주-2026-00087,20260316,20260326,http://openapi.animal.go.kr/openapi/service/rest/fileDownloadSrvc/files/shelter/2026/02/202603131403517[1].jpg,http://openapi.animal.go.kr/openapi/service/rest/fileDownloadSrvc/files/shelter/2026/02/202603131403530.jpg,보호중,M,N,온순. 얌전. 사람 좋아함. 눈물 자국. 꼬리 단미 안됨. 털 때탐. ,341559200900001,한국동물구조관리협회,031-867-9119,경기도 양주시 남면 감악산로 63-37 (남면) ,김철훈,경기도 양주시,2026-03-16 11:43:22.0,,,,,,,,
441559202600146,20260312,경기 양주시 덕계동 532-30,[개] 믹스견,417000,개,000114,믹스견,흰색,2023(년생),16.5(Kg),경기-양주-2026-00086,20260316,20260326,http://openapi.animal.go.kr/openapi/service/rest/fileDownloadSrvc/files/shelter/2026/02/202603131403926.jpg,http://openapi.animal.go.kr/openapi/service/rest/fileDownloadSrvc/files/shelter/2026/02/202603131403939.jpg,보호중,M,N,코 분홍. 경계. 방어적 입질. 겁 많음. 꼬리 단미 안됨. 털 때탐. ,341559200900001,한국동물구조관리협회,031-867-9119,경기도 양주시 남면 감악산로 63-37 (남면) ,김철훈,경기도 양주시,2026-03-16 11:42:40.0,,,,,,,,
441404202600041,20260312,미사13단지,[개] 푸들,417000,개,000128,푸들,흰색,2016(년생),5(Kg),경기-하남-2026-00038,20260316,20260326,http://openapi.animal.go.kr/openapi/service/rest/fileDownloadSrvc/files/shelter/2026/02/202603160903216.jpg,http://openapi.animal.go.kr/openapi/service/rest/fileDownloadSrvc/files/shelter/2026/02/202603160903314.jpg,보호중,F,U,노령으로 전반적 건강상태 저하.,341404202300004,하남동물보호센터,031-790-5302,경기도 하남시 미사동로40번길 75-91 (미사동) ,이현재,경기도 하남시,2026-03-16 09:42:47.0,,,,,,,,
441404202600040,20260312,미사펫존 주변,[개] 진도견,417000,개,000067,진도견,흑갈색,2021(년생),20(Kg),경기-하남-2026-00037,20260316,20260326,http://openapi.animal.go.kr/openapi/service/rest/fileDownloadSrvc/files/shelter/2026/02/202603160903531.jpg,http://openapi.animal.go.kr/openapi/service/rest/fileDownloadSrvc/files/shelter/2026/02/202603160903576.jpg,종료(반환),Q,U,온순하며 사람 잘 따름,341404202300004,하남동물보호센터,031-790-5302,경기도 하남시 미사동로40번길 75-91 (미사동) ,이현재,경기도 하남시,2026-03-16 10:03:57.0,,,,,,,,
426332202600034,20260312,북구청당직실,[개] 믹스견,417000,개,000114,믹스견,옅은 황색,2022(년생),6(Kg),부산-북구-2026-00034,20260316,20260326,http://openapi.animal.go.kr/openapi/service/rest/fileDownloadSrvc/files/shelter/2026/02/202603161003611.jpg,http://openapi.animal.go.kr/openapi/service/rest/fileDownloadSrvc/files/shelter/2026/02/202603161003711.jpg,보호중,M,N,"온순하고사람을좋아함,처진귀가매력적,북구1-25",326332201000001,부산동물보호센터,051-832-7119,부산광역시 강서구 맥도강변길 752-15 (대저2동) ,김영진,부산광역시 북구,2026-03-16 10:09:27.0,,,,,,,,
426328202600007,20260312,영도구 청학서로 11,[고양이] 한국 고양이,422400,고양이,000200,한국 고양이,검은색흰색황토색조합,2025(년생),0.6(Kg),부산-영도-2026-00007,20260316,20260326,http://openapi.animal.go.kr/openapi/service/rest/fileDownloadSrvc/files/shelter/2026/02/202603161503831[1].jpg,http://openapi.animal.go.kr/openapi/service/rest/fileDownloadSrvc/files/shelter/2026/02/202603161503902[1].jpg,보호중,Q,N,"심각한 안질환, 경계심이 강함, 영양상태 부족",326328202400002,부산동물보호센터,051-832-7119,부산광역시 강서구 맥도강변길 752-15 (대저2동) ,김영진,부산광역시 영도구,2026-03-16 15:59:52.0,,,,,,,,
447507202600044,20260312,와룡면소재지,[개] 믹스견,417000,개,000114,믹스견,크림색,2026(60일미만)(년생),0.7(Kg),경북-안동-2026-00046,20260314,20260323,http://openapi.animal.go.kr/openapi/service/rest/fileDownloadSrvc/files/shelter/2026/02/202603142303307.jpg,http://openapi.animal.go.kr/openapi/service/rest/fileDownloadSrvc/files/shelter/2026/02/202603142303338.jpg,보호중,M,N,"생후2개월가량 양호한강아지,애교많고 매우순함",347507200900001,유기동물보호센터,010-7703-1999,경상북도 안동시 서후면 풍산태사로 3252-29 (서후면) ,조종영,경상북도 안동시,2026-03-15 00:01:28.0,,,"종합백신,코로나",,,,,
447507202600043,20260312,와룡면소재지,[개] 믹스견,417000,개,000114,믹스견,엷은 황갈색&흰색,2026(60일미만)(년생),0.8(Kg),경북-안동-2026-00045,20260314,20260323,http://openapi.animal.go.kr/openapi/service/rest/fileDownloadSrvc/files/shelter/2026/02/202603142303758.jpg,http://openapi.animal.go.kr/openapi/service/rest/fileDownloadSrvc/files/shelter/2026/02/202603142303808[1].jpg,보호중,F,N,생후2개월가량.양호한강아지.매우순함,347507200900001,유기동물보호센터,010-7703-1999,경상북도 안동시 서후면 풍산태사로 3252-29 (서후면) ,조종영,경상북도 안동시,2026-03-14 23:52:31.0,,,"종합백신,코로나",,,,,
447507202600042,20260312,와룡면소재지,[개] 믹스견,417000,개,000114,믹스견,금색&흰색,2024(년생),3(Kg),경북-안동-2026-00044,20260314,20260323,http://openapi.animal.go.kr/openapi/service/rest/fileDownloadSrvc/files/shelter/2026/02/202603142303506.jpg,http://openapi.animal.go.kr/openapi/service/rest/fileDownloadSrvc/files/shelter/2026/02/202603142303529.jpg,보호중,F,N,"작은체형,매우순하고 착함,영리하고 모성애많음",347507200900001,유기동물보호센터,010-7703-1999,경상북도 안동시 서후면 풍산태사로 3252-29 (서후면) ,조종영,경상북도 안동시,2026-03-14 23:52:31.0,,,,,,,,
444454202600330,20260312,계백로,[개] 믹스견,417000,개,000114,믹스견,흰색,2026(60일미만)(년생),1.10(Kg),충남-논산-2026-00195,20260314,20260324,http://openapi.animal.go.kr/openapi/service/rest/fileDownloadSrvc/files/shelter/2026/02/202603140903504.jpg,http://openapi.animal.go.kr/openapi/service/rest/fileDownloadSrvc/files/shelter/2026/02/202603140903515.jpeg,보호중,F,N,"자견4마리 구조,온순함",344454202000006,논산시 동물보호센터,041-746-8470,충청남도 논산시 계백로665번길 100 (등화동) 논산시 동물보호센터,논산시장,충청남도 논산시,2026-03-14 09:42:32.0,,,"종합백신,코로나","파보,코로나,홍역,원충",,,,
444454202600329,20260312,계백로,[개] 믹스견,417000,개,000114,믹스견,흰색,2026(60일미만)(년생),1.20(Kg),충남-논산-2026-00194,20260314,20260324,http://openapi.animal.go.kr/openapi/service/rest/fileDownloadSrvc/files/shelter/2026/02/202603140903372.jpg,http://openapi.animal.go.kr/openapi/service/rest/fileDownloadSrvc/files/shelter/2026/02/202603140903392.jpeg,보호중,F,N,"자견4마리 구조,온순함",344454202000006,논산시 동물보호센터,041-746-8470,충청남도 논산시 계백로665번길 100 (등화동) 논산시 동물보호센터,논산시장,충청남도 논산시,2026-03-14 09:42:20.0,,,"종합백신,코로나","파보,코로나,홍역,원충",,,,
444454202600328,20260312,계백로,[개] 믹스견,417000,개,000114,믹스견,흰색,2026(60일미만)(년생),1.50(Kg),충남-논산-2026-00193,20260314,20260324,http://openapi.animal.go.kr/openapi/service/rest/fileDownloadSrvc/files/shelter/2026/02/202603140903294[1].jpg,http://openapi.animal.go.kr/openapi/service/rest/fileDownloadSrvc/files/shelter/2026/02/202603140903357.jpeg,보호중,M,N,"자견4마리 구조,온순함",344454202000006,논산시 동물보호센터,041-746-8470,충청남도 논산시 계백로665번길 100 (등화동) 논산시 동물보호센터,논산시장,충청남도 논산시,2026-03-14 09:42:10.0,,,"종합백신,코로나","파보,코로나,홍역,원충",,,,
444454202600327,20260312,계백로,[개] 믹스견,417000,개,000114,믹스견,흰색,2026(60일미만)(년생),1.50(Kg),충남-논산-2026-00192,20260314,20260324,http://openapi.animal.go.kr/openapi/service/rest/fileDownloadSrvc/files/shelter/2026/02/202603140903814.jpg,http://openapi.animal.go.kr/openapi/service/rest/fileDownloadSrvc/files/shelter/2026/02/202603140903824.jpeg,보호중,M,N,"자견4마리 구조,온순함",344454202000006,논산시 동물보호센터,041-746-8470,충청남도 논산시 계백로665번길 100 (등화동) 논산시 동물보호센터,논산시장,충청남도 논산시,2026-03-14 09:41:57.0,,,"종합백신,코로나","파보,코로나,홍역,원충",,,,
444454202600326,20260312,중앙로,[고양이] 한국 고양이,422400,고양이,000200,한국 고양이,기타(황백색),2025(년생),3(Kg),충남-논산-2026-00191,20260314,20260324,http://openapi.animal.go.kr/openapi/service/rest/fileDownloadSrvc/files/shelter/2026/02/20260314090387.jpg,http://openapi.animal.go.kr/openapi/service/rest/fileDownloadSrvc/files/shelter/2026/02/20260314090397.jpeg,보호중,M,Y,"신고자센터방문,온순함,야윔,기력없음",344454202000006,논산시 동물보호센터,041-746-8470,충청남도 논산시 계백로665번길 100 (등화동) 논산시 동물보호센터,논산시장,충청남도 논산시,2026-03-14 09:41:47.0,,,종합백신,파보,,,,
442420202600072,20260312,구정면 문화마을2길 1,[개] 믹스견,417000,개,000114,믹스견,흰색,2023(년생),15(Kg),강원-강릉-2026-00072,20260314,20260324,http://openapi.animal.go.kr/openapi/service/rest/fileDownloadSrvc/files/shelter/2026/02/20260314090334.jpg,http://openapi.animal.go.kr/openapi/service/rest/fileDownloadSrvc/files/shelter/2026/02/202603140903176.jpg,종료(반환),M,N,"온순함, 녹색 목줄착용",342420201500001,강릉시 동물사랑센터,033-641-7515,강원도 강릉시 성산면 내맬길 172  ,장혁,강원특별자치도 강릉시,2026-03-16 11:58:47.0,,,,,,,,
450650202600566,20260312,제주시 삼도일동 삼도일동 서사로17길4 덕원모텔,[고양이] 레그돌,422400,고양이,00213,레그돌,기타(검회),2023(년생),3.6(Kg),제주-제주-2026-00554,20260313,20260323,http://openapi.animal.go.kr/openapi/service/rest/fileDownloadSrvc/files/shelter/2026/02/202603130903617.jpg,http://openapi.animal.go.kr/openapi/service/rest/fileDownloadSrvc/files/shelter/2026/02/202603130903691.jpg,종료(반환),F,U,개체관리번호 26056,350650201200001,제주 동물보호센터,064-710-4065,제주특별자치도 제주시 첨단동길 184-14 (용강동) ,문성업,제주특별자치도,2026-03-13 12:20:10.0,,,,,,,,
450650202600565,20260312,제주시 해안동 해안동 주르레남길31 더도무스,[고양이] 한국 고양이,422400,고양이,000200,한국 고양이,기타(고등어),2021(년생),4.6(Kg),제주-제주-2026-00553,20260313,20260323,http://openapi.animal.go.kr/openapi/service/rest/fileDownloadSrvc/files/shelter/2026/02/202603130903122[1].jpg,http://openapi.animal.go.kr/openapi/service/rest/fileDownloadSrvc/files/shelter/2026/02/202603130903148.jpg,보호중,M,Y,개체관리번호 26055 - 우후지 둔부 피부외상,350650201200001,제주 동물보호센터,064-710-4065,제주특별자치도 제주시 첨단동길 184-14 (용강동) ,문성업,제주특별자치도,2026-03-13 10:06:20.0,,,,,,,,
450650202600564,20260312,제주시 조천읍 함와로 399,[개] 믹스견,417000,개,000114,믹스견,기타(브린들),2026(년생),5(Kg),제주-제주-2026-00552,20260313,20260323,http://openapi.animal.go.kr/openapi/service/rest/fileDownloadSrvc/files/shelter/2026/02/202603130903483.jpg,http://openapi.animal.go.kr/openapi/service/rest/fileDownloadSrvc/files/shelter/2026/02/202603130903497.jpg,보호중,F,N,개체관리번호 0515 - 3개월/동물보호단체 임시보호 및 기증예정,350650201200001,제주 동물보호센터,064-710-4065,제주특별자치도 제주시 첨단동길 184-14 (용강동) ,문성업,제주특별자치도,2026-03-13 10:06:20.0,,,,,,,,
450650202600563,20260312,제주시 조천읍 함와로 399,[개] 믹스견,417000,개,000114,믹스견,갈색,2026(년생),5(Kg),제주-제주-2026-00551,20260313,20260323,http://openapi.animal.go.kr/openapi/service/rest/fileDownloadSrvc/files/shelter/2026/02/202603130903947[1].jpg,http://openapi.animal.go.kr/openapi/service/rest/fileDownloadSrvc/files/shelter/2026/02/202603130903961.jpg,보호중,M,N,개체관리번호 0514 - 3개월/동물보호단체 임시보호 및 기증예정,350650201200001,제주 동물보호센터,064-710-4065,제주특별자치도 제주시 첨단동길 184-14 (용강동) ,문성업,제주특별자치도,2026-03-13 10:06:20.0,,,,,,,,
450650202600562,20260312,제주시 조천읍 함와로 399,[개] 믹스견,417000,개,000114,믹스견,흰색,2026(년생),5(Kg),제주-제주-2026-00550,20260313,20260323,http://openapi.animal.go.kr/openapi/service/rest/fileDownloadSrvc/files/shelter/2026/02/202603130903576.jpg,http://openapi.animal.go.kr/openapi/service/rest/fileDownloadSrvc/files/shelter/2026/02/202603130903597.jpg,보호중,M,N,개체관리번호 0513 - 3개월/동물보호센단체 임시보호 및 기증예정,350650201200001,제주 동물보호센터,064-710-4065,제주특별자치도 제주시 첨단동길 184-14 (용강동) ,문성업,제주특별자치도,2026-03-13 10:06:19.0,,,,,,,,
450650202600561,20260312,제주시 조천읍 함와로 399,[개] 믹스견,417000,개,000114,믹스견,갈색,2026(년생),5(Kg),제주-제주-2026-00549,20260313,20260323,http://openapi.animal.go.kr/openapi/service/rest/fileDownloadSrvc/files/shelter/2026/02/202603130903695[1].jpg,http://openapi.animal.go.kr/openapi/service/rest/fileDownloadSrvc/files/shelter/2026/02/202603130903833.jpg,보호중,M,N,개체관리번호 0512 - 3개월/동물보호센단체 임시보호 및 기증예정,350650201200001,제주 동물보호센터,064-710-4065,제주특별자치도 제주시 첨단동길 184-14 (용강동) ,문성업,제주특별자치도,2026-03-13 10:06:19.0,,,,,,,,
450650202600560,20260312,제주시 조천읍 함와로 399,[개] 믹스견,417000,개,000114,믹스견,갈색&검정,2026(년생),5(Kg),제주-제주-2026-00548,20260313,20260323,http://openapi.animal.go.kr/openapi/service/rest/fileDownloadSrvc/files/shelter/2026/02/202603130903462.jpg,http://openapi.animal.go.kr/openapi/service/rest/fileDownloadSrvc/files/shelter/2026/02/202603130903475.jpg,보호중,F,N,개체관리번호 0511 - 3개월/동물보호센단체 임시보호 및 기증예정,350650201200001,제주 동물보호센터,064-710-4065,제주특별자치도 제주시 첨단동길 184-14 (용강동) ,문성업,제주특별자치도,2026-03-13 10:06:19.0,,,,,,,,
450650202600559,20260312,제주시 조천읍 함와로 399,[개] 믹스견,417000,개,000114,믹스견,갈색&검정,2026(년생),5(Kg),제주-제주-2026-00547,20260313,20260323,http://openapi.animal.go.kr/openapi/service/rest/fileDownloadSrvc/files/shelter/2026/02/202603130903396.jpg,http://openapi.animal.go.kr/openapi/service/rest/fileDownloadSrvc/files/shelter/2026/02/202603130903551[1].jpg,보호중,F,N,개체관리번호 0510 - 3개월/동물보호센단체 임시보호 및 기증예정,350650201200001,제주 동물보호센터,064-710-4065,제주특별자치도 제주시 첨단동길 184-14 (용강동) ,문성업,제주특별자치도,2026-03-13 10:06:19.0,,,,,,,,
450650202600558,20260312,제주시 조천읍 함와로 399,[개] 믹스견,417000,개,000114,믹스견,기타(브린들),2026(년생),5(Kg),제주-제주-2026-00546,20260313,20260323,http://openapi.animal.go.kr/openapi/service/rest/fileDownloadSrvc/files/shelter/2026/02/202603130903559.jpg,http://openapi.animal.go.kr/openapi/service/rest/fileDownloadSrvc/files/shelter/2026/02/202603130903641.jpg,보호중,F,N,개체관리번호 0509 - 3개월/동물보호단체 임시보호 및 기증예정,350650201200001,제주 동물보호센터,064-710-4065,제주특별자치도 제주시 첨단동길 184-14 (용강동) ,문성업,제주특별자치도,2026-03-13 10:06:18.0,,,,,,,,
450650202600557,20260312,제주시 조천읍 함와로 399,[개] 믹스견,417000,개,000114,믹스견,기타(브린들),2026(년생),5(Kg),제주-제주-2026-00545,20260313,20260323,http://openapi.animal.go.kr/openapi/service/rest/fileDownloadSrvc/files/shelter/2026/02/20260313090323.jpg,http://openapi.animal.go.kr/openapi/service/rest/fileDownloadSrvc/files/shelter/2026/02/202603130903132[1].jpg,보호중,F,N,개체관리번호 0508 - 3개월/동물보호단체 임시보호 및 기증예정,350650201200001,제주 동물보호센터,064-710-4065,제주특별자치도 제주시 첨단동길 184-14 (용강동) ,문성업,제주특별자치도,2026-03-13 10:06:18.0,,,,,,,,
450650202600556,20260312,제주시 조천읍 함와로 399,[개] 믹스견,417000,개,000114,믹스견,검정색,2026(년생),5(Kg),제주-제주-2026-00544,20260313,20260323,http://openapi.animal.go.kr/openapi/service/rest/fileDownloadSrvc/files/shelter/2026/02/202603130903342.jpg,http://openapi.animal.go.kr/openapi/service/rest/fileDownloadSrvc/files/shelter/2026/02/202603130903363.jpg,보호중,M,N,개체관리번호 0507 - 3개월/동물보호단체 임시보호 및 기증예정,350650201200001,제주 동물보호센터,064-710-4065,제주특별자치도 제주시 첨단동길 184-14 (용강동) ,문성업,제주특별자치도,2026-03-13 10:06:00.0,,,,,,,,
450650202600555,20260312,제주시 조천읍 함와로 399,[개] 믹스견,417000,개,000114,믹스견,검정색,2026(년생),5(Kg),제주-제주-2026-00543,20260313,20260323,http://openapi.animal.go.kr/openapi/service/rest/fileDownloadSrvc/files/shelter/2026/02/202603130903524.jpg,http://openapi.animal.go.kr/openapi/service/rest/fileDownloadSrvc/files/shelter/2026/02/202603130903537[1].jpg,보호중,F,N,개체관리번호 0506 - 3개월/동물보호단체 임시보호 및 기증예정,350650201200001,제주 동물보호센터,064-710-4065,제주특별자치도 제주시 첨단동길 184-14 (용강동) ,문성업,제주특별자치도,2026-03-13 10:05:59.0,,,,,,,,
450650202600554,20260312,서귀포시 표선면  표선중앙로 31 표선중학교 앞,[개] 믹스견,417000,개,000114,믹스견,검정색,2024(년생),15(Kg),제주-제주-2026-00542,20260313,20260323,http://openapi.animal.go.kr/openapi/service/rest/fileDownloadSrvc/files/shelter/2026/02/202603130903901.jpg,http://openapi.animal.go.kr/openapi/service/rest/fileDownloadSrvc/files/shelter/2026/02/202603130903940.jpg,보호중,F,U,개체관리번호 0505 - 빨파목줄,350650201200001,제주 동물보호센터,064-710-4065,제주특별자치도 제주시 첨단동길 184-14 (용강동) ,문성업,제주특별자치도,2026-03-13 10:05:59.0,,,,,,,,
450650202600553,20260312,서귀포시 남원읍 남원리 2202,[개] 믹스견,417000,개,000114,믹스견,흰색,2023(년생),21.6(Kg),제주-제주-2026-00541,20260313,20260323,http://openapi.animal.go.kr/openapi/service/rest/fileDownloadSrvc/files/shelter/2026/02/202603130903758.jpg,http://openapi.animal.go.kr/openapi/service/rest/fileDownloadSrvc/files/shelter/2026/02/202603130903854[1].jpg,보호중,M,N,개체관리번호 0504,350650201200001,제주 동물보호센터,064-710-4065,제주특별자치도 제주시 첨단동길 184-14 (용강동) ,문성업,제주특별자치도,2026-03-13 10:05:59.0,,,,,,,,
450650202600552,20260312,제주시 구좌읍 비자림로 2134-47 메이즈랜드,[개] 믹스견,417000,개,000114,믹스견,갈색,2026(년생),4.9(Kg),제주-제주-2026-00540,20260313,20260323,http://openapi.animal.go.kr/openapi/service/rest/fileDownloadSrvc/files/shelter/2026/02/202603130903215.jpg,http://openapi.animal.go.kr/openapi/service/rest/fileDownloadSrvc/files/shelter/2026/02/202603130903230.jpg,보호중,M,N,개체관리번호 0503 - 3개월,350650201200001,제주 동물보호센터,064-710-4065,제주특별자치도 제주시 첨단동길 184-14 (용강동) ,문성업,제주특별자치도,2026-03-13 10:05:59.0,,,,,,,,
450650202600551,20260312,제주시 구좌읍 비자림로 2134-47 메이즈랜드,[개] 믹스견,417000,개,000114,믹스견,검정색,2026(년생),3.6(Kg),제주-제주-2026-00539,20260313,20260323,http://openapi.animal.go.kr/openapi/service/rest/fileDownloadSrvc/files/shelter/2026/02/202603130903537.jpg,http://openapi.animal.go.kr/openapi/service/rest/fileDownloadSrvc/files/shelter/2026/02/202603130903551.jpg,보호중,M,N,개체관리번호 0502 - 3개월,350650201200001,제주 동물보호센터,064-710-4065,제주특별자치도 제주시 첨단동길 184-14 (용강동) ,문성업,제주특별자치도,2026-03-13 10:05:59.0,,,,,,,,
450650202600550,20260312,제주시 한림읍 상대리 2525,[개] 믹스견,417000,개,000114,믹스견,갈색,2024(년생),17.7(Kg),제주-제주-2026-00538,20260313,20260323,http://openapi.animal.go.kr/openapi/service/rest/fileDownloadSrvc/files/shelter/2026/02/202603130903400.jpg,http://openapi.animal.go.kr/openapi/service/rest/fileDownloadSrvc/files/shelter/2026/02/202603130903421[1].jpg,보호중,M,N,개체관리번호 0501 - 빨간목줄,350650201200001,제주 동물보호센터,064-710-4065,제주특별자치도 제주시 첨단동길 184-14 (용강동) ,문성업,제주특별자치도,2026-03-13 10:05:58.0,,,,,,,,
450650202600549,20260312,제주시 우도면 우도로 153,[개] 믹스견,417000,개,000114,믹스견,갈색,2026(년생),4.5(Kg),제주-제주-2026-00537,20260313,20260323,http://openapi.animal.go.kr/openapi/service/rest/fileDownloadSrvc/files/shelter/2026/02/20260313090318.jpg,http://openapi.animal.go.kr/openapi/service/rest/fileDownloadSrvc/files/shelter/2026/02/20260313090334.jpg,보호중,F,N,개체관리번호 0500 - 3개월,350650201200001,제주 동물보호센터,064-710-4065,제주특별자치도 제주시 첨단동길 184-14 (용강동) ,문성업,제주특별자치도,2026-03-13 10:05:58.0,,,,,,,,
450650202600548,20260312,제주시 우도면 우도로 153,[개] 믹스견,417000,개,000114,믹스견,갈색,2026(년생),6.1(Kg),제주-제주-2026-00536,20260313,20260323,http://openapi.animal.go.kr/openapi/service/rest/fileDownloadSrvc/files/shelter/2026/02/202603130903273.jpg,http://openapi.animal.go.kr/openapi/service/rest/fileDownloadSrvc/files/shelter/2026/02/202603130903326.jpg,보호중,F,N,개체관리번호 0499 - 3개월,350650201200001,제주 동물보호센터,064-710-4065,제주특별자치도 제주시 첨단동길 184-14 (용강동) ,문성업,제주특별자치도,2026-03-13 10:05:58.0,,,,,,,,
450650202600547,20260312,제주시 우도면 우도로 153,[개] 믹스견,417000,개,000114,믹스견,갈색,2026(년생),4.2(Kg),제주-제주-2026-00535,20260313,20260323,http://openapi.animal.go.kr/openapi/service/rest/fileDownloadSrvc/files/shelter/2026/02/202603130903728.jpg,http://openapi.animal.go.kr/openapi/service/rest/fileDownloadSrvc/files/shelter/2026/02/202603130903745.jpg,보호중,F,N,개체관리번호 0498 - 3개월/결막염,350650201200001,제주 동물보호센터,064-710-4065,제주특별자치도 제주시 첨단동길 184-14 (용강동) ,문성업,제주특별자치도,2026-03-13 10:05:58.0,,,,,,,,
450650202600546,20260312,제주시 우도면 우도로 153,[개] 믹스견,417000,개,000114,믹스견,갈색,2025(년생),10.6(Kg),제주-제주-2026-00534,20260313,20260323,http://openapi.animal.go.kr/openapi/service/rest/fileDownloadSrvc/files/shelter/2026/02/202603130903963.jpg,http://openapi.animal.go.kr/openapi/service/rest/fileDownloadSrvc/files/shelter/2026/02/202603130903978.jpg,보호중,F,U,개체관리번호 0497 - 파빨목줄/심장사상충,350650201200001,제주 동물보호센터,064-710-4065,제주특별자치도 제주시 첨단동길 184-14 (용강동) ,문성업,제주특별자치도,2026-03-13 10:05:39.0,,,,,,,,
450650202600545,20260312,제주시 우도면 우도로 153,[개] 믹스견,417000,개,000114,믹스견,갈색,2024(년생),12.6(Kg),제주-제주-2026-00533,20260313,20260323,http://openapi.animal.go.kr/openapi/service/rest/fileDownloadSrvc/files/shelter/2026/02/20260313090346.jpg,http://openapi.animal.go.kr/openapi/service/rest/fileDownloadSrvc/files/shelter/2026/02/202603130903101.jpg,보호중,F,U,개체관리번호 0496 - 검정목줄/심장사상충/우후지찰과상,350650201200001,제주 동물보호센터,064-710-4065,제주특별자치도 제주시 첨단동길 184-14 (용강동) ,문성업,제주특별자치도,2026-03-13 10:05:39.0,,,,,,,,
450650202600544,20260312,제주시 구좌읍 다랑쉬북로 313-5,[개] 믹스견,417000,개,000114,믹스견,검정색,2022(년생),6.9(Kg),제주-제주-2026-00532,20260313,20260323,http://openapi.animal.go.kr/openapi/service/rest/fileDownloadSrvc/files/shelter/2026/02/202603130903469.jpg,http://openapi.animal.go.kr/openapi/service/rest/fileDownloadSrvc/files/shelter/2026/02/202603130903484.jpg,보호중,M,Y,개체관리번호 0495 - 파란목줄,350650201200001,제주 동물보호센터,064-710-4065,제주특별자치도 제주시 첨단동길 184-14 (용강동) ,문성업,제주특별자치도,2026-03-13 10:05:38.0,,,,,,,,
450650202600543,20260312,제주시 구좌읍 다랑쉬북로 313-5,[개] 믹스견,417000,개,000114,믹스견,갈색,2023(년생),6.6(Kg),제주-제주-2026-00531,20260313,20260323,http://openapi.animal.go.kr/openapi/service/rest/fileDownloadSrvc/files/shelter/2026/02/202603130903946.jpg,http://openapi.animal.go.kr/openapi/service/rest/fileDownloadSrvc/files/shelter/2026/02/202603130903968.jpg,보호중,M,N,개체관리번호 0494 ,350650201200001,제주 동물보호센터,064-710-4065,제주특별자치도 제주시 첨단동길 184-14 (용강동) ,문성업,제주특별자치도,2026-03-13 10:05:38.0,,,,,,,,
450650202600542,20260312,제주시 용담일동 용담로17길 22-16,[개] 믹스견,417000,개,000114,믹스견,흰색,2022(년생),20(Kg),제주-제주-2026-00530,20260313,20260323,http://openapi.animal.go.kr/openapi/service/rest/fileDownloadSrvc/files/shelter/2026/02/202603130903496.jpg,http://openapi.animal.go.kr/openapi/service/rest/fileDownloadSrvc/files/shelter/2026/02/202603130903508.jpg,보호중,F,U,개체관리번호 0493 - 파빨목줄/심장사상충,350650201200001,제주 동물보호센터,064-710-4065,제주특별자치도 제주시 첨단동길 184-14 (용강동) ,문성업,제주특별자치도,2026-03-13 10:05:38.0,,,,,,,,
448567202600217,20260312,마산합포구 추산동 철길산책로 주변,[개] 치와와,417000,개,000032,치와와,갈색&흰색,2017(년생),2.2(Kg),경남-창원1-2026-00132,20260313,20260323,http://openapi.animal.go.kr/openapi/service/rest/fileDownloadSrvc/files/shelter/2026/02/202603130703208.jpg,http://openapi.animal.go.kr/openapi/service/rest/fileDownloadSrvc/files/shelter/2026/02/202603130703198.jpg,종료(반환),M,N,"내장칩 있음, 보호자와 연락됨",348527200900001,창원동물보호센터,055-225-5701,경상남도 창원시 성산구 공단로474번길 117 (상복동) 창원동물보호센터,창원시장,경상남도 창원시 의창성산구,2026-03-13 08:53:16.0,410100008262643,-,,,,,,
448546202600076,20260312,함양군 백전면 백전면사무소 앞,[개] 믹스견,417000,개,000114,믹스견,흰색,2026(60일미만)(년생),2(Kg),경남-함양-2026-00031,20260313,20260327,http://openapi.animal.go.kr/openapi/service/rest/fileDownloadSrvc/files/shelter/2026/02/202603131703520.jpg,http://openapi.animal.go.kr/openapi/service/rest/fileDownloadSrvc/files/shelter/2026/02/202603131703562.jpg,보호중,M,U,온순,348546200900001,함양군 동물보호센터,055-960-8143,경상남도 함양군 함양읍 함양남서로 996-76  농업기술센터 부지내,이영희,경상남도 함양군,2026-03-13 17:32:35.0,,,,,,,,
448538202600067,20260312,원동면화제리명언마을,[개] 믹스견,417000,개,000114,믹스견,흰색,2023(년생),13.5(Kg),경남-양산-2026-00067,20260313,20260323,http://openapi.animal.go.kr/openapi/service/rest/fileDownloadSrvc/files/shelter/2026/02/202603131803941.jpg,http://openapi.animal.go.kr/openapi/service/rest/fileDownloadSrvc/files/shelter/2026/02/202603131803562.jpg,보호중,M,U,"흰색,순하고잘따름",348538200900001,양산시 동물보호센터,055-392-5669,경상남도 양산시 동면 양산대로 618  양산시 농업기술센터,양산시장,경상남도 양산시,2026-03-13 18:14:09.0,,,"광견병,종합백신","사상충,파보,코로나",,,,
448538202600066,20260312,원동면화제리명언마을,[개] 믹스견,417000,개,000114,믹스견,갈색&흰색,2023(년생),14.2(Kg),경남-양산-2026-00066,20260313,20260323,http://openapi.animal.go.kr/openapi/service/rest/fileDownloadSrvc/files/shelter/2026/02/202603131803204.jpg,http://openapi.animal.go.kr/openapi/service/rest/fileDownloadSrvc/files/shelter/2026/02/202603131803787.jpg,보호중,M,U,"갈색흰색,소심함,빨강목테착용",348538200900001,양산시 동물보호센터,055-392-5669,경상남도 양산시 동면 양산대로 618  양산시 농업기술센터,양산시장,경상남도 양산시,2026-03-13 18:14:08.0,,,"광견병,종합백신","사상충,파보,코로나",,,,
448535202600120,20260312,김해시 동부119 안전센타,[개] 믹스견,417000,개,000114,믹스견,갈색&흰색,2022(년생),3(Kg),경남-김해-2026-00112,20260313,20260323,http://openapi.animal.go.kr/openapi/service/rest/fileDownloadSrvc/files/shelter/2026/02/202603130903797.png,http://openapi.animal.go.kr/openapi/service/rest/fileDownloadSrvc/files/shelter/2026/02/202603130903436.png,보호중,F,U,"김해시-112, 경계심함, 칩 확인불가",348535202400001,(사)동물보호관리협회,051-971-6208,부산광역시 강서구 가락대로1283번길 25-2 (봉림동) ,변재갑,경상남도 김해시,2026-03-13 09:58:53.0,,,,,,,,
448535202600119,20260312,김해시 생림면 마사리 2018,[개] 믹스견,417000,개,000114,믹스견,흰색,2023(년생),10(Kg),경남-김해-2026-00111,20260313,20260323,http://openapi.animal.go.kr/openapi/service/rest/fileDownloadSrvc/files/shelter/2026/02/202603130903243.png,http://openapi.animal.go.kr/openapi/service/rest/fileDownloadSrvc/files/shelter/2026/02/202603130903848.png,보호중,M,U,김해시-111,348535202400001,(사)동물보호관리협회,051-971-6208,부산광역시 강서구 가락대로1283번길 25-2 (봉림동) ,변재갑,경상남도 김해시,2026-03-13 09:58:53.0,,,,,,,,
447525202600048,20260312,평해읍,[개] 믹스견,417000,개,000114,믹스견,황갈색,2025(년생),8(Kg),경북-울진-2026-00032,20260313,20260323,http://openapi.animal.go.kr/openapi/service/rest/fileDownloadSrvc/files/shelter/2026/02/202603131303581.jpg,http://openapi.animal.go.kr/openapi/service/rest/fileDownloadSrvc/files/shelter/2026/02/202603131303477.jpg,보호중,F,U,친근하고 온순함,347525202100001,울진군동물보호센터,054-789-6795,경상북도 울진군 울진읍 대흥신림로 916-37  ,울진군수,경상북도 울진군,2026-03-13 13:43:47.0,,,,,,,,
447525202600047,20260312,평해읍,[개] 믹스견,417000,개,000114,믹스견,호반색(호랑이무늬),2025(년생),8(Kg),경북-울진-2026-00031,20260313,20260323,http://openapi.animal.go.kr/openapi/service/rest/fileDownloadSrvc/files/shelter/2026/02/202603131303709.jpg,http://openapi.animal.go.kr/openapi/service/rest/fileDownloadSrvc/files/shelter/2026/02/202603131303534[1].jpg,보호중,M,U,친근하고 온순함,347525202100001,울진군동물보호센터,054-789-6795,경상북도 울진군 울진읍 대흥신림로 916-37  ,울진군수,경상북도 울진군,2026-03-13 13:41:30.0,,,,,,,,
447507202600040,20260312,영호대교 일대,[개] 믹스견,417000,개,000114,믹스견,흰색,2025(년생),6(Kg),경북-안동-2026-00042,20260313,20260320,http://openapi.animal.go.kr/openapi/service/rest/fileDownloadSrvc/files/shelter/2026/02/202603130803371.jpg,http://openapi.animal.go.kr/openapi/service/rest/fileDownloadSrvc/files/shelter/2026/02/202603130803244.jpg,종료(반환),M,N,생후5개월가량.목테착용.다부지고 다리짧고 통통한체형.말귀빠르고  영리함,347507200900001,유기동물보호센터,010-7703-1999,경상북도 안동시 서후면 풍산태사로 3252-29 (서후면) ,조종영,경상북도 안동시,2026-03-14 18:46:24.0,,,,,,,,
446499202600054,20260312,신지면 월부리구 중학교 인근,[개] 믹스견,417000,개,000114,믹스견,흰색,2025(년생),8(Kg),전남-완도-2026-00054,20260313,20260323,http://openapi.animal.go.kr/openapi/service/rest/fileDownloadSrvc/files/shelter/2026/02/202603130903175.jpg,http://openapi.animal.go.kr/openapi/service/rest/fileDownloadSrvc/files/shelter/2026/02/202603130903211.jpg,보호중,M,N,흰색,346499201300001,유기동물임시보호센터,061-550-5749,전라남도 완도군 신지면 신지로6번길 23-89 (신지면) ,완도군수,전라남도 완도군,2026-03-13 09:45:14.0,,,,,,,,
446499202600053,20260312,완도중학교,[개] 믹스견,417000,개,000114,믹스견,갈색,2024(년생),15(Kg),전남-완도-2026-00053,20260313,20260323,http://openapi.animal.go.kr/openapi/service/rest/fileDownloadSrvc/files/shelter/2026/02/202603130803211.jpg,http://openapi.animal.go.kr/openapi/service/rest/fileDownloadSrvc/files/shelter/2026/02/202603130803274.jpg,보호중,M,N,갈색,346499201300001,유기동물임시보호센터,061-550-5749,전라남도 완도군 신지면 신지로6번길 23-89 (신지면) ,완도군수,전라남도 완도군,2026-03-13 08:12:17.0,,,,,,,,
446499202600052,20260312,완도중학교,[개] 믹스견,417000,개,000114,믹스견,갈색,2024(년생),26(Kg),전남-완도-2026-00052,20260313,20260323,http://openapi.animal.go.kr/openapi/service/rest/fileDownloadSrvc/files/shelter/2026/02/202603130803911.jpg,http://openapi.animal.go.kr/openapi/service/rest/fileDownloadSrvc/files/shelter/2026/02/202603130803952.jpg,보호중,M,N,갈색,346499201300001,유기동물임시보호센터,061-550-5749,전라남도 완도군 신지면 신지로6번길 23-89 (신지면) ,완도군수,전라남도 완도군,2026-03-13 08:10:37.0,,,,,,,,
446499202600051,20260312,완도중학교,[개] 믹스견,417000,개,000114,믹스견,갈색,2025(년생),8(Kg),전남-완도-2026-00051,20260313,20260323,http://openapi.animal.go.kr/openapi/service/rest/fileDownloadSrvc/files/shelter/2026/02/202603130803315.jpg,http://openapi.animal.go.kr/openapi/service/rest/fileDownloadSrvc/files/shelter/2026/02/202603130803355.jpg,보호중,F,N,갈색,346499201300001,유기동물임시보호센터,061-550-5749,전라남도 완도군 신지면 신지로6번길 23-89 (신지면) ,완도군수,전라남도 완도군,2026-03-13 08:08:24.0,,,,,,,,
446497202600096,20260312,방마리 파크골프장,[개] 믹스견,417000,개,000114,믹스견,흰색,2026(년생),1(Kg),전남-영광-2026-00096,20260313,20260323,http://openapi.animal.go.kr/openapi/service/rest/fileDownloadSrvc/files/shelter/2026/02/202603131403517[2].jpg,http://openapi.animal.go.kr/openapi/service/rest/fileDownloadSrvc/files/shelter/2026/02/202603131403525[1].jpg,보호중,M,N,방마리 파크골프장에서 구조된 2마리 중 믹스 수컷 강아지,346497201300001,영광동물보호센터,010-9188-5525,전라남도 영광군 불갑면 함영로 2755-48  ,허수영,전라남도 영광군,2026-03-13 14:35:57.0,,,,,,,,
446497202600095,20260312,방마리 파크골프장,[개] 믹스견,417000,개,000114,믹스견,흰색,2026(년생),1(Kg),전남-영광-2026-00095,20260313,20260323,http://openapi.animal.go.kr/openapi/service/rest/fileDownloadSrvc/files/shelter/2026/02/20260313140312.jpg,http://openapi.animal.go.kr/openapi/service/rest/fileDownloadSrvc/files/shelter/2026/02/202603131403177.jpg,보호중,M,N,방마리 파크골프장에서 구조된 2마리 중 믹스 수컷 강아지,346497201300001,영광동물보호센터,010-9188-5525,전라남도 영광군 불갑면 함영로 2755-48  ,허수영,전라남도 영광군,2026-03-13 14:35:47.0,,,,,,,,
446497202600094,20260312,영광 구축 보호소,[개] 믹스견,417000,개,000114,믹스견,흰색,2026(년생),2(Kg),전남-영광-2026-00094,20260313,20260323,http://openapi.animal.go.kr/openapi/service/rest/fileDownloadSrvc/files/shelter/2026/02/202603131403309.jpg,http://openapi.animal.go.kr/openapi/service/rest/fileDownloadSrvc/files/shelter/2026/02/202603131403423[1].jpg,보호중,F,N,영광 구축 보호소에서 새끼 8마리와 같이 구조된 믹스 암컷 강아지,346497201300001,영광동물보호센터,010-9188-5525,전라남도 영광군 불갑면 함영로 2755-48  ,허수영,전라남도 영광군,2026-03-13 14:29:26.0,,,,,,,,
446497202600093,20260312,영광 구축 보호소,[개] 믹스견,417000,개,000114,믹스견,흰색,2026(년생),2(Kg),전남-영광-2026-00093,20260313,20260323,http://openapi.animal.go.kr/openapi/service/rest/fileDownloadSrvc/files/shelter/2026/02/202603131403199.jpg,http://openapi.animal.go.kr/openapi/service/rest/fileDownloadSrvc/files/shelter/2026/02/202603131403144.jpg,보호중,F,N,영광 구축 보호소에서 어미견과 같이 구조된 새끼 8마리 중 믹스 암컷 강아지,346497201300001,영광동물보호센터,010-9188-5525,전라남도 영광군 불갑면 함영로 2755-48  ,허수영,전라남도 영광군,2026-03-13 14:29:04.0,,,,,,,,
446497202600092,20260312,영광 구축 보호소,[개] 믹스견,417000,개,000114,믹스견,검정색,2026(년생),2(Kg),전남-영광-2026-00092,20260313,20260323,http://openapi.animal.go.kr/openapi/service/rest/fileDownloadSrvc/files/shelter/2026/02/202603131403428.jpg,http://openapi.animal.go.kr/openapi/service/rest/fileDownloadSrvc/files/shelter/2026/02/202603131403373.jpg,보호중,M,N,영광 구축 보호소에서 어미견과 같이 구조된 새끼 8마리 중 믹스 수컷 강아지,346497201300001,영광동물보호센터,010-9188-5525,전라남도 영광군 불갑면 함영로 2755-48  ,허수영,전라남도 영광군,2026-03-13 14:28:55.0,,,,,,,,
446497202600091,20260312,영광 구축 보호소,[개] 믹스견,417000,개,000114,믹스견,갈색&흰색,2026(년생),2(Kg),전남-영광-2026-00091,20260313,20260323,http://openapi.animal.go.kr/openapi/service/rest/fileDownloadSrvc/files/shelter/2026/02/202603131403345[1].jpg,http://openapi.animal.go.kr/openapi/service/rest/fileDownloadSrvc/files/shelter/2026/02/202603131403318.jpg,보호중,M,N,영광 구축 보호소에서 어미견과 같이 구조된 새끼 8마리 중 믹스 수컷 강아지,346497201300001,영광동물보호센터,010-9188-5525,전라남도 영광군 불갑면 함영로 2755-48  ,허수영,전라남도 영광군,2026-03-13 14:28:45.0,,,,,,,,
446497202600090,20260312,영광 구축 보호소,[개] 믹스견,417000,개,000114,믹스견,흰색,2026(년생),2(Kg),전남-영광-2026-00090,20260313,20260323,http://openapi.animal.go.kr/openapi/service/rest/fileDownloadSrvc/files/shelter/2026/02/202603131403462.jpg,http://openapi.animal.go.kr/openapi/service/rest/fileDownloadSrvc/files/shelter/2026/02/202603131403506.jpg,보호중,F,N,영광 구축 보호소에서 어미견과 같이 구조된 새끼 8마리 중 믹스 암컷 강아지,346497201300001,영광동물보호센터,010-9188-5525,전라남도 영광군 불갑면 함영로 2755-48  ,허수영,전라남도 영광군,2026-03-13 14:28:33.0,,,,,,,,
446497202600089,20260312,영광 구축 보호소,[개] 믹스견,417000,개,000114,믹스견,흰색,2025(년생),2(Kg),전남-영광-2026-00089,20260313,20260323,http://openapi.animal.go.kr/openapi/service/rest/fileDownloadSrvc/files/shelter/2026/02/202603131403854.jpg,http://openapi.animal.go.kr/openapi/service/rest/fileDownloadSrvc/files/shelter/2026/02/202603131403851.jpg,보호중,F,N,영광 구축 보호소에서 어미견과 같이 구조된 새끼 8마리 중 믹스 암컷 강아지,346497201300001,영광동물보호센터,010-9188-5525,전라남도 영광군 불갑면 함영로 2755-48  ,허수영,전라남도 영광군,2026-03-13 14:28:22.0,,,,,,,,
446497202600088,20260312,영광 구축 보호소,[개] 믹스견,417000,개,000114,믹스견,검정색,2026(60일미만)(년생),2(Kg),전남-영광-2026-00088,20260313,20260323,http://openapi.animal.go.kr/openapi/service/rest/fileDownloadSrvc/files/shelter/2026/02/20260313140376.jpg,http://openapi.animal.go.kr/openapi/service/rest/fileDownloadSrvc/files/shelter/2026/02/202603131403274[1].jpg,보호중,M,N,영광 구축 보호소에서 어미견과 같이 구조된 새끼 8마리 중 믹스 수컷 강아지,346497201300001,영광동물보호센터,010-9188-5525,전라남도 영광군 불갑면 함영로 2755-48  ,허수영,전라남도 영광군,2026-03-13 14:28:12.0,,,,,,,,
446497202600087,20260312,영광 구축 보호소,[개] 믹스견,417000,개,000114,믹스견,흰색,2025(년생),2(Kg),전남-영광-2026-00087,20260313,20260323,http://openapi.animal.go.kr/openapi/service/rest/fileDownloadSrvc/files/shelter/2026/02/202603131403969.jpg,http://openapi.animal.go.kr/openapi/service/rest/fileDownloadSrvc/files/shelter/2026/02/202603131403360.jpg,보호중,M,N,영광 구축 보호소에서 어미견과 같이 구조된 새끼 8마리 중 믹스 수컷 강아지,346497201300001,영광동물보호센터,010-9188-5525,전라남도 영광군 불갑면 함영로 2755-48  ,허수영,전라남도 영광군,2026-03-13 14:28:04.0,,,,,,,,
446497202600086,20260312,영광 구축 보호소,[개] 믹스견,417000,개,000114,믹스견,갈색,2026(60일미만)(년생),2(Kg),전남-영광-2026-00086,20260313,20260323,http://openapi.animal.go.kr/openapi/service/rest/fileDownloadSrvc/files/shelter/2026/02/202603131403122.jpg,http://openapi.animal.go.kr/openapi/service/rest/fileDownloadSrvc/files/shelter/2026/02/20260313140335.jpg,보호중,F,N,영광 구축 보호소에서 어미견과 같이 구조된 새끼 8마리 중 믹스 암컷 강아지,346497201300001,영광동물보호센터,010-9188-5525,전라남도 영광군 불갑면 함영로 2755-48  ,허수영,전라남도 영광군,2026-03-13 14:27:49.0,,,,,,,,
446489202600021,20260312,보성읍 우산리 389-1,[개] 믹스견,417000,개,000114,믹스견,황갈색,2025(년생),5.2(Kg),전남-보성-2026-00021,20260313,20260323,http://openapi.animal.go.kr/openapi/service/rest/fileDownloadSrvc/files/shelter/2026/02/202603131003520.jpg,http://openapi.animal.go.kr/openapi/service/rest/fileDownloadSrvc/files/shelter/2026/02/202603131003591.jpg,보호중,F,N,공격성 있음,346489202000001,보성유기동물보호센터,061-853-5405,전라남도 보성군 노동면 노동천동길 221  ,보성군수,전라남도 보성군,2026-03-13 10:08:42.0,,,,,,,,
445476202600083,20260312,전북 임실군 삼계면 만취정로 146-140,[개] 믹스견,417000,개,000114,믹스견,흰색,2024(년생),5(Kg),전북-임실-2026-00031,20260313,20260330,http://openapi.animal.go.kr/openapi/service/rest/fileDownloadSrvc/files/shelter/2026/02/202603131103841[1].jpg,http://openapi.animal.go.kr/openapi/service/rest/fileDownloadSrvc/files/shelter/2026/02/202603131103169[1].jpg,보호중,F,N,소심하고 경계심이 많음,345476202100001,임실유기동물보호센터,063-642-5550,"전라북도 임실군 오수면 춘향로 1554-95  펫추모공원 입구, 유기동물보호센터",유기동물재활지원센터,전북특별자치도 임실군,2026-03-13 15:44:59.0,,,,,,,,
445476202600082,20260312,전북 임실군 삼계면 만취정로 146-140,[개] 믹스견,417000,개,000114,믹스견,흰색,2026(년생),4(Kg),전북-임실-2026-00032,20260313,20260330,http://openapi.animal.go.kr/openapi/service/rest/fileDownloadSrvc/files/shelter/2026/02/202603131103875.jpg,http://openapi.animal.go.kr/openapi/service/rest/fileDownloadSrvc/files/shelter/2026/02/202603131103339.jpg,보호중,F,N,소심하고 경계심이 있음,345476202100001,임실유기동물보호센터,063-642-5550,"전라북도 임실군 오수면 춘향로 1554-95  펫추모공원 입구, 유기동물보호센터",유기동물재활지원센터,전북특별자치도 임실군,2026-03-13 15:45:13.0,,,,,,,,
445476202600081,20260312,전북 임실군 삼계면 만취정로 146-140,[개] 믹스견,417000,개,000114,믹스견,흰색,2025(년생),4(Kg),전북-임실-2026-00033,20260313,20260330,http://openapi.animal.go.kr/openapi/service/rest/fileDownloadSrvc/files/shelter/2026/02/202603131103595.jpg,http://openapi.animal.go.kr/openapi/service/rest/fileDownloadSrvc/files/shelter/2026/02/202603131103914.jpg,보호중,F,N,소심하고 경계심이 많음,345476202100001,임실유기동물보호센터,063-642-5550,"전라북도 임실군 오수면 춘향로 1554-95  펫추모공원 입구, 유기동물보호센터",유기동물재활지원센터,전북특별자치도 임실군,2026-03-13 15:45:25.0,,,,,,,,
445476202600080,20260312,전북 임실군 삼계면 만취정로 146-140,[개] 믹스견,417000,개,000114,믹스견,흰색,2023(년생),5(Kg),전북-임실-2026-00034,20260313,20260330,http://openapi.animal.go.kr/openapi/service/rest/fileDownloadSrvc/files/shelter/2026/02/202603131103758[1].jpg,http://openapi.animal.go.kr/openapi/service/rest/fileDownloadSrvc/files/shelter/2026/02/202603131103382.jpg,보호중,F,N,소심하고 경계심이 많음,345476202100001,임실유기동물보호센터,063-642-5550,"전라북도 임실군 오수면 춘향로 1554-95  펫추모공원 입구, 유기동물보호센터",유기동물재활지원센터,전북특별자치도 임실군,2026-03-13 15:45:33.0,,,,,,,,
445476202600079,20260312,전북 임실군 삼계면 만취정로 146-140,[개] 믹스견,417000,개,000114,믹스견,흰색,2025(년생),4(Kg),전북-임실-2026-00035,20260313,20260330,http://openapi.animal.go.kr/openapi/service/rest/fileDownloadSrvc/files/shelter/2026/02/202603131103950.jpg,http://openapi.animal.go.kr/openapi/service/rest/fileDownloadSrvc/files/shelter/2026/02/202603131103320.jpg,보호중,F,N,소심하고 경계심이 있음,345476202100001,임실유기동물보호센터,063-642-5550,"전라북도 임실군 오수면 춘향로 1554-95  펫추모공원 입구, 유기동물보호센터",유기동물재활지원센터,전북특별자치도 임실군,2026-03-13 15:45:43.0,,,,,,,,
445476202600078,20260312,전북 임실군 삼계면 만취정로 146-140,[개] 믹스견,417000,개,000114,믹스견,흰색,2026(년생),4(Kg),전북-임실-2026-00036,20260313,20260330,http://openapi.animal.go.kr/openapi/service/rest/fileDownloadSrvc/files/shelter/2026/02/202603131103784[1].jpg,http://openapi.animal.go.kr/openapi/service/rest/fileDownloadSrvc/files/shelter/2026/02/202603131103174[1].jpg,보호중,F,N,소심하고 경계심이 있음,345476202100001,임실유기동물보호센터,063-642-5550,"전라북도 임실군 오수면 춘향로 1554-95  펫추모공원 입구, 유기동물보호센터",유기동물재활지원센터,전북특별자치도 임실군,2026-03-13 15:45:52.0,,,,,,,,
445476202600077,20260312,전북 임실군 삼계면 만취정로 146-140,[개] 믹스견,417000,개,000114,믹스견,흰색,2026(년생),3(Kg),전북-임실-2026-00037,20260313,20260330,http://openapi.animal.go.kr/openapi/service/rest/fileDownloadSrvc/files/shelter/2026/02/202603131103616.jpg,http://openapi.animal.go.kr/openapi/service/rest/fileDownloadSrvc/files/shelter/2026/02/202603131103930.jpg,보호중,F,N,소심하고 경계심이 있음,345476202100001,임실유기동물보호센터,063-642-5550,"전라북도 임실군 오수면 춘향로 1554-95  펫추모공원 입구, 유기동물보호센터",유기동물재활지원센터,전북특별자치도 임실군,2026-03-13 15:46:00.0,,,,,,,,
445476202600076,20260312,전북 임실군 삼계면 만취정로 146-140,[개] 믹스견,417000,개,000114,믹스견,흰색,2025(년생),4(Kg),전북-임실-2026-00038,20260313,20260330,http://openapi.animal.go.kr/openapi/service/rest/fileDownloadSrvc/files/shelter/2026/02/202603131103783[1].jpg,http://openapi.animal.go.kr/openapi/service/rest/fileDownloadSrvc/files/shelter/2026/02/202603131103162[1].jpg,보호중,F,N,소심하고 경계심이 많음,345476202100001,임실유기동물보호센터,063-642-5550,"전라북도 임실군 오수면 춘향로 1554-95  펫추모공원 입구, 유기동물보호센터",유기동물재활지원센터,전북특별자치도 임실군,2026-03-13 15:46:11.0,,,,,,,,
445476202600075,20260312,전북 임실군 삼계면 만취정로 146-140,[개] 믹스견,417000,개,000114,믹스견,흰색,2023(년생),4(Kg),전북-임실-2026-00039,20260313,20260330,http://openapi.animal.go.kr/openapi/service/rest/fileDownloadSrvc/files/shelter/2026/02/202603131103861.jpg,http://openapi.animal.go.kr/openapi/service/rest/fileDownloadSrvc/files/shelter/2026/02/202603131103188.jpg,보호중,F,N,소심하고 경계심이 많음,345476202100001,임실유기동물보호센터,063-642-5550,"전라북도 임실군 오수면 춘향로 1554-95  펫추모공원 입구, 유기동물보호센터",유기동물재활지원센터,전북특별자치도 임실군,2026-03-13 15:46:19.0,,,,,,,,
445476202600074,20260312,전북 임실군 삼계면 만취정로 146-140,[개] 믹스견,417000,개,000114,믹스견,흰색,2023(년생),4(Kg),전북-임실-2026-00040,20260313,20260330,http://openapi.animal.go.kr/openapi/service/rest/fileDownloadSrvc/files/shelter/2026/02/202603131103330.jpg,http://openapi.animal.go.kr/openapi/service/rest/fileDownloadSrvc/files/shelter/2026/02/202603131103639[2].jpg,보호중,F,N,소심하고 경계심이 많음,345476202100001,임실유기동물보호센터,063-642-5550,"전라북도 임실군 오수면 춘향로 1554-95  펫추모공원 입구, 유기동물보호센터",유기동물재활지원센터,전북특별자치도 임실군,2026-03-13 15:46:29.0,,,,,,,,
445476202600073,20260312,전북 임실군 삼계면 만취정로 146-140,[개] 믹스견,417000,개,000114,믹스견,흰색,2024(년생),5(Kg),전북-임실-2026-00041,20260313,20260330,http://openapi.animal.go.kr/openapi/service/rest/fileDownloadSrvc/files/shelter/2026/02/202603131103864.jpg,http://openapi.animal.go.kr/openapi/service/rest/fileDownloadSrvc/files/shelter/2026/02/202603131103208.jpg,보호중,M,N,소심하고 경계심이 많음,345476202100001,임실유기동물보호센터,063-642-5550,"전라북도 임실군 오수면 춘향로 1554-95  펫추모공원 입구, 유기동물보호센터",유기동물재활지원센터,전북특별자치도 임실군,2026-03-13 15:46:40.0,,,,,,,,
445476202600072,20260312,전북 임실군 삼계면 만취정로 146-140,[개] 믹스견,417000,개,000114,믹스견,흰색,2026(년생),3(Kg),전북-임실-2026-00042,20260313,20260330,http://openapi.animal.go.kr/openapi/service/rest/fileDownloadSrvc/files/shelter/2026/02/202603131103838[1].jpg,http://openapi.animal.go.kr/openapi/service/rest/fileDownloadSrvc/files/shelter/2026/02/202603131103789[1].jpg,보호중,M,N,소심하고 경계심이 있음,345476202100001,임실유기동물보호센터,063-642-5550,"전라북도 임실군 오수면 춘향로 1554-95  펫추모공원 입구, 유기동물보호센터",유기동물재활지원센터,전북특별자치도 임실군,2026-03-13 15:46:48.0,,,,,,,,
445476202600071,20260312,전북 임실군 삼계면 만취정로 146-140,[개] 믹스견,417000,개,000114,믹스견,흰색,2026(년생),3(Kg),전북-임실-2026-00043,20260313,20260330,http://openapi.animal.go.kr/openapi/service/rest/fileDownloadSrvc/files/shelter/2026/02/202603131103749.jpg,http://openapi.animal.go.kr/openapi/service/rest/fileDownloadSrvc/files/shelter/2026/02/202603131103252.jpg,보호중,M,N,소심하고 경계심이 많음,345476202100001,임실유기동물보호센터,063-642-5550,"전라북도 임실군 오수면 춘향로 1554-95  펫추모공원 입구, 유기동물보호센터",유기동물재활지원센터,전북특별자치도 임실군,2026-03-13 15:46:56.0,,,,,,,,
445476202600070,20260312,전북 임실군 삼계면 만취정로 146-140,[개] 믹스견,417000,개,000114,믹스견,흰색,2024(년생),4(Kg),전북-임실-2026-00044,20260313,20260330,http://openapi.animal.go.kr/openapi/service/rest/fileDownloadSrvc/files/shelter/2026/02/202603131103265.jpg,http://openapi.animal.go.kr/openapi/service/rest/fileDownloadSrvc/files/shelter/2026/02/202603131103746[1].jpg,보호중,M,N,소심하고 경계심이 많음,345476202100001,임실유기동물보호센터,063-642-5550,"전라북도 임실군 오수면 춘향로 1554-95  펫추모공원 입구, 유기동물보호센터",유기동물재활지원센터,전북특별자치도 임실군,2026-03-13 15:47:05.0,,,,,,,,
445476202600069,20260312,전북 임실군 삼계면 만취정로 146-140,[개] 믹스견,417000,개,000114,믹스견,흰색,2026(년생),3(Kg),전북-임실-2026-00045,20260313,20260330,http://openapi.animal.go.kr/openapi/service/rest/fileDownloadSrvc/files/shelter/2026/02/202603131103870.jpg,http://openapi.animal.go.kr/openapi/service/rest/fileDownloadSrvc/files/shelter/2026/02/202603131103335.jpg,보호중,M,N,소심하고 경계심이 있음,345476202100001,임실유기동물보호센터,063-642-5550,"전라북도 임실군 오수면 춘향로 1554-95  펫추모공원 입구, 유기동물보호센터",유기동물재활지원센터,전북특별자치도 임실군,2026-03-13 15:47:13.0,,,,,,,,
445476202600068,20260312,전북 임실군 삼계면 만취정로 146-140,[개] 믹스견,417000,개,000114,믹스견,흰색,2025(년생),4(Kg),전북-임실-2026-00046,20260313,20260330,http://openapi.animal.go.kr/openapi/service/rest/fileDownloadSrvc/files/shelter/2026/02/202603131103349.jpg,http://openapi.animal.go.kr/openapi/service/rest/fileDownloadSrvc/files/shelter/2026/02/202603131103688.jpg,보호중,M,N,소심하고 경계심이 있음,345476202100001,임실유기동물보호센터,063-642-5550,"전라북도 임실군 오수면 춘향로 1554-95  펫추모공원 입구, 유기동물보호센터",유기동물재활지원센터,전북특별자치도 임실군,2026-03-13 15:47:20.0,,,,,,,,
445476202600067,20260312,전북 임실군 삼계면 만취정로 146-140,[개] 믹스견,417000,개,000114,믹스견,흰색,2026(년생),3(Kg),전북-임실-2026-00047,20260313,20260330,http://openapi.animal.go.kr/openapi/service/rest/fileDownloadSrvc/files/shelter/2026/02/202603131103192.jpg,http://openapi.animal.go.kr/openapi/service/rest/fileDownloadSrvc/files/shelter/2026/02/202603131103708.jpg,보호중,M,N,소심하고 경계심이 있음,345476202100001,임실유기동물보호센터,063-642-5550,"전라북도 임실군 오수면 춘향로 1554-95  펫추모공원 입구, 유기동물보호센터",유기동물재활지원센터,전북특별자치도 임실군,2026-03-13 15:47:28.0,,,,,,,,
444461202600114,20260312,신암면 오산리 33-2,[개] 믹스견,417000,개,000114,믹스견,갈색&흰색,2024(년생),4.5(Kg),충남-예산-2026-00041,20260313,20260320,http://openapi.animal.go.kr/openapi/service/rest/fileDownloadSrvc/files/shelter/2026/02/202603131703629.jpg,http://openapi.animal.go.kr/openapi/service/rest/fileDownloadSrvc/files/shelter/2026/02/202603131703688.jpg,보호중,F,U,포획틀 구조. 약간의 피부병. 의기소침함. 안따르지만 착함,344461202400001,예산임시동물보호센터,041-339-7838,충청남도 예산군 예산읍 군청로 22  ,예산군,충청남도 예산군,2026-03-13 17:43:38.0,,,,,,,,
444450202600042,20260312,"계룡면 갑사로 1, 형구네 정육점",[개] 푸들,417000,개,000128,푸들,갈색,2021(년생),4.5(Kg),충남-공주-2026-00043,20260313,20260326,http://openapi.animal.go.kr/openapi/service/rest/fileDownloadSrvc/files/shelter/2026/02/202603130903322[1].jpg,http://openapi.animal.go.kr/openapi/service/rest/fileDownloadSrvc/files/shelter/2026/02/202603130903342[1].jpg,종료(반환),M,N,"양측 후지 보행불량, 옷착용, 미용",344450202200001,공주시 동물보호센터,041-840-3495,충청남도 공주시 우성면 내산목천길 52-15  ,공주시,충청남도 공주시,2026-03-13 15:14:56.0,,,,,,,,
443442202600011,20260312,보은군 회남면 조곡리 251,[개] 스피츠,417000,개,000124,스피츠,주황색,2016(년생),7.10(Kg),충북-보은-2026-00010,20260313,20260323,http://openapi.animal.go.kr/openapi/service/rest/fileDownloadSrvc/files/shelter/2026/02/20260312170336.jpeg,http://openapi.animal.go.kr/openapi/service/rest/fileDownloadSrvc/files/shelter/2026/02/202603121703616.jpeg,보호중,F,U,장모,343442202200001,보은군동물보호센터,043-540-3643,충청북도 보은군 보은읍 뱃들로 47  ,유상조,충청북도 보은군,2026-03-12 17:26:25.0,,,,,,,,
442430202600021,20260312,오지리 1890,[개] 믹스견,417000,개,000114,믹스견,흰색,2025(년생),3(Kg),강원-철원-2026-00022,20260313,20260323,http://openapi.animal.go.kr/openapi/service/rest/fileDownloadSrvc/files/shelter/2026/02/202603121703891.jpg,http://openapi.animal.go.kr/openapi/service/rest/fileDownloadSrvc/files/shelter/2026/02/202603121703621.jpg,보호중,F,U,겁이 많으며 사람을 경계함,342430201900001,철원군,033-450-5394,강원도 철원군 동송읍 장흥로 311  ,김미경,강원특별자치도 철원군,2026-03-13 13:22:31.0,,,,,,,,
442430202600020,20260312,오지리 1890,[개] 믹스견,417000,개,000114,믹스견,흰색,2024(년생),5(Kg),강원-철원-2026-00021,20260313,20260323,http://openapi.animal.go.kr/openapi/service/rest/fileDownloadSrvc/files/shelter/2026/02/202603121603968[1].jpg,http://openapi.animal.go.kr/openapi/service/rest/fileDownloadSrvc/files/shelter/2026/02/202603121603998[1].jpg,보호중,F,U,겁이많고 사람을 경계함,342430201900001,철원군,033-450-5394,강원도 철원군 동송읍 장흥로 311  ,김미경,강원특별자치도 철원군,2026-03-13 13:22:24.0,,,,,,,,
441560202600130,20260312,경기 포천시 내촌면 포천로 일대,[개] 불테리어,417000,개,000115,기타,기타(흰/회),2020(년생),19.1(Kg),경기-포천-2026-00133,20260313,20260323,http://openapi.animal.go.kr/openapi/service/rest/fileDownloadSrvc/files/shelter/2026/02/202603131403982.jpg,http://openapi.animal.go.kr/openapi/service/rest/fileDownloadSrvc/files/shelter/2026/02/202603131403997.jpg,보호중,M,Y,노랑후드.전신피부질환.치석.콧등/좌 전지/정수리작은상처.송곳니마모.양귀외이염.꼬리단미안됨.칩있음.,341560201000002,한국동물구조관리협회,031-867-9119,경기도 양주시 남면 감악산로 63-37  ,김철훈,경기도 포천시,2026-03-13 14:09:01.0,410093300038656,-,,,,,,
441560202600129,20260312,경기 포천시 내촌면 부마로 437-9 (마명리),[개] 믹스견,417000,개,000114,믹스견,기타(흰색),2023(년생),22.2(Kg),경기-포천-2026-00132,20260313,20260323,http://openapi.animal.go.kr/openapi/service/rest/fileDownloadSrvc/files/shelter/2026/02/202603131403502.jpg,http://openapi.animal.go.kr/openapi/service/rest/fileDownloadSrvc/files/shelter/2026/02/202603131403515.jpg,보호중,M,N,눈곱.경계.음낭표피쓸린상처.눈물자국.겁있음.온순.얌전.진드기오염. 파란색목줄.치석.꼬리단미.털때탐. ,341560201000002,한국동물구조관리협회,031-867-9119,경기도 양주시 남면 감악산로 63-37  ,김철훈,경기도 포천시,2026-03-13 14:09:01.0,,,,,,,,
441553202600469,20260312,남양읍 신남로 인근,[개] 믹스견,417000,개,000114,믹스견,호반색(호랑이무늬),2026(년생),2.5(Kg),경기-화성-2026-00447,20260313,20260323,http://openapi.animal.go.kr/openapi/service/rest/fileDownloadSrvc/files/shelter/2026/02/202603131103925[1].jpg,http://openapi.animal.go.kr/openapi/service/rest/fileDownloadSrvc/files/shelter/2026/02/20260313110316.jpg,보호중,F,N,아직 겁 많은 귀여운 아기강아지/순하고 얌전한 성격이나 얼굴을 절대 보여주지않음/멋진외모,341553202500001,화성시민동물보호센터,010-3969-1034,경기도 화성시 서신면 전곡항로 492  ,장성웅,경기도 화성시,2026-03-13 11:41:48.0,,,,,,,,
441553202600468,20260312,남양읍 신남로 인근,[개] 믹스견,417000,개,000114,믹스견,호반색(호랑이무늬),2026(년생),2.5(Kg),경기-화성-2026-00446,20260313,20260323,http://openapi.animal.go.kr/openapi/service/rest/fileDownloadSrvc/files/shelter/2026/02/202603131103412.jpg,http://openapi.animal.go.kr/openapi/service/rest/fileDownloadSrvc/files/shelter/2026/02/202603131103455[2].jpg,보호중,M,N,아직은 겁이 많은 아기강아지/멋진 무늬를 가지고있음/구석에 숨어서 얼굴을 안보여주려함/귀여움,341553202500001,화성시민동물보호센터,010-3969-1034,경기도 화성시 서신면 전곡항로 492  ,장성웅,경기도 화성시,2026-03-13 11:41:48.0,,,,,,,,
441408202600220,20260312,죽산면 칠장로 291,[개] 믹스견,417000,개,000114,믹스견,크림색,2023(년생),8.25(Kg),경기-안성-2026-00090,20260313,20260323,http://openapi.animal.go.kr/openapi/service/rest/fileDownloadSrvc/files/shelter/2026/02/202603121603349.jpg,http://openapi.animal.go.kr/openapi/service/rest/fileDownloadSrvc/files/shelter/2026/02/202603121603388.jpg,보호중,F,U,-,341408200900001,안성시동물보호센터,031-673-5491,경기도 안성시 보개원삼로 157 (가사동) 미래동물병원,이성준,경기도 안성시,2026-03-13 13:37:24.0,,,"종합백신,호흡기","파보,홍역",,,,
441406202600112,20260312,경기 파주시 조리읍 둑방길 451 (대원리),[개] 믹스견,417000,개,000114,믹스견,갈색,2023(년생),7.5(Kg),경기-파주-2026-00105,20260313,20260323,http://openapi.animal.go.kr/openapi/service/rest/fileDownloadSrvc/files/shelter/2026/02/202603131403688.jpg,http://openapi.animal.go.kr/openapi/service/rest/fileDownloadSrvc/files/shelter/2026/02/202603131403702.jpg,보호중,F,U,온순. 얌전. 가슴쪽 양 뒷발 쪽 흰털. 사람 잘 따름. 착함. 발정. 치석. 꼬리 단미 안됨. 털 때탐. ,341406202200002,한국동물구조관리협회,031-867-9119,경기도 양주시 남면 감악산로 63-37  ,김철훈,경기도 파주시,2026-03-13 14:03:17.0,,,,,,,,
441406202600111,20260312,경기 파주시 조리읍 둑방길 451 (대원리),[개] 믹스견,417000,개,000114,믹스견,갈색&검정&흰색,2025(년생),7.7(Kg),경기-파주-2026-00104,20260313,20260323,http://openapi.animal.go.kr/openapi/service/rest/fileDownloadSrvc/files/shelter/2026/02/202603131403209.jpg,http://openapi.animal.go.kr/openapi/service/rest/fileDownloadSrvc/files/shelter/2026/02/202603131403223.jpg,보호중,M,N,귀여움. 애교쟁이. 사람 좋아함. 온순. 얌전. 다리 짧음. 꼬리 단미 안됨. 털 때탐. ,341406202200002,한국동물구조관리협회,031-867-9119,경기도 양주시 남면 감악산로 63-37  ,김철훈,경기도 파주시,2026-03-13 14:03:17.0,,,,,,,,
441406202600109,20260312,경기 파주시 조리읍 둑방길 451 (대원리),[개] 믹스견,417000,개,000114,믹스견,흰색,2022(년생),22(Kg),경기-파주-2026-00103,20260313,20260323,http://openapi.animal.go.kr/openapi/service/rest/fileDownloadSrvc/files/shelter/2026/02/202603131403801.jpg,http://openapi.animal.go.kr/openapi/service/rest/fileDownloadSrvc/files/shelter/2026/02/202603131403815.jpg,보호중,F,U,치석. 온순. 얌전. 사람 잘 따름. 코 갈색. 발정. 꼬리 단미 안됨. 털 때탐.,341406202200002,한국동물구조관리협회,031-867-9119,경기도 양주시 남면 감악산로 63-37  ,김철훈,경기도 파주시,2026-03-13 14:03:17.0,,,,,,,,
441394202600246,20260312,원흥동 491-21 부근,[개] 믹스견,417000,개,000114,믹스견,검정&황갈색,2026(60일미만)(년생),1.1(Kg),경기-고양-2026-00108,20260313,20260323,http://openapi.animal.go.kr/openapi/service/rest/fileDownloadSrvc/files/shelter/2026/02/202603131703486[1].jpg,http://openapi.animal.go.kr/openapi/service/rest/fileDownloadSrvc/files/shelter/2026/02/202603131703546[1].jpg,보호중,F,N,강아지 (임시보호26.03.16~05.15),341394201400001,고양시동물보호센터,031-962-3232,"경기도 고양시 덕양구 고양대로 1695 (원흥동, 고양시 농업기술센터) 고양시동물보호센터",권지선,경기도 고양시,2026-03-17 11:01:58.0,,,,"파보,코로나,홍역",,,,
441394202600245,20260312,원흥동 491-21 부근,[개] 믹스견,417000,개,000114,믹스견,황갈색,2026(60일미만)(년생),2(Kg),경기-고양-2026-00107,20260313,20260323,http://openapi.animal.go.kr/openapi/service/rest/fileDownloadSrvc/files/shelter/2026/02/202603131703638.jpg,http://openapi.animal.go.kr/openapi/service/rest/fileDownloadSrvc/files/shelter/2026/02/202603131703660.jpg,보호중,F,N,강아지,341394201400001,고양시동물보호센터,031-962-3232,"경기도 고양시 덕양구 고양대로 1695 (원흥동, 고양시 농업기술센터) 고양시동물보호센터",권지선,경기도 고양시,2026-03-13 17:43:10.0,,,,"사상충,파보,코로나,홍역",,,,
441394202600244,20260312,원흥동 491-21 부근,[개] 믹스견,417000,개,000114,믹스견,흰색,2026(60일미만)(년생),0.7(Kg),경기-고양-2026-00106,20260313,20260323,http://openapi.animal.go.kr/openapi/service/rest/fileDownloadSrvc/files/shelter/2026/02/202603131703207.jpg,http://openapi.animal.go.kr/openapi/service/rest/fileDownloadSrvc/files/shelter/2026/02/202603131703243.jpg,보호중,F,N,강아지 (임시보호26.03.16~05.15),341394201400001,고양시동물보호센터,031-962-3232,"경기도 고양시 덕양구 고양대로 1695 (원흥동, 고양시 농업기술센터) 고양시동물보호센터",권지선,경기도 고양시,2026-03-17 11:01:05.0,,,,"파보,코로나,홍역",,,,
441394202600243,20260312,원흥동 491-21 부근,[개] 믹스견,417000,개,000114,믹스견,옅은 황색,2026(60일미만)(년생),1.3(Kg),경기-고양-2026-00105,20260313,20260323,http://openapi.animal.go.kr/openapi/service/rest/fileDownloadSrvc/files/shelter/2026/02/202603131703782.jpg,http://openapi.animal.go.kr/openapi/service/rest/fileDownloadSrvc/files/shelter/2026/02/202603131703803.jpg,보호중,F,N,강아지,341394201400001,고양시동물보호센터,031-962-3232,"경기도 고양시 덕양구 고양대로 1695 (원흥동, 고양시 농업기술센터) 고양시동물보호센터",권지선,경기도 고양시,2026-03-13 17:41:23.0,,,,"파보,코로나,홍역",,,,
441394202600242,20260312,원흥동 491-21 부근,[개] 믹스견,417000,개,000114,믹스견,옅은 황색,2026(60일미만)(년생),1.5(Kg),경기-고양-2026-00104,20260313,20260323,http://openapi.animal.go.kr/openapi/service/rest/fileDownloadSrvc/files/shelter/2026/02/202603131703714.jpg,http://openapi.animal.go.kr/openapi/service/rest/fileDownloadSrvc/files/shelter/2026/02/202603131703736[1].jpg,보호중,M,N,강아지,341394201400001,고양시동물보호센터,031-962-3232,"경기도 고양시 덕양구 고양대로 1695 (원흥동, 고양시 농업기술센터) 고양시동물보호센터",권지선,경기도 고양시,2026-03-13 17:40:19.0,,,,"파보,코로나,홍역",,,,
441394202600241,20260312,원흥동 491-21 부근,[개] 믹스견,417000,개,000114,믹스견,옅은 황색,2026(60일미만)(년생),1.8(Kg),경기-고양-2026-00103,20260313,20260323,http://openapi.animal.go.kr/openapi/service/rest/fileDownloadSrvc/files/shelter/2026/02/202603131703736.jpg,http://openapi.animal.go.kr/openapi/service/rest/fileDownloadSrvc/files/shelter/2026/02/202603131703759[1].jpg,보호중,M,N,강아지,341394201400001,고양시동물보호센터,031-962-3232,"경기도 고양시 덕양구 고양대로 1695 (원흥동, 고양시 농업기술센터) 고양시동물보호센터",권지선,경기도 고양시,2026-03-13 17:39:16.0,,,,"파보,코로나,홍역",,,,
430366202600108,20260312,도마동 14-18 주변,[개] 진도견,417000,개,000067,진도견,흰색,2026(년생),12(Kg),대전-서구-2026-00075,20260313,20260323,http://openapi.animal.go.kr/openapi/service/rest/fileDownloadSrvc/files/shelter/2026/02/202603131503669.png,http://openapi.animal.go.kr/openapi/service/rest/fileDownloadSrvc/files/shelter/2026/02/202603131503123.png,종료(반환),M,U,.,330366202000001,대전동물보호센터,042-270-7239,대전광역시 유성구 금남구즉로 1234 (금고동) 대전광역시 동물보호센터,대전광역시,대전광역시 서구,2026-03-14 09:13:04.0,,,,,,,,
429360202600036,20260312,서구 서창동 1044-17,[개] 믹스견,417000,개,000114,믹스견,크림색,2025(년생),3.6(Kg),광주-서구-2026-00036,20260313,20260323,http://openapi.animal.go.kr/openapi/service/rest/fileDownloadSrvc/files/shelter/2026/02/202603131303158.jpg,http://openapi.animal.go.kr/openapi/service/rest/fileDownloadSrvc/files/shelter/2026/02/202603131303242.jpg,종료(반환),M,N,"26-0123 제육, 목줄착용",329360201300001,광주동물보호센터,062-613-6770,광주광역시 북구 본촌마을길 25-1 (본촌동) 광주동물보호센터,광주광역시장,광주광역시 서구,2026-03-14 10:26:43.0,,,,,,,,
428356202600070,20260312,가정로 346,[개] 믹스견,417000,개,000114,믹스견,검정&흰색,2026(60일미만)(년생),0.28(Kg),인천-서구-2026-00073,20260313,20260323,http://openapi.animal.go.kr/openapi/service/rest/fileDownloadSrvc/files/shelter/2026/02/202603121603856.jpg,http://openapi.animal.go.kr/openapi/service/rest/fileDownloadSrvc/files/shelter/2026/02/202603121603907.jpg,보호중,F,N,"069번의 자견, 태어난지 이틀, 눈 못뜸, 이마의 무늬가 넓음, 귀엽고 사랑스러움",328356201000001,가정동물병원,032-575-0833,인천광역시 서구 가정로 346 (가정동) ,양해용,인천광역시 서구,2026-03-13 11:11:48.0,,,,,,,,
428356202600069,20260312,가정로 346,[개] 믹스견,417000,개,000114,믹스견,검정&흰색,2026(60일미만)(년생),0.28(Kg),인천-서구-2026-00072,20260313,20260323,http://openapi.animal.go.kr/openapi/service/rest/fileDownloadSrvc/files/shelter/2026/02/202603121603740.jpg,http://openapi.animal.go.kr/openapi/service/rest/fileDownloadSrvc/files/shelter/2026/02/202603121603777.jpg,보호중,F,N,"069번의 자견, 태어난지 이틀, 눈 못뜸, 이마의 무늬가 좁음, 귀엽고 사랑스러움",328356201000001,가정동물병원,032-575-0833,인천광역시 서구 가정로 346 (가정동) ,양해용,인천광역시 서구,2026-03-13 11:11:47.0,,,,,,,,
428356202600068,20260312,가정로346,[개] 믹스견,417000,개,000114,믹스견,갈색&흰색,2026(60일미만)(년생),0.3(Kg),인천-서구-2026-00071,20260313,20260323,http://openapi.animal.go.kr/openapi/service/rest/fileDownloadSrvc/files/shelter/2026/02/20260312160392.jpg,http://openapi.animal.go.kr/openapi/service/rest/fileDownloadSrvc/files/shelter/2026/02/202603121603131.jpg,보호중,F,N,"069번의 자견, 태어난지 이틀, 눈 못뜸, 자견 3마리중 혼자 갈색무늬, 세마리중 가장 큼",328356201000001,가정동물병원,032-575-0833,인천광역시 서구 가정로 346 (가정동) ,양해용,인천광역시 서구,2026-03-13 11:11:47.0,,,,,,,,
428353202600111,20260312,장수동 451,[고양이] 믹스묘,422400,고양이,000212,믹스묘,기타(검정),2024(년생),2.7(Kg),인천-남동-2026-00073,20260313,20260323,http://openapi.animal.go.kr/openapi/service/rest/fileDownloadSrvc/files/shelter/2026/02/202603121903174.jpg,http://openapi.animal.go.kr/openapi/service/rest/fileDownloadSrvc/files/shelter/2026/02/202603121903753.jpg,보호중,M,N,좌안 비정상,328353202600001,세우리동물병원,032-463-9066,인천광역시 남동구 백범로 260 (간석동) ,이행숙,인천광역시 남동구,2026-03-13 14:10:57.0,,,,,,,,
428350202600019,20260312,화수동 248-6 주택가 근처,[고양이] 한국 고양이,422400,고양이,000200,한국 고양이,기타(턱시도),2023(년생),3.80(Kg),인천-동구-2026-00008,20260313,20260323,http://openapi.animal.go.kr/openapi/service/rest/fileDownloadSrvc/files/shelter/2026/02/202603121603205[1].jpg,http://openapi.animal.go.kr/openapi/service/rest/fileDownloadSrvc/files/shelter/2026/02/202603121603219[1].jpg,보호중,M,U,"감기,구내염",328350202100001,경동동물병원,032-765-9988,인천광역시 중구 개항로 68 (경동) 경동동물병원,이광태,인천광역시 동구,2026-03-13 11:46:09.0,,,,,,,,
426338202600029,20260312,수미로35번길 27 망미초등학교,[개] 푸들,417000,개,000128,푸들,흰색,2024(년생),5(Kg),부산-수영-2026-00031,20260313,20260323,http://openapi.animal.go.kr/openapi/service/rest/fileDownloadSrvc/files/shelter/2026/02/202603131803333.jpg,http://openapi.animal.go.kr/openapi/service/rest/fileDownloadSrvc/files/shelter/2026/02/202603131803351[1].jpg,보호중,M,Y,"순함, 털 오염, 흰색",326338201300001,(사)동부동물보호협회,051-701-7599,부산광역시 해운대구 송정2로13번길 46 (송정동) ,장영철,부산광역시 수영구,2026-03-13 18:20:23.0,,,,,,,,
426329202600044,20260312,부산진구 동성로 50,[개] 믹스견,417000,개,000114,믹스견,갈색,2016(년생),3(Kg),부산-부산진-2026-00027,20260313,20260323,http://openapi.animal.go.kr/openapi/service/rest/fileDownloadSrvc/files/shelter/2026/02/202603130903349.png,http://openapi.animal.go.kr/openapi/service/rest/fileDownloadSrvc/files/shelter/2026/02/202603130903357.png,보호중,M,N,다리 부상 기력소진,326329202600001,동물보호관리협회,051-971-6208,부산광역시 강서구 가락대로1283번길 25-2 (봉림동) ,변재갑,부산광역시 부산진구,2026-03-13 09:07:38.0,,,,,,,,
411319202600047,20260312,(구)동작구청 후무,[고양이] 한국 고양이,422400,고양이,000200,한국 고양이,평행·전체·부분줄무늬,2024(년생),4.2(Kg),서울-동작-2026-00017,20260313,20260323,http://openapi.animal.go.kr/openapi/service/rest/fileDownloadSrvc/files/shelter/2026/02/202603122003113.jpg,http://openapi.animal.go.kr/openapi/service/rest/fileDownloadSrvc/files/shelter/2026/02/202603122003174.jpg,보호중,M,N,온순함 고의유기의심,311319201200001,디아크동물종합병원,02-816-7582,서울특별시 동작구 장승배기로27길 18 (노량진동) ,김정윤,서울특별시 동작구,2026-03-13 07:56:10.0,,,,,,,,
411310202600099,20260312,"서울 노원구 한글비석로 474 (상계동, 보람아파트2단지) 인근",[개] 믹스견,417000,개,000114,믹스견,검정&황갈색,2022(년생),3.4(Kg),서울-노원-2026-00051,20260313,20260323,http://openapi.animal.go.kr/openapi/service/rest/fileDownloadSrvc/files/shelter/2026/02/202603131403644.jpg,http://openapi.animal.go.kr/openapi/service/rest/fileDownloadSrvc/files/shelter/2026/02/202603131403658.jpg,보호중,F,U,온순. 얌전. 미니핀 믹스 추정. 분홍색 바탕에 흰색 옷. 오리색 바탕의 동물 무늬 목줄. 생리 추정. 치석. ,311310201000001,한국동물구조관리협회,031-868-2851,경기도 양주시 남면 감악산로 63-37 (남면) ,김철훈,서울특별시 노원구,2026-03-13 14:07:38.0,,,,,,,,
411305202600078,20260312,서울 동대문구 휘경로31길 57 (이문동),[개] 푸들,417000,개,000128,푸들,흰색,2020(년생),488(Kg),서울-동대문-2026-00070,20260313,20260323,http://openapi.animal.go.kr/openapi/service/rest/fileDownloadSrvc/files/shelter/2026/02/202603131403743.jpg,http://openapi.animal.go.kr/openapi/service/rest/fileDownloadSrvc/files/shelter/2026/02/202603131403776.jpg,보호중,F,U,온순.얌전.눈물 자국.눈곱.유선 종양.양 눈 백내장.양 슬개골.치석.미용 흔적.꼬리 단미.,311305201300001,한국동물구조관리협회,031-867-9119,경기도 양주시 남면 감악산로 63-37 ,김철훈,서울특별시 동대문구,2026-03-13 14:07:07.0,,,,,,,,
447512202600304,20260312,모전매봉인근,[고양이] 한국 고양이,422400,고양이,000200,한국 고양이,레몬색&흰색,2026(60일미만)(년생),11.7(Kg),경북-문경-2026-00081,20260312,20260312,http://openapi.animal.go.kr/openapi/service/rest/fileDownloadSrvc/files/shelter/2026/02/202603131503602[3].jpg,http://openapi.animal.go.kr/openapi/service/rest/fileDownloadSrvc/files/shelter/2026/02/202603131503633[1].jpg,종료(입양),M,N,2개월령 어미한테 유기된 새끼를 돌봐중,347512201700001,종합축산,054-552-2233,경상북도 문경시 중앙로 170 (흥덕동) 종합축산,손호순,경상북도 문경시,2026-03-13 16:04:00.0,,,,,,,,http://openapi.animal.go.kr/openapi/service/rest/fileDownloadSrvc/files/shelter/2026/02/202603131503677[1].jpg
447512202600303,20260312,모전매봉인근,[고양이] 한국 고양이,422400,고양이,000200,한국 고양이,검은색흰색황토색조합,2026(60일미만)(년생),1.2(Kg),경북-문경-2026-00080,20260312,20260312,http://openapi.animal.go.kr/openapi/service/rest/fileDownloadSrvc/files/shelter/2026/02/202603131503138[1].jpg,http://openapi.animal.go.kr/openapi/service/rest/fileDownloadSrvc/files/shelter/2026/02/202603131503344[1].jpg,종료(입양),F,N,2개월령 어미한테 유기된 새끼를 돌봐중,347512201700001,종합축산,054-552-2233,경상북도 문경시 중앙로 170 (흥덕동) 종합축산,손호순,경상북도 문경시,2026-03-13 16:03:12.0,,,,,,,,http://openapi.animal.go.kr/openapi/service/rest/fileDownloadSrvc/files/shelter/2026/02/202603131503474.jpg
429363202600056,20260312,광산구 운남동 280,[고양이] 한국 고양이,422400,고양이,000200,한국 고양이,흰색/검은색 얼룩무늬,2023(년생),2.4(Kg),광주-광산-2026-00056,20260312,20260312,http://openapi.animal.go.kr/openapi/service/rest/fileDownloadSrvc/files/shelter/2026/02/202603131403303.jpg,http://openapi.animal.go.kr/openapi/service/rest/fileDownloadSrvc/files/shelter/2026/02/202603131403375.jpg,보호중,M,N,26-6007 ,329363201300001,광주동물보호센터,062-613-6770,광주광역시 북구 본촌마을길 25-1 (본촌동) 광주동물보호센터,광주광역시장,광주광역시 광산구,2026-03-13 14:08:07.0,,,,,,,,
442430202600022,20260312,철원군 갈말읍 상사로,[개] 믹스견,417000,개,000114,믹스견,흰색&황갈색,2021(년생),4(Kg),강원-철원-2026-00020,20260312,20260312,http://openapi.animal.go.kr/openapi/service/rest/fileDownloadSrvc/files/shelter/2026/02/202603131303409.jpg,http://openapi.animal.go.kr/openapi/service/rest/fileDownloadSrvc/files/shelter/2026/02/202603131303425.jpg,보호중,F,Y,겁이 많으며 사람을 경계함,342430201900001,철원군,033-450-5394,강원도 철원군 동송읍 장흥로 311  ,김미경,강원특별자치도 철원군,2026-03-13 13:21:35.0,410160010754212,-,,,,,,
448546202600068,20260312,함양읍 인당 485번지,[개] 포메라니안,417000,개,000089,포메라니안,크림색,2024(년생),6(Kg),경남-함양-2026-00030,20260312,20260326,http://openapi.animal.go.kr/openapi/service/rest/fileDownloadSrvc/files/shelter/2026/02/20260312150344.jpg,http://openapi.animal.go.kr/openapi/service/rest/fileDownloadSrvc/files/shelter/2026/02/202603121503158.jpg,보호중,F,U,온순,348546200900001,함양군 동물보호센터,055-960-8143,경상남도 함양군 함양읍 함양남서로 996-76  농업기술센터 부지내,이영희,경상남도 함양군,2026-03-12 15:03:25.0,,,,,,,,
448546202600067,20260312,함양읍 백천리,[개] 믹스견,417000,개,000114,믹스견,금색&흰색,2023(년생),20(Kg),경남-함양-2026-00029,20260312,20260326,http://openapi.animal.go.kr/openapi/service/rest/fileDownloadSrvc/files/shelter/2026/02/202603121403535.jpeg,http://openapi.animal.go.kr/openapi/service/rest/fileDownloadSrvc/files/shelter/2026/02/202603121403663.jpeg,보호중,M,U,경계 매우 심함,348546200900001,함양군 동물보호센터,055-960-8143,경상남도 함양군 함양읍 함양남서로 996-76  농업기술센터 부지내,이영희,경상남도 함양군,2026-03-12 14:57:17.0,,,,,,,,
448541202600157,20260312,대합면 등지리,[개] 믹스견,417000,개,000114,믹스견,흰색,2025(년생),15(Kg),경남-창녕-2026-00095,20260312,20260323,http://openapi.animal.go.kr/openapi/service/rest/fileDownloadSrvc/files/shelter/2026/02/202603122103234.jpg,http://openapi.animal.go.kr/openapi/service/rest/fileDownloadSrvc/files/shelter/2026/02/202603122103849.jpg,보호중,M,N,진도믹스 추정,348541201300001,창녕 유기동물보호소,010-5488-5003,경상남도 창녕군 고암면 창밀로 335-26 (고암면) 고암면 억만리 28,황재균,경상남도 창녕군,2026-03-13 13:40:12.0,,,,,,,,
448541202600156,20260312,계성면 광계리,[고양이] 한국 고양이,422400,고양이,000200,한국 고양이,레몬색&흰색,2024(년생),3(Kg),경남-창녕-2026-00094,20260312,20260323,http://openapi.animal.go.kr/openapi/service/rest/fileDownloadSrvc/files/shelter/2026/02/202603122103430.jpg,http://openapi.animal.go.kr/openapi/service/rest/fileDownloadSrvc/files/shelter/2026/02/202603122103219.jpg,보호중,M,Y,다리상해,348541201300001,창녕 유기동물보호소,010-5488-5003,경상남도 창녕군 고암면 창밀로 335-26 (고암면) 고암면 억만리 28,황재균,경상남도 창녕군,2026-03-12 22:00:22.0,,,,,,,,
448537202600164,20260312,양정3길 21,[개] 믹스견,417000,개,000114,믹스견,주황&흰색,2022(년생),8(Kg),경남-거제-2026-00113,20260312,20260323,http://openapi.animal.go.kr/openapi/service/rest/fileDownloadSrvc/files/shelter/2026/02/202603121603463.jpg,http://openapi.animal.go.kr/openapi/service/rest/fileDownloadSrvc/files/shelter/2026/02/202603121603514[2].jpg,보호중,M,N,순함,348537200900002,거제시동물보호센터,055-639-6368,경상남도 거제시 사등면 두동로1길 107  거제시동물보호센터,거제시청,경상남도 거제시,2026-03-12 16:06:26.0,,,,,,,,
448537202600161,20260312,거제면 자이아파트 밑 닭농장,[개] 믹스견,417000,개,000114,믹스견,갈색,2023(년생),10(Kg),경남-거제-2026-00112,20260312,20260323,http://openapi.animal.go.kr/openapi/service/rest/fileDownloadSrvc/files/shelter/2026/02/202603131603343.jpg,http://openapi.animal.go.kr/openapi/service/rest/fileDownloadSrvc/files/shelter/2026/02/202603121303236.jpg,보호중,F,U,순함. 칩없음,348537200900002,거제시동물보호센터,055-639-6368,경상남도 거제시 사등면 두동로1길 107  거제시동물보호센터,거제시청,경상남도 거제시,2026-03-13 16:01:44.0,,,,,,,,
448536202600147,20260312,상남면,[개] 믹스견,417000,개,000114,믹스견,검정&은색,2024(년생),6(Kg),경남-밀양-2026-00147,20260312,20260323,http://openapi.animal.go.kr/openapi/service/rest/fileDownloadSrvc/files/shelter/2026/02/202603121503516.jpg,http://openapi.animal.go.kr/openapi/service/rest/fileDownloadSrvc/files/shelter/2026/02/202603121503565.jpg,종료(반환),F,N,"교통사고로 엉덩이-꼬리뼈 사이가 부러졌으나 3달정도 휴식하면 자연치유 소견, 매우순함",348536201800001,밀양시 동물보호센터,070-4113-7288,경상남도 밀양시 삼랑진읍 천태로 472 (삼랑진읍) ,밀양시청,경상남도 밀양시,2026-03-15 11:52:56.0,,,,,,,,
448534202600060,20260312,정동면 송보아파트 104동 앞,[개] 믹스견,417000,개,000114,믹스견,흰색,2023(년생),6(Kg),경남-사천-2026-00058,20260312,20260323,http://openapi.animal.go.kr/openapi/service/rest/fileDownloadSrvc/files/shelter/2026/02/202603120903587[1].jpg,http://openapi.animal.go.kr/openapi/service/rest/fileDownloadSrvc/files/shelter/2026/02/202603120903887.jpg,보호중,F,N,"사람 좋아하고, 산책 좋아함",348534202000001,사천시 동물보호센터,055-831-3768,경상남도 사천시 용현면 진삼로 902  사천시유기동물보호소,김성일,경상남도 사천시,2026-03-12 10:00:07.0,,,,,,,,
448531202600285,20260312,진주시 북장대로 26번길 6,[개] 말티즈,417000,개,000072,말티즈,흰색,2019(년생),3.9(Kg),경남-진주-2026-00059,20260312,20260323,http://openapi.animal.go.kr/openapi/service/rest/fileDownloadSrvc/files/shelter/2026/02/202603121603660.jpg,http://openapi.animal.go.kr/openapi/service/rest/fileDownloadSrvc/files/shelter/2026/02/202603121603681.jpg,보호중,M,N,사람을 좋아하지만 겁이 많음,348531201000001,진주시동물보호센터,055-749-6134,"경상남도 진주시 집현면 신당길207번길 22 (집현면, 지역농업개발시설) ",농업기술센터소장,경상남도 진주시,2026-03-12 16:24:27.0,,,,,,,,
448531202600284,20260312,진주시 정촌면 예하리 1115-1,[개] 믹스견,417000,개,000114,믹스견,갈색&검정,2026(60일미만)(년생),1.9(Kg),경남-진주-2026-00058,20260312,20260323,http://openapi.animal.go.kr/openapi/service/rest/fileDownloadSrvc/files/shelter/2026/02/202603121603726.jpg,http://openapi.animal.go.kr/openapi/service/rest/fileDownloadSrvc/files/shelter/2026/02/202603121603758.jpg,보호중,M,N,조용하고 착함,348531201000001,진주시동물보호센터,055-749-6134,"경상남도 진주시 집현면 신당길207번길 22 (집현면, 지역농업개발시설) ",농업기술센터소장,경상남도 진주시,2026-03-13 09:49:26.0,,,,,,,,
448531202600283,20260312,진주시 정촌면 예하리 1115-1,[개] 믹스견,417000,개,000114,믹스견,갈색&검정,2026(60일미만)(년생),2.9(Kg),경남-진주-2026-00057,20260312,20260323,http://openapi.animal.go.kr/openapi/service/rest/fileDownloadSrvc/files/shelter/2026/02/202603121603904.jpg,http://openapi.animal.go.kr/openapi/service/rest/fileDownloadSrvc/files/shelter/2026/02/202603121603924.jpg,보호중,M,N,조용하고 착함,348531201000001,진주시동물보호센터,055-749-6134,"경상남도 진주시 집현면 신당길207번길 22 (집현면, 지역농업개발시설) ",농업기술센터소장,경상남도 진주시,2026-03-12 16:17:15.0,,,,,,,,
448531202600282,20260312,진주시 정촌면 예하리 1115-1,[개] 믹스견,417000,개,000114,믹스견,크림색,2026(년생),4.3(Kg),경남-진주-2026-00056,20260312,20260323,http://openapi.animal.go.kr/openapi/service/rest/fileDownloadSrvc/files/shelter/2026/02/202603121603308.jpg,http://openapi.animal.go.kr/openapi/service/rest/fileDownloadSrvc/files/shelter/2026/02/202603121603328.jpg,보호중,F,N,순하고 사람좋아함,348531201000001,진주시동물보호센터,055-749-6134,"경상남도 진주시 집현면 신당길207번길 22 (집현면, 지역농업개발시설) ",농업기술센터소장,경상남도 진주시,2026-03-12 16:18:49.0,,,,,,,,
448531202600281,20260312,진주시 정촌면 예하리 1115-1,[개] 믹스견,417000,개,000114,믹스견,흰색,2026(년생),4.7(Kg),경남-진주-2026-00055,20260312,20260323,http://openapi.animal.go.kr/openapi/service/rest/fileDownloadSrvc/files/shelter/2026/02/202603121603521.jpg,http://openapi.animal.go.kr/openapi/service/rest/fileDownloadSrvc/files/shelter/2026/02/202603121603538.jpg,보호중,F,N,활동적이며 사람 좋아함,348531201000001,진주시동물보호센터,055-749-6134,"경상남도 진주시 집현면 신당길207번길 22 (집현면, 지역농업개발시설) ",농업기술센터소장,경상남도 진주시,2026-03-12 16:18:16.0,,,,,,,,
447519202600062,20260312,각남면 일곡리,[개] 믹스견,417000,개,000114,믹스견,갈색,2026(60일미만)(년생),1(Kg),경북-청도-2026-00062,20260312,20260323,http://openapi.animal.go.kr/openapi/service/rest/fileDownloadSrvc/files/shelter/2026/02/202603121003622[1].jpg,http://openapi.animal.go.kr/openapi/service/rest/fileDownloadSrvc/files/shelter/2026/02/202603121003695.jpg,보호중,F,U,귀여움,347519202100001,청도군동물보호센터,054-371-9267,경상북도 청도군 청도읍 중앙로 84-466  동물보호센터,청도군수,경상북도 청도군,2026-03-12 10:33:50.0,,,,,,,,
447519202600061,20260312,각남면 일곡리,[개] 믹스견,417000,개,000114,믹스견,갈색,2026(60일미만)(년생),1(Kg),경북-청도-2026-00061,20260312,20260323,http://openapi.animal.go.kr/openapi/service/rest/fileDownloadSrvc/files/shelter/2026/02/202603121003319.jpg,http://openapi.animal.go.kr/openapi/service/rest/fileDownloadSrvc/files/shelter/2026/02/202603121003364.jpg,보호중,F,U,귀여움,347519202100001,청도군동물보호센터,054-371-9267,경상북도 청도군 청도읍 중앙로 84-466  동물보호센터,청도군수,경상북도 청도군,2026-03-12 10:33:50.0,,,,,,,,
447519202600060,20260312,각남면 일곡리,[개] 믹스견,417000,개,000114,믹스견,갈색,2026(60일미만)(년생),1(Kg),경북-청도-2026-00060,20260312,20260323,http://openapi.animal.go.kr/openapi/service/rest/fileDownloadSrvc/files/shelter/2026/02/20260312100351.jpg,http://openapi.animal.go.kr/openapi/service/rest/fileDownloadSrvc/files/shelter/2026/02/20260312100378.jpg,보호중,M,U,귀여움,347519202100001,청도군동물보호센터,054-371-9267,경상북도 청도군 청도읍 중앙로 84-466  동물보호센터,청도군수,경상북도 청도군,2026-03-12 10:33:50.0,,,,,,,,
447513202600197,20260312,자인 울옥리,[개] 믹스견,417000,개,000114,믹스견,검정색,2026(년생),2.2(Kg),경북-경산-2026-00063,20260312,20260323,http://openapi.animal.go.kr/openapi/service/rest/fileDownloadSrvc/files/shelter/2026/02/202603121603392.jpg,http://openapi.animal.go.kr/openapi/service/rest/fileDownloadSrvc/files/shelter/2026/02/202603121603470.jpg,보호중,F,N,"생후 80일령 추정, 인근 농가에 들어와서 구조, 꼬리가 짧음, 동경이로 추정",347513201800003,경산시유기동물보호소,010-2536-0955,경상북도 경산시 용성면 사양지길 95 (용성면) ,박병용,경상북도 경산시,2026-03-12 16:38:22.0,,,,,,,,
447513202600196,20260312,자인 울옥리,[개] 믹스견,417000,개,000114,믹스견,검정색,2026(년생),2.5(Kg),경북-경산-2026-00062,20260312,20260323,http://openapi.animal.go.kr/openapi/service/rest/fileDownloadSrvc/files/shelter/2026/02/202603121603339[1].jpg,http://openapi.animal.go.kr/openapi/service/rest/fileDownloadSrvc/files/shelter/2026/02/202603121603213.jpg,보호중,F,N,"생후 80일령 추정, 인근 농가에 들어와서 구조, 꼬리가 짧음, 동경이로 추정",347513201800003,경산시유기동물보호소,010-2536-0955,경상북도 경산시 용성면 사양지길 95 (용성면) ,박병용,경상북도 경산시,2026-03-12 16:38:22.0,,,,,,,,
447513202600195,20260312,자인 울옥리,[개] 믹스견,417000,개,000114,믹스견,크림색,2025(년생),8(Kg),경북-경산-2026-00061,20260312,20260323,http://openapi.animal.go.kr/openapi/service/rest/fileDownloadSrvc/files/shelter/2026/02/202603121603371.jpg,http://openapi.animal.go.kr/openapi/service/rest/fileDownloadSrvc/files/shelter/2026/02/202603121603648.jpg,보호중,F,N,"인근 동네에서 발견하여 포획 구조, 입질있음",347513201800003,경산시유기동물보호소,010-2536-0955,경상북도 경산시 용성면 사양지길 95 (용성면) ,박병용,경상북도 경산시,2026-03-12 16:38:43.0,,,,,,,,
447513202600194,20260312,진량 내리리,[개] 믹스견,417000,개,000114,믹스견,크림색,2024(년생),13(Kg),경북-경산-2026-00060,20260312,20260323,http://openapi.animal.go.kr/openapi/service/rest/fileDownloadSrvc/files/shelter/2026/02/202603121603958.jpg,http://openapi.animal.go.kr/openapi/service/rest/fileDownloadSrvc/files/shelter/2026/02/202603121603118.jpg,보호중,F,N,"인근 동네에서 포획하여 구조, 입질 심함",347513201800003,경산시유기동물보호소,010-2536-0955,경상북도 경산시 용성면 사양지길 95 (용성면) ,박병용,경상북도 경산시,2026-03-12 16:38:21.0,,,,,,,,
447513202600193,20260312,진량 신상리,[개] 말티즈,417000,개,000072,말티즈,흰색,2023(년생),3.2(Kg),경북-경산-2026-00059,20260312,20260323,http://openapi.animal.go.kr/openapi/service/rest/fileDownloadSrvc/files/shelter/2026/02/202603121603303.jpg,http://openapi.animal.go.kr/openapi/service/rest/fileDownloadSrvc/files/shelter/2026/02/202603121603566.jpg,보호중,M,N,"인근 동네에서 발견하여 구조, 밖에 배회한지 오래되어 보임",347513201800003,경산시유기동물보호소,010-2536-0955,경상북도 경산시 용성면 사양지길 95 (용성면) ,박병용,경상북도 경산시,2026-03-12 16:38:21.0,,,,,,,,
447512202600284,20260312,문경소방서,[개] 믹스견,417000,개,000114,믹스견,검정색,2025(년생),5(Kg),경북-문경-2026-00075,20260312,20260319,http://openapi.animal.go.kr/openapi/service/rest/fileDownloadSrvc/files/shelter/2026/02/20260312160396.jpg,http://openapi.animal.go.kr/openapi/service/rest/fileDownloadSrvc/files/shelter/2026/02/202603121603136.jpg,종료(반환),F,N,"순하고 착함,목걸이 있으나  줄끊어짐",347512201700001,종합축산,054-552-2233,경상북도 문경시 중앙로 170 (흥덕동) 종합축산,손호순,경상북도 문경시,2026-03-13 16:57:11.0,,,,,,,,
447511202600216,20260312,낙동면 상촌 1길 일대,[개] 진도견,417000,개,000067,진도견,흑갈색,2025(년생),11.98(Kg),경북-상주-2026-00116,20260312,20260323,http://openapi.animal.go.kr/openapi/service/rest/fileDownloadSrvc/files/shelter/2026/02/202603121003369.jpg,http://openapi.animal.go.kr/openapi/service/rest/fileDownloadSrvc/files/shelter/2026/02/202603121003946.jpg,보호중,F,N,맨몸상태 매우 온순함 ,347511202000001,상주시 동물보호센터,010-6682-1198,경상북도 상주시 사벌국면 상풍로 124  ,이승훈,경상북도 상주시,2026-03-12 11:12:34.0,410097800606190,,,,,,,
447511202600215,20260312,상주시 화동면 보미리 일대,[개] 믹스견,417000,개,000114,믹스견,검정&흰색,2021(년생),14.54(Kg),경북-상주-2026-00117,20260312,20260323,http://openapi.animal.go.kr/openapi/service/rest/fileDownloadSrvc/files/shelter/2026/02/202603121003174.jpg,http://openapi.animal.go.kr/openapi/service/rest/fileDownloadSrvc/files/shelter/2026/02/202603121003322.jpg,보호중,F,N,"올무에 걸려있었음, 맨몸 상태, 매우 온순, 배 상처가 심해 치료 중",347511202000001,상주시 동물보호센터,010-6682-1198,경상북도 상주시 사벌국면 상풍로 124  ,이승훈,경상북도 상주시,2026-03-12 11:12:18.0,410097800606188,,,,,,,
447508202600230,20260312,해평119안전센터,[개] 말티푸,417000,개,000115,기타,갈색,2021(년생),2.3(Kg),경북-구미-2026-00082,20260312,20260323,http://openapi.animal.go.kr/openapi/service/rest/fileDownloadSrvc/files/shelter/2026/02/20260312140302.jpg,http://openapi.animal.go.kr/openapi/service/rest/fileDownloadSrvc/files/shelter/2026/02/20260312140361.jpg,보호중,M,N,목테착용 / 활발함 / 구충제 투여,347508202000001,구미시 동물보호센터,054-471-5718,경상북도 구미시 옥성면 선상동로 1358  애니멀 케어 센터,구미시장,경상북도 구미시,2026-03-12 16:55:12.0,,,,"파보,코로나,홍역",,,,
447505202600186,20260312,강동면 다산리 부근,[개] 믹스견,417000,개,000114,믹스견,흰색&황갈색,2023(년생),13.0(Kg),경북-경주-2026-00190,20260312,20260323,http://openapi.animal.go.kr/openapi/service/rest/fileDownloadSrvc/files/shelter/2026/02/202603121103490[1].jpg,http://openapi.animal.go.kr/openapi/service/rest/fileDownloadSrvc/files/shelter/2026/02/202603121103531[1].jpg,보호중,F,N,사람을 무서워하고 만지기 어려움. 개는 좋아함,347505201700001,경주동물사랑보호센터,010-8889-2883,경상북도 경주시 천북면 천북로 8-4  경주시 동물사랑보호센터,경주시장,경상북도 경주시,2026-03-12 11:30:08.0,,,,,,,,
447502202600153,20260312,경상북도 포항시 남구 동해면 인근 ,[개] 믹스견,417000,개,000114,믹스견,갈색&흰색,2023(년생),10(Kg),경북-포항-2026-00153,20260312,20260322,http://openapi.animal.go.kr/openapi/service/rest/fileDownloadSrvc/files/shelter/2026/02/202603121603408.jpg,http://openapi.animal.go.kr/openapi/service/rest/fileDownloadSrvc/files/shelter/2026/02/202603121603462.png,보호중,F,Y,"똘망똘망 귀여운 외모에 겁이 쪼끔 있어보이지만 금방 친해질수있을거 같음,숏다리 보유자",347502201600001,(사)영일동물플러스,054-262-8295,경상북도 포항시 북구 흥해읍 덕장길 224 (흥해읍) ,김태연,경상북도 포항시,2026-03-12 17:15:24.0,,,,,,,,
447502202600152,20260312,경상북도 포항시 북구 기계면 지가리 158,[개] 믹스견,417000,개,000114,믹스견,갈색&흰색,2026(년생),1.5(Kg),경북-포항-2026-00152,20260312,20260322,http://openapi.animal.go.kr/openapi/service/rest/fileDownloadSrvc/files/shelter/2026/02/202603121403950[1].jpg,http://openapi.animal.go.kr/openapi/service/rest/fileDownloadSrvc/files/shelter/2026/02/202603121403985.png,보호중,F,N,"2개월 추정,물빠진 갈색 털에 순둥순둥 귀여운 얼굴,표정에서도 드러나듯이 완전 겁쟁이",347502201600001,(사)영일동물플러스,054-262-8295,경상북도 포항시 북구 흥해읍 덕장길 224 (흥해읍) ,김태연,경상북도 포항시,2026-03-12 17:15:24.0,,,,,,,,
446496202600092,20260312,월야면 복용길 43-30,[개] 믹스견,417000,개,000114,믹스견,갈색&검정,2026(년생),2.00(Kg),전남-함평-2026-00092,20260312,20260326,http://openapi.animal.go.kr/openapi/service/rest/fileDownloadSrvc/files/shelter/2026/02/202603121703635.jpg,http://openapi.animal.go.kr/openapi/service/rest/fileDownloadSrvc/files/shelter/2026/02/202603121703676.jpg,보호중,F,U,피부병치료요함,346496201800001,학교임시동물보호센터,010-5649-3435,전라남도 함평군 학교면 송산길 84 (학교면) 월산리 806-1 ,문경만,전라남도 함평군,2026-03-12 17:07:17.0,,,,,,,,
446496202600091,20260312,월야면 복용길 43-30,[개] 믹스견,417000,개,000114,믹스견,흰색,2026(년생),2.00(Kg),전남-함평-2026-00091,20260312,20260326,http://openapi.animal.go.kr/openapi/service/rest/fileDownloadSrvc/files/shelter/2026/02/202603121703480.jpg,http://openapi.animal.go.kr/openapi/service/rest/fileDownloadSrvc/files/shelter/2026/02/202603121703431.jpg,보호중,F,U,경계심,346496201800001,학교임시동물보호센터,010-5649-3435,전라남도 함평군 학교면 송산길 84 (학교면) 월산리 806-1 ,문경만,전라남도 함평군,2026-03-12 17:00:55.0,,,,,,,,
446483202600288,20260312,나주시남평읍남평2로42-7행정복지센터,[개] 믹스견,417000,개,000114,믹스견,기타(갈흰검),2026(60일미만)(년생),1.5(Kg),전남-나주-2026-00288,20260312,20260323,http://openapi.animal.go.kr/openapi/service/rest/fileDownloadSrvc/files/shelter/2026/02/202603121803292.jpg,http://openapi.animal.go.kr/openapi/service/rest/fileDownloadSrvc/files/shelter/2026/02/202603121803749.jpg,보호중,M,N,행정복지센터에서구조 생후40일정도로보임,346483202100001,나주유기동물보호센터,010-2331-7377,전라남도 나주시 산포면 내기3길 71-43 [*미고시] ,조왕애,전라남도 나주시,2026-03-12 18:17:51.0,,,종합백신,,,,,
446483202600287,20260312,나주시남평읍남평2로42-7행정복지센터,[개] 믹스견,417000,개,000114,믹스견,기타(갈흰검),2026(60일미만)(년생),1.3(Kg),전남-나주-2026-00287,20260312,20260323,http://openapi.animal.go.kr/openapi/service/rest/fileDownloadSrvc/files/shelter/2026/02/202603121803654[1].jpg,http://openapi.animal.go.kr/openapi/service/rest/fileDownloadSrvc/files/shelter/2026/02/202603121803406.jpg,보호중,M,N,행정복지센터에서구조 생후40일정도로보임,346483202100001,나주유기동물보호센터,010-2331-7377,전라남도 나주시 산포면 내기3길 71-43 [*미고시] ,조왕애,전라남도 나주시,2026-03-12 18:17:51.0,,,종합백신,,,,,
446483202600286,20260312,나주시남평읍남평2로42-7행정복지센터,[개] 믹스견,417000,개,000114,믹스견,기타(갈흰검),2026(60일미만)(년생),1.5(Kg),전남-나주-2026-00286,20260312,20260323,http://openapi.animal.go.kr/openapi/service/rest/fileDownloadSrvc/files/shelter/2026/02/202603121803305.jpg,http://openapi.animal.go.kr/openapi/service/rest/fileDownloadSrvc/files/shelter/2026/02/202603121803814.jpg,보호중,M,N,행정복지센터에서구조 생후40일정도로보임,346483202100001,나주유기동물보호센터,010-2331-7377,전라남도 나주시 산포면 내기3길 71-43 [*미고시] ,조왕애,전라남도 나주시,2026-03-12 18:17:51.0,,,종합백신,,,,,
446483202600285,20260312,나주시남평읍남평2로42-7행정복지센터,[개] 믹스견,417000,개,000114,믹스견,기타(갈흰검),2026(60일미만)(년생),1.4(Kg),전남-나주-2026-00285,20260312,20260323,http://openapi.animal.go.kr/openapi/service/rest/fileDownloadSrvc/files/shelter/2026/02/202603121803911.jpg,http://openapi.animal.go.kr/openapi/service/rest/fileDownloadSrvc/files/shelter/2026/02/202603121803584.jpg,보호중,M,N,행정복지센터에서구조 생후40일정도로보임,346483202100001,나주유기동물보호센터,010-2331-7377,전라남도 나주시 산포면 내기3길 71-43 [*미고시] ,조왕애,전라남도 나주시,2026-03-12 18:17:51.0,,,종합백신,,,,,
446483202600284,20260312,나주시남평읍남평2로42-7행정복지센터,[개] 믹스견,417000,개,000114,믹스견,기타(갈흰검),2026(60일미만)(년생),1.4(Kg),전남-나주-2026-00284,20260312,20260323,http://openapi.animal.go.kr/openapi/service/rest/fileDownloadSrvc/files/shelter/2026/02/202603121803927.jpg,http://openapi.animal.go.kr/openapi/service/rest/fileDownloadSrvc/files/shelter/2026/02/202603121803332.jpg,보호중,F,N,행정복지센터에서구조 생후40일정도로보임,346483202100001,나주유기동물보호센터,010-2331-7377,전라남도 나주시 산포면 내기3길 71-43 [*미고시] ,조왕애,전라남도 나주시,2026-03-12 18:17:50.0,,,종합백신,,,,,
446483202600283,20260312,나주시남평읍남평2로42-7행정복지센터,[개] 믹스견,417000,개,000114,믹스견,기타(갈흰검),2026(60일미만)(년생),1.5(Kg),전남-나주-2026-00283,20260312,20260323,http://openapi.animal.go.kr/openapi/service/rest/fileDownloadSrvc/files/shelter/2026/02/202603121803535.jpg,http://openapi.animal.go.kr/openapi/service/rest/fileDownloadSrvc/files/shelter/2026/02/202603121803536[1].jpg,보호중,F,N,남평행정복지센터에서구조 생후40일정도로보임,346483202100001,나주유기동물보호센터,010-2331-7377,전라남도 나주시 산포면 내기3길 71-43 [*미고시] ,조왕애,전라남도 나주시,2026-03-12 18:17:50.0,,,종합백신,,,,,
446483202600282,20260312,나주시반남면풍동방두길26-7,[개] 믹스견,417000,개,000114,믹스견,흰색,2025(년생),7(Kg),전남-나주-2026-00282,20260312,20260323,http://openapi.animal.go.kr/openapi/service/rest/fileDownloadSrvc/files/shelter/2026/02/202603121803479.jpg,http://openapi.animal.go.kr/openapi/service/rest/fileDownloadSrvc/files/shelter/2026/02/202603121803378.jpg,보호중,F,N,빈집에서4마리가생활함 포획구조,346483202100001,나주유기동물보호센터,010-2331-7377,전라남도 나주시 산포면 내기3길 71-43 [*미고시] ,조왕애,전라남도 나주시,2026-03-12 18:17:50.0,,,,,,,,
446483202600281,20260312,나주시반남면풍동방두길26-7,[개] 믹스견,417000,개,000114,믹스견,기타(연갈색),2025(년생),6(Kg),전남-나주-2026-00281,20260312,20260323,http://openapi.animal.go.kr/openapi/service/rest/fileDownloadSrvc/files/shelter/2026/02/202603121703985[2].jpg,http://openapi.animal.go.kr/openapi/service/rest/fileDownloadSrvc/files/shelter/2026/02/202603121703368[2].jpg,보호중,F,N,빈집에서4마리생활함 포획구조,346483202100001,나주유기동물보호센터,010-2331-7377,전라남도 나주시 산포면 내기3길 71-43 [*미고시] ,조왕애,전라남도 나주시,2026-03-12 18:17:50.0,,,,,,,,
446483202600280,20260312,나주시반남면풍동방두길26-7,[개] 믹스견,417000,개,000114,믹스견,흰색,2025(년생),9(Kg),전남-나주-2026-00280,20260312,20260323,http://openapi.animal.go.kr/openapi/service/rest/fileDownloadSrvc/files/shelter/2026/02/202603121703731[1].jpg,http://openapi.animal.go.kr/openapi/service/rest/fileDownloadSrvc/files/shelter/2026/02/202603121703375.jpg,보호중,F,N,4마리가빈집에서생활함 포획구조,346483202100001,나주유기동물보호센터,010-2331-7377,전라남도 나주시 산포면 내기3길 71-43 [*미고시] ,조왕애,전라남도 나주시,2026-03-12 18:17:50.0,,,,,,,,
446483202600279,20260312,나주시반남면풍동방두길26-7,[개] 믹스견,417000,개,000114,믹스견,흰색,2025(년생),6(Kg),전남-나주-2026-00279,20260312,20260323,http://openapi.animal.go.kr/openapi/service/rest/fileDownloadSrvc/files/shelter/2026/02/20260312170371.jpg,http://openapi.animal.go.kr/openapi/service/rest/fileDownloadSrvc/files/shelter/2026/02/202603121703957[1].jpg,보호중,M,N,빈집에서4마리생활함 포획구조,346483202100001,나주유기동물보호센터,010-2331-7377,전라남도 나주시 산포면 내기3길 71-43 [*미고시] ,조왕애,전라남도 나주시,2026-03-12 18:17:49.0,,,,,,,,
446483202600278,20260312,나주시산포면덕례유촌길40-3,[개] 믹스견,417000,개,000114,믹스견,갈색&흰색,2021(년생),5(Kg),전남-나주-2026-00278,20260312,20260323,http://openapi.animal.go.kr/openapi/service/rest/fileDownloadSrvc/files/shelter/2026/02/202603121703145.jpg,http://openapi.animal.go.kr/openapi/service/rest/fileDownloadSrvc/files/shelter/2026/02/202603121703210[1].jpg,보호중,F,N,나주시청축산과민원,346483202100001,나주유기동물보호센터,010-2331-7377,전라남도 나주시 산포면 내기3길 71-43 [*미고시] ,조왕애,전라남도 나주시,2026-03-12 18:17:33.0,,,,,,,,
446483202600277,20260312,나주시봉황면용두길181-15축사,[개] 믹스견,417000,개,000114,믹스견,흰색,2024(년생),14(Kg),전남-나주-2026-00277,20260312,20260323,http://openapi.animal.go.kr/openapi/service/rest/fileDownloadSrvc/files/shelter/2026/02/202603121703301.jpg,http://openapi.animal.go.kr/openapi/service/rest/fileDownloadSrvc/files/shelter/2026/02/202603121703714[2].jpg,보호중,F,N,축사에2마리매일출몰 포획구조,346483202100001,나주유기동물보호센터,010-2331-7377,전라남도 나주시 산포면 내기3길 71-43 [*미고시] ,조왕애,전라남도 나주시,2026-03-12 18:17:33.0,,,,,,,,
446483202600276,20260312,나주시공산면용연길41-42,[고양이] 한국 고양이,422400,고양이,000200,한국 고양이,검은색흰색황토색조합,2022(년생),3.4(Kg),전남-나주-2026-00276,20260312,20260323,http://openapi.animal.go.kr/openapi/service/rest/fileDownloadSrvc/files/shelter/2026/02/202603121703476.jpg,http://openapi.animal.go.kr/openapi/service/rest/fileDownloadSrvc/files/shelter/2026/02/202603121703520.jpg,보호중,M,N,탈진증세보임 치료요함,346483202100001,나주유기동물보호센터,010-2331-7377,전라남도 나주시 산포면 내기3길 71-43 [*미고시] ,조왕애,전라남도 나주시,2026-03-12 18:17:32.0,,,,,,,,
446482202600074,20260312,상사면 노동길5,[개] 믹스견,417000,개,000114,믹스견,갈색&흰색,2026(60일미만)(년생),0.8(Kg),전남-순천-2026-00073,20260312,20260323,http://openapi.animal.go.kr/openapi/service/rest/fileDownloadSrvc/files/shelter/2026/02/202603121703386.jpg,http://openapi.animal.go.kr/openapi/service/rest/fileDownloadSrvc/files/shelter/2026/02/202603121703428.jpg,종료(반환),M,N,"1개월, 접종(종합백신,코로나장염,스팟라인)",346482201600003,순천시유기동물보호소,061-749-3094,"전라남도 순천시 승주읍 승주로 628 (승주읍, 농업기술센터) 순천시유기동물보호소",순천시 동물자원과,전라남도 순천시,2026-03-12 17:34:18.0,,,"종합백신,코로나",,,,,
446482202600073,20260312,상사면 노동길4,[개] 믹스견,417000,개,000114,믹스견,흰색,2026(60일미만)(년생),0.8(Kg),전남-순천-2026-00072,20260312,20260323,http://openapi.animal.go.kr/openapi/service/rest/fileDownloadSrvc/files/shelter/2026/02/202603121603880.jpg,http://openapi.animal.go.kr/openapi/service/rest/fileDownloadSrvc/files/shelter/2026/02/202603121603946.jpg,보호중,M,N,"1개월, 접종(스팟라인),공공진료소에서 보호중",346482201600003,순천시유기동물보호소,061-749-3094,"전라남도 순천시 승주읍 승주로 628 (승주읍, 농업기술센터) 순천시유기동물보호소",순천시 동물자원과,전라남도 순천시,2026-03-12 16:38:06.0,410160012613807,,,,,,,
446482202600072,20260312,상사면 노동길3,[개] 믹스견,417000,개,000114,믹스견,흰색,2026(60일미만)(년생),0.8(Kg),전남-순천-2026-00071,20260312,20260323,http://openapi.animal.go.kr/openapi/service/rest/fileDownloadSrvc/files/shelter/2026/02/202603121603656[1].jpg,http://openapi.animal.go.kr/openapi/service/rest/fileDownloadSrvc/files/shelter/2026/02/202603121603701.jpg,보호중,F,N,"1개월, 접종(스팟라인),공공진료소에서 보호중",346482201600003,순천시유기동물보호소,061-749-3094,"전라남도 순천시 승주읍 승주로 628 (승주읍, 농업기술센터) 순천시유기동물보호소",순천시 동물자원과,전라남도 순천시,2026-03-12 16:34:34.0,410160012613810,,,,,,,
446482202600071,20260312,상사면 노동길2,[개] 믹스견,417000,개,000114,믹스견,검정&흰색,2026(60일미만)(년생),0.8(Kg),전남-순천-2026-00070,20260312,20260323,http://openapi.animal.go.kr/openapi/service/rest/fileDownloadSrvc/files/shelter/2026/02/202603121603889.jpg,http://openapi.animal.go.kr/openapi/service/rest/fileDownloadSrvc/files/shelter/2026/02/202603121603926.jpg,보호중,M,N,"1개월, 접종(스팟라인),공공진료소에서 보호중",346482201600003,순천시유기동물보호소,061-749-3094,"전라남도 순천시 승주읍 승주로 628 (승주읍, 농업기술센터) 순천시유기동물보호소",순천시 동물자원과,전라남도 순천시,2026-03-12 16:30:52.0,410160012613809,,,,,,,
446482202600070,20260312,상사면 노동길1,[개] 믹스견,417000,개,000114,믹스견,흰색,2026(60일미만)(년생),0.8(Kg),전남-순천-2026-00069,20260312,20260323,http://openapi.animal.go.kr/openapi/service/rest/fileDownloadSrvc/files/shelter/2026/02/20260312160375.jpg,http://openapi.animal.go.kr/openapi/service/rest/fileDownloadSrvc/files/shelter/2026/02/202603121603113.jpg,보호중,F,N,"1개월, 접종(스팟라인),공공진료소에서 보호중",346482201600003,순천시유기동물보호소,061-749-3094,"전라남도 순천시 승주읍 승주로 628 (승주읍, 농업기술센터) 순천시유기동물보호소",순천시 동물자원과,전라남도 순천시,2026-03-12 16:26:01.0,410160012613808,,,,,,,
446482202600069,20260312,장평2길3,[개] 믹스견,417000,개,000114,믹스견,흰색,2026(년생),1.9(Kg),전남-순천-2026-00068,20260312,20260323,http://openapi.animal.go.kr/openapi/service/rest/fileDownloadSrvc/files/shelter/2026/02/202603121503900.jpg,http://openapi.animal.go.kr/openapi/service/rest/fileDownloadSrvc/files/shelter/2026/02/202603121503608[1].jpg,보호중,F,N,"3개월, 접종(종합백신/코로나장염/광견병/셀렉션/스팟라인)",346482201600003,순천시유기동물보호소,061-749-3094,"전라남도 순천시 승주읍 승주로 628 (승주읍, 농업기술센터) 순천시유기동물보호소",순천시 동물자원과,전라남도 순천시,2026-03-12 15:27:27.0,410160012613040,,"광견병,종합백신,코로나",,,,,
446482202600068,20260312,장평2길2,[개] 믹스견,417000,개,000114,믹스견,흰색,2026(년생),1.95(Kg),전남-순천-2026-00067,20260312,20260323,http://openapi.animal.go.kr/openapi/service/rest/fileDownloadSrvc/files/shelter/2026/02/202603121503299.jpg,http://openapi.animal.go.kr/openapi/service/rest/fileDownloadSrvc/files/shelter/2026/02/202603121503863.jpg,보호중,M,N,"3개월, 접종(종합백신/코로나장염/광견병/셀렉션/스팟라인)",346482201600003,순천시유기동물보호소,061-749-3094,"전라남도 순천시 승주읍 승주로 628 (승주읍, 농업기술센터) 순천시유기동물보호소",순천시 동물자원과,전라남도 순천시,2026-03-12 15:24:10.0,410160012613804,,"광견병,종합백신,코로나",,,,,
446482202600067,20260312,장평2길1,[개] 믹스견,417000,개,000114,믹스견,흰색,2026(년생),2.3(Kg),전남-순천-2026-00066,20260312,20260323,http://openapi.animal.go.kr/openapi/service/rest/fileDownloadSrvc/files/shelter/2026/02/202603121503210[1].jpg,http://openapi.animal.go.kr/openapi/service/rest/fileDownloadSrvc/files/shelter/2026/02/202603121503892[1].jpg,보호중,F,N,"3개월, 접종(종합백신/코로나장염/광견병/셀렉션/스팟라인)",346482201600003,순천시유기동물보호소,061-749-3094,"전라남도 순천시 승주읍 승주로 628 (승주읍, 농업기술센터) 순천시유기동물보호소",순천시 동물자원과,전라남도 순천시,2026-03-12 15:20:28.0,410160012613039,,"광견병,종합백신,코로나",,,,,
446481202600185,20260312,돌산 지장대사,[개] 믹스견,417000,개,000114,믹스견,크림색,2020(년생),4.4(Kg),전남-여수-2026-00080,20260312,20260323,http://openapi.animal.go.kr/openapi/service/rest/fileDownloadSrvc/files/shelter/2026/02/202603121603490.jpeg,http://openapi.animal.go.kr/openapi/service/rest/fileDownloadSrvc/files/shelter/2026/02/202603121603553.jpeg,보호중,F,U,온순함 / 구충제 투여 및 진드기약 도포,346481200900001,반려동물보호센터,061-659-2474,전라남도 여수시 여수산단로 292-62 (평여동) 반려동물보호센터,여수시청,전라남도 여수시,2026-03-12 17:58:12.0,,,,,,,,
446481202600181,20260312,충무동 라스베가스 모텔 인근,[개] 치와와,417000,개,000032,치와와,검정&흰색,2025(년생),2.5(Kg),전남-여수-2026-00079,20260312,20260323,http://openapi.animal.go.kr/openapi/service/rest/fileDownloadSrvc/files/shelter/2026/02/202603121303840.jpeg,http://openapi.animal.go.kr/openapi/service/rest/fileDownloadSrvc/files/shelter/2026/02/20260312130394.jpeg,보호중,F,U,구조당시 녹색목띠+쇠고리형 목줄 착용상태 / 온순함 / 구충제 투여,346481200900001,반려동물보호센터,061-659-2474,전라남도 여수시 여수산단로 292-62 (평여동) 반려동물보호센터,여수시청,전라남도 여수시,2026-03-12 17:20:01.0,,,,,,,,
446480202600168,20260312,해양연수원,[개] 믹스견,417000,개,000114,믹스견,흰색,2026(60일미만)(년생),1.4(Kg),전남-목포-2026-00104,20260312,20260323,http://openapi.animal.go.kr/openapi/service/rest/fileDownloadSrvc/files/shelter/2026/02/202603122103130.jpg,http://openapi.animal.go.kr/openapi/service/rest/fileDownloadSrvc/files/shelter/2026/02/202603122103429.jpg,보호중,M,N,어미없이 발견된 자견,346480201000001,목포시유기동물보호소,010-9678-9966,전라남도 무안군 삼향읍 석매길 36  ,김성진,전라남도 목포시,2026-03-12 21:38:09.0,,,,,,,,
446480202600167,20260312,해양연수원,[개] 믹스견,417000,개,000114,믹스견,흰색,2026(60일미만)(년생),1.2(Kg),전남-목포-2026-00103,20260312,20260323,http://openapi.animal.go.kr/openapi/service/rest/fileDownloadSrvc/files/shelter/2026/02/202603122103249.jpg,http://openapi.animal.go.kr/openapi/service/rest/fileDownloadSrvc/files/shelter/2026/02/202603122103588.jpg,보호중,F,N,어미없이 발견된 자견,346480201000001,목포시유기동물보호소,010-9678-9966,전라남도 무안군 삼향읍 석매길 36  ,김성진,전라남도 목포시,2026-03-12 21:38:09.0,,,,,,,,
446480202600166,20260312,해양연수원,[개] 믹스견,417000,개,000114,믹스견,흰색,2026(60일미만)(년생),1.2(Kg),전남-목포-2026-00102,20260312,20260323,http://openapi.animal.go.kr/openapi/service/rest/fileDownloadSrvc/files/shelter/2026/02/202603122103639.jpg,http://openapi.animal.go.kr/openapi/service/rest/fileDownloadSrvc/files/shelter/2026/02/202603122103144.jpg,보호중,F,N,어미없이 발견된 자견,346480201000001,목포시유기동물보호소,010-9678-9966,전라남도 무안군 삼향읍 석매길 36  ,김성진,전라남도 목포시,2026-03-12 21:38:09.0,,,,,,,,
445479202600190,20260312, 부안읍 연곡로 101,[개] 믹스견,417000,개,000114,믹스견,크림색,2026(년생),2.5~3(Kg),전북-부안-2026-00160,20260312,20260327,http://openapi.animal.go.kr/openapi/service/rest/fileDownloadSrvc/files/shelter/2026/02/202603121303286.jpg,http://openapi.animal.go.kr/openapi/service/rest/fileDownloadSrvc/files/shelter/2026/02/202603121303372.jpg,보호중,F,N,새끼 강아지.,345479202100001,부안군 동물보호센터,063-580-4445,전북특별자치도 부안군 주산면 주산로 369  부안군 동물보호센터,김동환,전북특별자치도 부안군,2026-03-12 13:42:38.0,,,,,,,,
445479202600189,20260312, 부안읍 연곡로 101,[개] 믹스견,417000,개,000114,믹스견,갈색,2026(년생),2.5~3(Kg),전북-부안-2026-00159,20260312,20260327,http://openapi.animal.go.kr/openapi/service/rest/fileDownloadSrvc/files/shelter/2026/02/202603121303481.jpg,http://openapi.animal.go.kr/openapi/service/rest/fileDownloadSrvc/files/shelter/2026/02/202603121303528.jpg,보호중,F,N,새끼 강아지.,345479202100001,부안군 동물보호센터,063-580-4445,전북특별자치도 부안군 주산면 주산로 369  부안군 동물보호센터,김동환,전북특별자치도 부안군,2026-03-12 13:42:22.0,,,,,,,,
445479202600188,20260312, 부안읍 연곡로 101,[개] 믹스견,417000,개,000114,믹스견,크림색,2026(년생),2.5~3(Kg),전북-부안-2026-00158,20260312,20260327,http://openapi.animal.go.kr/openapi/service/rest/fileDownloadSrvc/files/shelter/2026/02/20260312130386.jpg,http://openapi.animal.go.kr/openapi/service/rest/fileDownloadSrvc/files/shelter/2026/02/202603121303129[1].jpg,보호중,M,N,새끼 강아지.,345479202100001,부안군 동물보호센터,063-580-4445,전북특별자치도 부안군 주산면 주산로 369  부안군 동물보호센터,김동환,전북특별자치도 부안군,2026-03-12 13:42:08.0,,,,,,,,
445479202600187,20260312, 부안읍 연곡로 101,[개] 믹스견,417000,개,000114,믹스견,크림색,2026(년생),2.5~3(Kg),전북-부안-2026-00157,20260312,20260327,http://openapi.animal.go.kr/openapi/service/rest/fileDownloadSrvc/files/shelter/2026/02/202603121303705.jpg,http://openapi.animal.go.kr/openapi/service/rest/fileDownloadSrvc/files/shelter/2026/02/202603121303746.jpg,보호중,M,N,새끼 강아지.,345479202100001,부안군 동물보호센터,063-580-4445,전북특별자치도 부안군 주산면 주산로 369  부안군 동물보호센터,김동환,전북특별자치도 부안군,2026-03-12 13:41:51.0,,,,,,,,
445471202600063,20260312,만경읍,[개] 믹스견,417000,개,000114,믹스견,갈색&검정,2026(60일미만)(년생),2(Kg),전북-김제-2026-00063,20260312,20260327,http://openapi.animal.go.kr/openapi/service/rest/fileDownloadSrvc/files/shelter/2026/02/202603120903103.jpg,http://openapi.animal.go.kr/openapi/service/rest/fileDownloadSrvc/files/shelter/2026/02/202603120903207.jpg,보호중,M,N,순하다,345471201800002,전북말산업복합센터,063-547-3549,전라북도 김제시 용지면 금백로 571-39 (용지면) 전북말산업복합센터,조희천,전북특별자치도 김제시,2026-03-12 10:39:26.0,,,,,,,,
445470202600306,20260312,금지면,[개] 믹스견,417000,개,000114,믹스견,기타(믹스),2026(60일미만)(년생),1.2(Kg),전북-남원-2026-00130,20260312,20260323,http://openapi.animal.go.kr/openapi/service/rest/fileDownloadSrvc/files/shelter/2026/02/202603121803878.jpg,http://openapi.animal.go.kr/openapi/service/rest/fileDownloadSrvc/files/shelter/2026/02/202603121803953[1].jpg,보호중,M,N,새끼 강아지여서 그런지 아주 귀엽습니다. 많은 관심 부탁 드립니다.,345470201300002,하나동물병원,063-634-7582,전북특별자치도 남원시 왕정동 67 ,김승권,전북특별자치도 남원시,2026-03-12 18:09:06.0,,,,,,조용한 성격으로 보입니다. 새 주인을 찾습니다. 많은 관심 바랍니다.,건강상 큰 문제는 없어 보입니다. 입양이 될 수 있도록 관심 부탁 드립니다.,
445470202600300,20260312,동충동,[개] 비숑 프리제,417000,개,000018,비숑 프리제,흰색,2025(년생),4.9(Kg),전북-남원-2026-00129,20260312,20260323,http://openapi.animal.go.kr/openapi/service/rest/fileDownloadSrvc/files/shelter/2026/02/20260312130363.jpg,http://openapi.animal.go.kr/openapi/service/rest/fileDownloadSrvc/files/shelter/2026/02/20260312130388[1].jpg,보호중,F,N,사육포기,345470200900001,청원동물병원,063-633-3533,전북특별자치도 남원시 죽항동 278번지,신길호,전북특별자치도 남원시,2026-03-12 13:50:17.0,,,,,,,,
445468202600328,20260312,익산시 신기1길 18 다솜유치원,[개] 믹스견,417000,개,000114,믹스견,갈색&흰색,2024(년생),9(Kg),전북-익산-2026-00263,20260312,20260323,http://openapi.animal.go.kr/openapi/service/rest/fileDownloadSrvc/files/shelter/2026/02/202603121703706.jpg,http://openapi.animal.go.kr/openapi/service/rest/fileDownloadSrvc/files/shelter/2026/02/202603121703727.jpg,보호중,F,N,발발이 믹스견이며 사나운편,345468201200001,익산유기동물보호소,063-855-1214,전북특별자치도 익산시 삼기면 황금로 342-17  ,임종현,전북특별자치도 익산시,2026-03-12 17:48:11.0,,,,,,,,
445467202600227,20260312,성산면 오성로 325-16,[개] 믹스견,417000,개,000114,믹스견,갈색&흰색,2023(년생),6(Kg),전북-군산-2026-00126,20260312,20260327,http://openapi.animal.go.kr/openapi/service/rest/fileDownloadSrvc/files/shelter/2026/02/202603121503521[1].jpg,http://openapi.animal.go.kr/openapi/service/rest/fileDownloadSrvc/files/shelter/2026/02/202603121503553.jpg,보호중,F,N,3살추정 순함,345467201000001,군산유기동물보호센터,063-451-2975,전북특별자치도 군산시 대야면 보덕안정길 124  ,이강노,전북특별자치도 군산시,2026-03-12 15:39:49.0,,,,,,,,
444568202600117,20260312,당진시 대호지면 대호들길 166 인근 도로,[개] 말티즈,417000,개,000072,말티즈,흰색,2018(년생),2.40(Kg),충남-당진-2026-00117,20260312,20260323,http://openapi.animal.go.kr/openapi/service/rest/fileDownloadSrvc/files/shelter/2026/02/202603121603527.jpg,http://openapi.animal.go.kr/openapi/service/rest/fileDownloadSrvc/files/shelter/2026/02/202603121603577.jpg,종료(반환),F,U,"순함. 광견병, 종합백신 완료 (03/12)",344568201700001,당진시동물보호소,041-356-8210,충청남도 당진시 고대면 삼포길 180  ,당진시장,충청남도 당진시,2026-03-13 15:27:08.0,,,"광견병,종합백신",,,,,
444568202600116,20260312,당진시 면천면 송학리 532,[개] 믹스견,417000,개,000114,믹스견,갈색&검정&흰색,2024(년생),4.20(Kg),충남-당진-2026-00116,20260312,20260323,http://openapi.animal.go.kr/openapi/service/rest/fileDownloadSrvc/files/shelter/2026/02/202603121403763[3].jpg,http://openapi.animal.go.kr/openapi/service/rest/fileDownloadSrvc/files/shelter/2026/02/202603121403815.jpg,보호중,F,U,"겁이 많음. 파란색 목줄 착용. 광견병, 종합백신 완료(03/12)",344568201700001,당진시동물보호소,041-356-8210,충청남도 당진시 고대면 삼포길 180  ,당진시장,충청남도 당진시,2026-03-12 15:18:36.0,,,"광견병,종합백신",,,,,
444453202600257,20260312,안견로 91 동아더프라임 아파트 인근,[개] 말티즈,417000,개,000072,말티즈,흰색,2026(년생),2.9(Kg),충남-서산-2026-00110,20260312,20260323,http://openapi.animal.go.kr/openapi/service/rest/fileDownloadSrvc/files/shelter/2026/02/202603122003261.jpg,http://openapi.animal.go.kr/openapi/service/rest/fileDownloadSrvc/files/shelter/2026/02/202603122003538.jpg,보호중,F,U,"매우 순함, 입소 당시 3개월령 추정",344453202100003,서산시 동물보호센터,041-660-2040,충청남도 서산시 인지면 무학재1길 99  ,서산시농업기술센터,충청남도 서산시,2026-03-12 20:15:33.0,,,,,,,,
444453202600256,20260312,안견로 91 동아더프라임 아파트 인근,[개] 말티즈,417000,개,000072,말티즈,흰색,2024(년생),3.8(Kg),충남-서산-2026-00109,20260312,20260323,http://openapi.animal.go.kr/openapi/service/rest/fileDownloadSrvc/files/shelter/2026/02/20260312200396.jpg,http://openapi.animal.go.kr/openapi/service/rest/fileDownloadSrvc/files/shelter/2026/02/202603122003891.jpg,보호중,M,U,"매우 순함, 목줄 착용",344453202100003,서산시 동물보호센터,041-660-2040,충청남도 서산시 인지면 무학재1길 99  ,서산시농업기술센터,충청남도 서산시,2026-03-17 12:15:03.0,,,,,,,,
444453202600255,20260312,성연면 성연5로 46 골드클래스 부근,[개] 진도견,417000,개,000067,진도견,흰색,2023(년생),20.7(Kg),충남-서산-2026-00108,20260312,20260323,http://openapi.animal.go.kr/openapi/service/rest/fileDownloadSrvc/files/shelter/2026/02/202603122003472.jpg,http://openapi.animal.go.kr/openapi/service/rest/fileDownloadSrvc/files/shelter/2026/02/202603122003878.jpg,종료(반환),F,Y,"순함, 약간 겁 많음, 목줄 착용",344453202100003,서산시 동물보호센터,041-660-2040,충청남도 서산시 인지면 무학재1길 99  ,서산시농업기술센터,충청남도 서산시,2026-03-13 11:25:06.0,410097800497213,-,,,,,,
444453202600254,20260312,성연면 성연3로 133-25 가나스틸공장,[개] 믹스견,417000,개,000114,믹스견,흰색,2026(년생),6(Kg),충남-서산-2026-00107,20260312,20260323,http://openapi.animal.go.kr/openapi/service/rest/fileDownloadSrvc/files/shelter/2026/02/202603121903627.jpg,http://openapi.animal.go.kr/openapi/service/rest/fileDownloadSrvc/files/shelter/2026/02/202603121903372.jpg,보호중,F,N,"약간 경계, 입소 당시 4개월령 추정",344453202100003,서산시 동물보호센터,041-660-2040,충청남도 서산시 인지면 무학재1길 99  ,서산시농업기술센터,충청남도 서산시,2026-03-12 20:15:09.0,,,,,,,,
444453202600253,20260312,성연면 성연3로 133-25 가나스틸공장,[개] 믹스견,417000,개,000114,믹스견,흰색,2026(년생),5(Kg),충남-서산-2026-00106,20260312,20260323,http://openapi.animal.go.kr/openapi/service/rest/fileDownloadSrvc/files/shelter/2026/02/202603121903740.jpg,http://openapi.animal.go.kr/openapi/service/rest/fileDownloadSrvc/files/shelter/2026/02/202603121903244.jpg,보호중,F,N,"약간 경계, 입소 당시 4개월령 추정",344453202100003,서산시 동물보호센터,041-660-2040,충청남도 서산시 인지면 무학재1길 99  ,서산시농업기술센터,충청남도 서산시,2026-03-12 20:14:58.0,,,,,,,,
444453202600252,20260312,성연면 성연3로 133-25 가나스틸공장,[개] 믹스견,417000,개,000114,믹스견,검정색,2026(년생),4.82(Kg),충남-서산-2026-00105,20260312,20260323,http://openapi.animal.go.kr/openapi/service/rest/fileDownloadSrvc/files/shelter/2026/02/202603121703581.jpg,http://openapi.animal.go.kr/openapi/service/rest/fileDownloadSrvc/files/shelter/2026/02/202603121703862.jpg,보호중,F,N,"약간 경계, 입소 당시 4개월령 추정",344453202100003,서산시 동물보호센터,041-660-2040,충청남도 서산시 인지면 무학재1길 99  ,서산시농업기술센터,충청남도 서산시,2026-03-12 17:10:02.0,,,,,,,,
444453202600251,20260312,성연면 성연3로 133-25 가나스틸공장,[개] 믹스견,417000,개,000114,믹스견,검정색,2026(60일미만)(년생),4(Kg),충남-서산-2026-00104,20260312,20260323,http://openapi.animal.go.kr/openapi/service/rest/fileDownloadSrvc/files/shelter/2026/02/202603121703288.jpg,http://openapi.animal.go.kr/openapi/service/rest/fileDownloadSrvc/files/shelter/2026/02/202603121703844.jpg,보호중,M,N,"약간 경계, 입소 당시 4개월령 추정",344453202100003,서산시 동물보호센터,041-660-2040,충청남도 서산시 인지면 무학재1길 99  ,서산시농업기술센터,충청남도 서산시,2026-03-12 17:09:56.0,,,,,,,,
444453202600250,20260312,성연면 성연3로 133-25 가나스틸공장,[개] 믹스견,417000,개,000114,믹스견,흰색,2026(년생),5.7(Kg),충남-서산-2026-00103,20260312,20260323,http://openapi.animal.go.kr/openapi/service/rest/fileDownloadSrvc/files/shelter/2026/02/202603121703197.jpg,http://openapi.animal.go.kr/openapi/service/rest/fileDownloadSrvc/files/shelter/2026/02/202603121703840.jpg,보호중,F,N,"약간 경계, 입소 당시 4개월령 추정",344453202100003,서산시 동물보호센터,041-660-2040,충청남도 서산시 인지면 무학재1길 99  ,서산시농업기술센터,충청남도 서산시,2026-03-12 17:09:42.0,,,,,,,,
444453202600249,20260312,성연면 성연3로 133-25 가나스틸공장,[개] 믹스견,417000,개,000114,믹스견,흰색,2026(60일미만)(년생),5.8(Kg),충남-서산-2026-00102,20260312,20260323,http://openapi.animal.go.kr/openapi/service/rest/fileDownloadSrvc/files/shelter/2026/02/202603121703889.jpg,http://openapi.animal.go.kr/openapi/service/rest/fileDownloadSrvc/files/shelter/2026/02/202603121703972.jpg,보호중,M,N,"약간 경계, 입소 당시 4개월령 추정",344453202100003,서산시 동물보호센터,041-660-2040,충청남도 서산시 인지면 무학재1길 99  ,서산시농업기술센터,충청남도 서산시,2026-03-12 17:09:35.0,,,,,,,,
444453202600248,20260312,성연면 성연3로 133-25 가나스틸공장,[개] 믹스견,417000,개,000114,믹스견,흰색,2026(년생),4.76(Kg),충남-서산-2026-00101,20260312,20260323,http://openapi.animal.go.kr/openapi/service/rest/fileDownloadSrvc/files/shelter/2026/02/202603121703239.jpg,http://openapi.animal.go.kr/openapi/service/rest/fileDownloadSrvc/files/shelter/2026/02/202603121703764.jpg,보호중,M,N,"약간 경계, 입소 당시 4개월령 추정",344453202100003,서산시 동물보호센터,041-660-2040,충청남도 서산시 인지면 무학재1길 99  ,서산시농업기술센터,충청남도 서산시,2026-03-12 17:09:25.0,,,,,,,,
444453202600247,20260312,팔봉면 범머리길 호리 버스정류장 부근,[개] 진도견,417000,개,000067,진도견,흰색,2024(년생),17(Kg),충남-서산-2026-00100,20260312,20260323,http://openapi.animal.go.kr/openapi/service/rest/fileDownloadSrvc/files/shelter/2026/02/202603121603487.jpg,http://openapi.animal.go.kr/openapi/service/rest/fileDownloadSrvc/files/shelter/2026/02/20260312160363[1].jpg,보호중,F,N,"매우 순함, 우측 후지 부상",344453202100003,서산시 동물보호센터,041-660-2040,충청남도 서산시 인지면 무학재1길 99  ,서산시농업기술센터,충청남도 서산시,2026-03-12 17:09:15.0,,,,,,,,
444451202600191,20260312,천북면 학성염전길 116-1,[개] 믹스견,417000,개,000114,믹스견,갈색&검정,2022(년생),7(Kg),충남-보령-2026-00061,20260312,20260323,http://openapi.animal.go.kr/openapi/service/rest/fileDownloadSrvc/files/shelter/2026/02/202603121103649.jpg,http://openapi.animal.go.kr/openapi/service/rest/fileDownloadSrvc/files/shelter/2026/02/202603121103107[1].jpg,보호중,M,N,.,344451201300001,보령시유기동물보호소,010-5427-7210,충청남도 보령시 대천방조제로 322 (대천동) 보령시시설관리공단 내 좌측 생태공원2,장경무,충청남도 보령시,2026-03-12 11:29:44.0,,,,,,,,
444451202600190,20260312,보령시 녹문3길 7 ,[개] 말티즈,417000,개,000072,말티즈,흰색,2025(년생),1.2(Kg),충남-보령-2026-00060,20260312,20260323,http://openapi.animal.go.kr/openapi/service/rest/fileDownloadSrvc/files/shelter/2026/02/20260312110325[1].jpg,http://openapi.animal.go.kr/openapi/service/rest/fileDownloadSrvc/files/shelter/2026/02/202603121103516[1].jpg,보호중,M,N,.,344451201300001,보령시유기동물보호소,010-5427-7210,충청남도 보령시 대천방조제로 322 (대천동) 보령시시설관리공단 내 좌측 생태공원2,장경무,충청남도 보령시,2026-03-12 11:24:51.0,,,,,,,,
444449202600327,20260312,동남구 천안 삼거리공원,[개] 푸들,417000,개,000128,푸들,크림색,2024(년생),3.8(Kg),충남-천안-2026-00079,20260312,20260323,http://openapi.animal.go.kr/openapi/service/rest/fileDownloadSrvc/files/shelter/2026/02/202603121303719.jpg,http://openapi.animal.go.kr/openapi/service/rest/fileDownloadSrvc/files/shelter/2026/02/202603121303473.jpg,보호중,M,Y,"순함, 좌측 대퇴골 골절",344449202100001,천안시 동물보호센터,010-5913-5119,"충청남도 천안시 동남구 목천읍 충절로 577  문의전화 : 입양(010-5913-5119), 구조(010-4999-6119)",천안시장,충청남도 천안시,2026-03-12 13:37:40.0,,,,사상충,,,,
443571202600144,20260312,복대동 2009 세원아파트 인근,[개] 푸들,417000,개,000128,푸들,검정색,2019(년생),5.8(Kg),충북-청주-2026-00144,20260312,20260323,http://openapi.animal.go.kr/openapi/service/rest/fileDownloadSrvc/files/shelter/2026/02/202603121703806.jpg,http://openapi.animal.go.kr/openapi/service/rest/fileDownloadSrvc/files/shelter/2026/02/202603121703245.jpg,종료(반환),M,Y,"노란색 붕어빵 옷 입은상태로 입소, 순함  ",343571201600001,반려동물보호센터,043-201-2298,충청북도 청주시 흥덕구 강내면 서부로 411-23  청주시 반려동물 보호센터,청주시청,충청북도 청주시,2026-03-14 15:31:48.0,,,,,,,,
443571202600143,20260312,메몬스 창고 부근,[개] 믹스견,417000,개,000114,믹스견,갈색,2022(년생),13(Kg),충북-청주-2026-00143,20260312,20260323,http://openapi.animal.go.kr/openapi/service/rest/fileDownloadSrvc/files/shelter/2026/02/202603121603119.jpeg,http://openapi.animal.go.kr/openapi/service/rest/fileDownloadSrvc/files/shelter/2026/02/202603121603450.jpeg,보호중,F,U,"빨강+파랑 목줄 착용, 종종 창고에 놀러오던 아이, 겁이 많으며 마른편, 조용한 성격,",343571201600001,반려동물보호센터,043-201-2298,충청북도 청주시 흥덕구 강내면 서부로 411-23  청주시 반려동물 보호센터,청주시청,충청북도 청주시,2026-03-12 16:37:41.0,,,,,,,,
443571202600142,20260312,오창 두릉유리로 1053-12 부근,[개] 믹스견,417000,개,000114,믹스견,검정 황갈색&흰색,2023(년생),10(Kg),충북-청주-2026-00142,20260312,20260323,http://openapi.animal.go.kr/openapi/service/rest/fileDownloadSrvc/files/shelter/2026/02/202603121603402.jpeg,http://openapi.animal.go.kr/openapi/service/rest/fileDownloadSrvc/files/shelter/2026/02/20260312160308.jpeg,보호중,M,N,"141번과 형제로 추정 함께 입소, 겁이 많으나 순한편으로모색이 옅음,통통함",343571201600001,반려동물보호센터,043-201-2298,충청북도 청주시 흥덕구 강내면 서부로 411-23  청주시 반려동물 보호센터,청주시청,충청북도 청주시,2026-03-12 16:37:41.0,,,,,,,,
443571202600141,20260312,오창 두릉유리로 1053-12 부근,[개] 믹스견,417000,개,000114,믹스견,검정 황갈색&흰색,2023(년생),13(Kg),충북-청주-2026-00141,20260312,20260323,http://openapi.animal.go.kr/openapi/service/rest/fileDownloadSrvc/files/shelter/2026/02/202603121603816.jpeg,http://openapi.animal.go.kr/openapi/service/rest/fileDownloadSrvc/files/shelter/2026/02/202603121603908.jpeg,보호중,M,N,"초록색 목줄 착용, 시바견을 많이 닮은 귀여운 통통 믹스견, 폭신폭신함, 142번과 함께 입소",343571201600001,반려동물보호센터,043-201-2298,충청북도 청주시 흥덕구 강내면 서부로 411-23  청주시 반려동물 보호센터,청주시청,충청북도 청주시,2026-03-12 16:37:41.0,,,,,,,,
443447202600100,20260312,금왕읍 정생리 666번지(지환농자재),[개] 시바,417000,개,000100,시바,황갈색,2025(년생),13(Kg),충북-음성-2026-00100,20260312,20260323,http://openapi.animal.go.kr/openapi/service/rest/fileDownloadSrvc/files/shelter/2026/02/202603121703891[1].jpg,http://openapi.animal.go.kr/openapi/service/rest/fileDownloadSrvc/files/shelter/2026/02/202603121703137.jpg,종료(반환),M,N,성격이 온순한 편입니다,343447202600001,음성군 동물보호센터,043-877-3081,충청북도 음성군 삼성면 대금로 715-5  ,음성군수,충청북도 음성군,2026-03-12 18:11:53.0,,,,,,,,
443440202600034,20260312,화산초등학교내,[개] 골든 리트리버,417000,개,000054,골든 리트리버,갈색,2026(년생),5.5(Kg),충북-제천-2026-00027,20260312,20260323,http://openapi.animal.go.kr/openapi/service/rest/fileDownloadSrvc/files/shelter/2026/02/202603121503258.jpg,http://openapi.animal.go.kr/openapi/service/rest/fileDownloadSrvc/files/shelter/2026/02/202603121503616.jpg,보호중,F,N,온순함,343440201500002,제천시 동물보호센터,043-647-0059,충청북도 제천시 금성면 적성로8길 51 (금성면) ,오세정,충청북도 제천시,2026-03-12 15:09:15.0,,,"종합백신,코로나","사상충,파보,코로나",,,,
442421202600025,20260312,강원특별자치도 동해시 삼화로 253-12,[개] 믹스견,417000,개,000114,믹스견,회색,2025(년생),10(Kg),강원-동해-2026-00014,20260312,20260323,http://openapi.animal.go.kr/openapi/service/rest/fileDownloadSrvc/files/shelter/2026/02/202603121603750.jpg,http://openapi.animal.go.kr/openapi/service/rest/fileDownloadSrvc/files/shelter/2026/02/202603121603996.jpg,보호중,Q,U,얌전하고 활발함,342421201000001,동해시동물보호센터,033-539-8145,"강원도 동해시 대동로 159-13 (송정동, 동해시유기동물보호소) ",동해시농업기술센터,강원특별자치도 동해시,2026-03-12 16:10:01.0,,,,,,,,
441570202600098,20260312,강천면 강천리,[고양이] 한국 고양이,422400,고양이,000200,한국 고양이,기타(흰회갈검줄),2024(년생),3.00(Kg),경기-여주-2026-00098,20260312,20260323,http://openapi.animal.go.kr/openapi/service/rest/fileDownloadSrvc/files/shelter/2026/02/202603121703500[1].jpg,http://openapi.animal.go.kr/openapi/service/rest/fileDownloadSrvc/files/shelter/2026/02/202603121703619.jpg,보호중,F,N,"야윔, 우측 전지 골절, 경계심이 다소있음",341570201900003,위더스 동물보호센터,031-882-4381,경기도 여주시 여양2로 42 (천송동) ,이소라,경기도 여주시,2026-03-12 17:48:38.0,,,,"파보,원충",,,,
441570202600097,20260312,상동 청심로,[고양이] 한국 고양이,422400,고양이,000200,한국 고양이,기타(카오스),2021(년생),2.80(Kg),경기-여주-2026-00097,20260312,20260323,http://openapi.animal.go.kr/openapi/service/rest/fileDownloadSrvc/files/shelter/2026/02/20260312170326[1].jpg,http://openapi.animal.go.kr/openapi/service/rest/fileDownloadSrvc/files/shelter/2026/02/20260312170378[2].jpg,종료(자연사),F,N,"매우야윔, 몸을 잘 가누지 못함",341570201900003,위더스 동물보호센터,031-882-4381,경기도 여주시 여양2로 42 (천송동) ,이소라,경기도 여주시,2026-03-16 18:51:21.0,,,,"파보,원충",,,,
441570202600096,20260312,연라동 연하동로,[개] 잉글리쉬 세터,417000,개,000046,잉글리쉬 세터,적갈&흰색,2024(년생),20.00(Kg),경기-여주-2026-00096,20260312,20260323,http://openapi.animal.go.kr/openapi/service/rest/fileDownloadSrvc/files/shelter/2026/02/202603121703604[1].jpg,http://openapi.animal.go.kr/openapi/service/rest/fileDownloadSrvc/files/shelter/2026/02/202603121703634.jpg,보호중,F,N,"사람을 좋아하며, 매우온순함",341570201900003,위더스 동물보호센터,031-882-4381,경기도 여주시 여양2로 42 (천송동) ,이소라,경기도 여주시,2026-03-12 17:14:04.0,,,종합백신,"파보,홍역,원충",,,,
441554202600346,20260312,광주시 쌍령동 일대,[개] 믹스견,417000,개,000114,믹스견,기타(베이지색),2024(년생),15.00(Kg),경기-광주-2026-00084,20260312,20260323,http://openapi.animal.go.kr/openapi/service/rest/fileDownloadSrvc/files/shelter/2026/02/202603121903766[1].jpg,http://openapi.animal.go.kr/openapi/service/rest/fileDownloadSrvc/files/shelter/2026/02/202603121903808[1].jpg,보호중,M,N,"3-12, 칩없음, 교통사고, 좌측 앞 뒷다리 골절소견, 기립 불가능",341554201900001,광주TNR동물병원초월,031-798-7581,경기도 광주시 초월읍 현산로385번길 74-12 (초월읍) ,성준우,경기도 광주시,2026-03-12 20:00:22.0,,,,,,,,
441553202600463,20260312,장안면 수촌리 인근,[개] 믹스견,417000,개,000114,믹스견,옅은 황색,2025(년생),13(Kg),경기-화성-2026-00445,20260312,20260323,http://openapi.animal.go.kr/openapi/service/rest/fileDownloadSrvc/files/shelter/2026/02/202603121703793[1].jpg,http://openapi.animal.go.kr/openapi/service/rest/fileDownloadSrvc/files/shelter/2026/02/202603121703823.jpg,보호중,F,U,한쪽 뒷다리를 다쳐서 잘 걷지 못하는 믹스견/겁이 엄청 많음/경계심이 있어서 성별 제대로 파악 어려움,341553202500001,화성시민동물보호센터,010-3969-1034,경기도 화성시 서신면 전곡항로 492  ,장성웅,경기도 화성시,2026-03-12 17:21:01.0,,,,,,,,
441553202600462,20260312,서신면 궁평리 인근,[개] 푸들,417000,개,000128,푸들,붉고 엷은 황갈색,2022(년생),4(Kg),경기-화성-2026-00444,20260312,20260323,http://openapi.animal.go.kr/openapi/service/rest/fileDownloadSrvc/files/shelter/2026/02/20260312170344.jpg,http://openapi.animal.go.kr/openapi/service/rest/fileDownloadSrvc/files/shelter/2026/02/20260312170366.jpg,보호중,M,U,순하고 사람 좋아하는 귀여운 푸들/밖에서 생활한지 오래된듯함/털 관리 안되어있음/칩 없음/너무 순함,341553202500001,화성시민동물보호센터,010-3969-1034,경기도 화성시 서신면 전곡항로 492  ,장성웅,경기도 화성시,2026-03-12 17:21:00.0,,,,,,,,
441553202600461,20260312,장안면 수촌리 인근,[개] 믹스견,417000,개,000114,믹스견,흰색,2023(년생),18(Kg),경기-화성-2026-00443,20260312,20260323,http://openapi.animal.go.kr/openapi/service/rest/fileDownloadSrvc/files/shelter/2026/02/202603121703571[1].jpg,http://openapi.animal.go.kr/openapi/service/rest/fileDownloadSrvc/files/shelter/2026/02/202603121703595.jpg,보호중,F,U,겁 많은 진도믹스견/아직은 소심한 성격에 사람 손을 안탄듯함/다가가면 피함,341553202500001,화성시민동물보호센터,010-3969-1034,경기도 화성시 서신면 전곡항로 492  ,장성웅,경기도 화성시,2026-03-12 17:21:00.0,,,,,,,,
441553202600460,20260312,양감면 대양리 인근,[개] 믹스견,417000,개,000114,믹스견,갈색&흰색,2023(년생),15(Kg),경기-화성-2026-00442,20260312,20260323,http://openapi.animal.go.kr/openapi/service/rest/fileDownloadSrvc/files/shelter/2026/02/202603121703425.jpg,http://openapi.animal.go.kr/openapi/service/rest/fileDownloadSrvc/files/shelter/2026/02/202603121703448[1].jpg,보호중,M,U,겁 많은 소심한 성격의 믹스견/코가 핑크색이고 귀가 쫑긋 서있음/아직은 사람을 무서워함,341553202500001,화성시민동물보호센터,010-3969-1034,경기도 화성시 서신면 전곡항로 492  ,장성웅,경기도 화성시,2026-03-12 17:21:00.0,,,,,,,,
441553202600459,20260312,남양읍 신남로 인근,[개] 믹스견,417000,개,000114,믹스견,옅은 황색,2021(년생),25(Kg),경기-화성-2026-00441,20260312,20260323,http://openapi.animal.go.kr/openapi/service/rest/fileDownloadSrvc/files/shelter/2026/02/202603121703286.jpg,http://openapi.animal.go.kr/openapi/service/rest/fileDownloadSrvc/files/shelter/2026/02/202603121703309.jpg,보호중,M,U,겁이 아직은 많은 믹스견/코가 엄청 핑크함/털이 꼬질꼬질한 상태/귀가 ㄴ자임,341553202500001,화성시민동물보호센터,010-3969-1034,경기도 화성시 서신면 전곡항로 492  ,장성웅,경기도 화성시,2026-03-12 17:21:00.0,,,,,,,,
441405202600204,20260312,기흥구 기흥로116번길 10(기흥도서관),[기타축종] 토끼,429900,기타,000117,기타축종,"기타(갈, 흰)",2024(년생),1.7(Kg),경기-용인-2026-00047,20260312,20260323,http://openapi.animal.go.kr/openapi/service/rest/fileDownloadSrvc/files/shelter/2026/02/202603121503489.jpg,http://openapi.animal.go.kr/openapi/service/rest/fileDownloadSrvc/files/shelter/2026/02/202603121503424.jpg,보호중,F,U,귀여운 아이,341405201800001,용인시 동물보호센터,031-6193-3463,경기도 용인시 처인구 중부대로 1074-1 (삼가동) 용인시 동물보호센터,용인시장,경기도 용인시,2026-03-12 15:36:22.0,,,,,,,,
441405202600203,20260312,수지구 신봉1로 296-21(수지선한목자교회),[고양이] 노르웨이 숲,422400,고양이,000170,노르웨이 숲,흰색/줄무늬,2020(년생),3(Kg),경기-용인-2026-00046,20260312,20260323,http://openapi.animal.go.kr/openapi/service/rest/fileDownloadSrvc/files/shelter/2026/02/202603121503425.jpg,http://openapi.animal.go.kr/openapi/service/rest/fileDownloadSrvc/files/shelter/2026/02/202603121503626.jpg,보호중,M,Y,"털엉킴 심함, 좌측 눈 이상",341405201800001,용인시 동물보호센터,031-6193-3463,경기도 용인시 처인구 중부대로 1074-1 (삼가동) 용인시 동물보호센터,용인시장,경기도 용인시,2026-03-12 15:13:37.0,,,,,,,,
441405202600198,20260312,처인구 마평동 502-2,[개] 바셋 하운드,417000,개,000012,바셋 하운드,하얀바탕에 한가지색 또는 두가지색의 명확한 반점,2024(년생),14(Kg),경기-용인-2026-00048,20260312,20260323,http://openapi.animal.go.kr/openapi/service/rest/fileDownloadSrvc/files/shelter/2026/02/202603121303747.jpg,http://openapi.animal.go.kr/openapi/service/rest/fileDownloadSrvc/files/shelter/2026/02/202603121303263.jpg,종료(반환),M,Y,활발하고 귀여운 아이,341405201800001,용인시 동물보호센터,031-6193-3463,경기도 용인시 처인구 중부대로 1074-1 (삼가동) 용인시 동물보호센터,용인시장,경기도 용인시,2026-03-12 19:16:52.0,410160012835936,-,,,,,,
441401202600060,20260312,도일로 135번길 16-1,[개] 믹스견,417000,개,000114,믹스견,갈색,2026(년생),3.7(Kg),경기-시흥-2026-00061,20260312,20260323,http://openapi.animal.go.kr/openapi/service/rest/fileDownloadSrvc/files/shelter/2026/02/202603121603530[1].jpg,http://openapi.animal.go.kr/openapi/service/rest/fileDownloadSrvc/files/shelter/2026/02/202603121603560.jpg,보호중,F,N,짧은 다리의 매력적인 이 구역 최고 귀요미,341401202200001,시흥동물누리보호센터,031-310-6945,경기도 시흥시 뒷방울길 218 (정왕동) ,시흥시,경기도 시흥시,2026-03-12 16:46:05.0,,,,"파보,코로나,원충",,,,
441399202600084,20260312,진건읍진관로232,[개] 잉글리쉬 세터,417000,개,000046,잉글리쉬 세터,흰색&갈색&탄,2023(년생),17(Kg),경기-남양주-2026-00084,20260312,20260323,http://openapi.animal.go.kr/openapi/service/rest/fileDownloadSrvc/files/shelter/2026/02/202603121503461.png,http://openapi.animal.go.kr/openapi/service/rest/fileDownloadSrvc/files/shelter/2026/02/202603121503544.png,종료(반환),M,N, 사람을 좋아하고 애교가 많은 아이,341399202200002,남양주시동물보호센터,031-590-2785,경기도 남양주시 경강로163번길 32-27 (이패동) ,남양주시장,경기도 남양주시,2026-03-16 09:24:48.0,,,"광견병,종합백신,코로나","사상충,파보,코로나,홍역",,,,
441394202600233,20260312,사리현동 659-31 부근,[개] 요크셔 테리어,417000,개,000113,요크셔 테리어,은색&갈색,2018(년생),4.8(Kg),경기-고양-2026-00102,20260312,20260323,http://openapi.animal.go.kr/openapi/service/rest/fileDownloadSrvc/files/shelter/2026/02/202603131703576.jpg,http://openapi.animal.go.kr/openapi/service/rest/fileDownloadSrvc/files/shelter/2026/02/202603131703609[1].jpg,보호중,F,U,단미,341394201400001,고양시동물보호센터,031-962-3232,"경기도 고양시 덕양구 고양대로 1695 (원흥동, 고양시 농업기술센터) 고양시동물보호센터",권지선,경기도 고양시,2026-03-13 17:46:21.0,,,"종합백신,코로나","사상충,파보,코로나,홍역",,,,
441393202600175,20260312,일동파출소에서 인수,[고양이] 한국 고양이,422400,고양이,000200,한국 고양이,기타(회백),2026(60일미만)(년생),0.2(Kg),경기-안산-2026-00118,20260312,20260323,http://openapi.animal.go.kr/openapi/service/rest/fileDownloadSrvc/files/shelter/2026/02/202603121703215.jpg,http://openapi.animal.go.kr/openapi/service/rest/fileDownloadSrvc/files/shelter/2026/02/202603121703218[1].jpg,보호중,F,N,"수유필요,2주추정",341393200900001,한국야생동물보호협회,031-296-0124,경기도 안산시 상록구 청곡길 50 (부곡동) 안산시 상록구 부곡동 231-5,박한웅,경기도 안산시,2026-03-12 17:32:57.0,,,,,,,,
441393202600174,20260312,일동파출소에서 인수,[고양이] 한국 고양이,422400,고양이,000200,한국 고양이,기타(회백),2026(60일미만)(년생),0.2(Kg),경기-안산-2026-00117,20260312,20260323,http://openapi.animal.go.kr/openapi/service/rest/fileDownloadSrvc/files/shelter/2026/02/202603121703236.jpg,http://openapi.animal.go.kr/openapi/service/rest/fileDownloadSrvc/files/shelter/2026/02/202603121703289[1].jpg,보호중,F,N,"수유필요,2주추정",341393200900001,한국야생동물보호협회,031-296-0124,경기도 안산시 상록구 청곡길 50 (부곡동) 안산시 상록구 부곡동 231-5,박한웅,경기도 안산시,2026-03-12 17:32:57.0,,,,,,,,
441393202600173,20260312,일동파출소에서 인수,[고양이] 한국 고양이,422400,고양이,000200,한국 고양이,기타(회백),2026(60일미만)(년생),0.2(Kg),경기-안산-2026-00119,20260312,20260323,http://openapi.animal.go.kr/openapi/service/rest/fileDownloadSrvc/files/shelter/2026/02/202603121703369.jpg,http://openapi.animal.go.kr/openapi/service/rest/fileDownloadSrvc/files/shelter/2026/02/202603121703243[1].jpg,보호중,F,N,"2주추정,수유필요",341393200900001,한국야생동물보호협회,031-296-0124,경기도 안산시 상록구 청곡길 50 (부곡동) 안산시 상록구 부곡동 231-5,박한웅,경기도 안산시,2026-03-12 17:33:15.0,,,,,,,,
441393202600172,20260312,제일CC 부근,[개] 믹스견,417000,개,000114,믹스견,기타(갈흑백),2026(년생),9(Kg),경기-안산-2026-00115,20260312,20260323,http://openapi.animal.go.kr/openapi/service/rest/fileDownloadSrvc/files/shelter/2026/02/202603121703601.jpg,http://openapi.animal.go.kr/openapi/service/rest/fileDownloadSrvc/files/shelter/2026/02/20260312170350.jpg,보호중,F,N,"4개월추정,순함,대형견아가",341393200900001,한국야생동물보호협회,031-296-0124,경기도 안산시 상록구 청곡길 50 (부곡동) 안산시 상록구 부곡동 231-5,박한웅,경기도 안산시,2026-03-12 17:04:29.0,,,,,,,,
441393202600171,20260312,제일CC 부근,[개] 믹스견,417000,개,000114,믹스견,기타(갈흑백),2026(년생),9(Kg),경기-안산-2026-00114,20260312,20260323,http://openapi.animal.go.kr/openapi/service/rest/fileDownloadSrvc/files/shelter/2026/02/202603121703630.jpg,http://openapi.animal.go.kr/openapi/service/rest/fileDownloadSrvc/files/shelter/2026/02/202603121703978.jpg,보호중,F,N,"대형견아가,순함,4개월추정",341393200900001,한국야생동물보호협회,031-296-0124,경기도 안산시 상록구 청곡길 50 (부곡동) 안산시 상록구 부곡동 231-5,박한웅,경기도 안산시,2026-03-12 17:04:29.0,,,,,,,,
441393202600170,20260312,제일CC 부근,[개] 믹스견,417000,개,000114,믹스견,기타(갈흑백),2026(년생),9(Kg),경기-안산-2026-00113,20260312,20260323,http://openapi.animal.go.kr/openapi/service/rest/fileDownloadSrvc/files/shelter/2026/02/202603121603101[1].jpg,http://openapi.animal.go.kr/openapi/service/rest/fileDownloadSrvc/files/shelter/2026/02/202603121603567.jpg,보호중,F,N,"대형견아가,순함,4개월추정",341393200900001,한국야생동물보호협회,031-296-0124,경기도 안산시 상록구 청곡길 50 (부곡동) 안산시 상록구 부곡동 231-5,박한웅,경기도 안산시,2026-03-12 17:04:08.0,,,,,,,,
441393202600169,20260312,단원구 선부로116 부근,[개] 아메리칸불리,417000,개,000150,아메리칸불리,회색,2025(년생),10(Kg),경기-안산-2026-00111,20260312,20260323,http://openapi.animal.go.kr/openapi/service/rest/fileDownloadSrvc/files/shelter/2026/02/202603121603294.jpg,http://openapi.animal.go.kr/openapi/service/rest/fileDownloadSrvc/files/shelter/2026/02/202603121603355.jpg,보호중,M,Y,"순함,파란목줄,피부병심함,마름",341393200900001,한국야생동물보호협회,031-296-0124,경기도 안산시 상록구 청곡길 50 (부곡동) 안산시 상록구 부곡동 231-5,박한웅,경기도 안산시,2026-03-12 16:44:56.0,,,,,,,,
441393202600168,20260312,사사동 현대아파트 부근,[개] 말티즈,417000,개,000072,말티즈,기타(백),2016(년생),3(Kg),경기-안산-2026-00112,20260312,20260323,http://openapi.animal.go.kr/openapi/service/rest/fileDownloadSrvc/files/shelter/2026/02/202603121603667.jpg,http://openapi.animal.go.kr/openapi/service/rest/fileDownloadSrvc/files/shelter/2026/02/202603121603919.jpg,보호중,M,Y,순함,341393200900001,한국야생동물보호협회,031-296-0124,경기도 안산시 상록구 청곡길 50 (부곡동) 안산시 상록구 부곡동 231-5,박한웅,경기도 안산시,2026-03-12 16:45:30.0,,,,,,,,
441391202600161,20260312,진위면 가곡2길45,[개] 믹스견,417000,개,000114,믹스견,검정&황갈색,2026(60일미만)(년생),2(Kg),경기-평택-2026-00160,20260312,20260323,http://openapi.animal.go.kr/openapi/service/rest/fileDownloadSrvc/files/shelter/2026/02/20260312170319.jpg,http://openapi.animal.go.kr/openapi/service/rest/fileDownloadSrvc/files/shelter/2026/02/202603121703949.jpg,보호중,F,N,"2두 동시 입소, 2-3개월령 사랑둥이들",341391202500001,평택시동물보호센터,031-8024-8080,경기도 평택시 청북읍 청북로 497  ,평택시장,경기도 평택시,2026-03-12 17:20:35.0,,,,,,,,
441391202600160,20260312,진위면 가곡2길45,[개] 믹스견,417000,개,000114,믹스견,검정&황갈색,2026(60일미만)(년생),2(Kg),경기-평택-2026-00161,20260312,20260323,http://openapi.animal.go.kr/openapi/service/rest/fileDownloadSrvc/files/shelter/2026/02/202603121703796.jpg,http://openapi.animal.go.kr/openapi/service/rest/fileDownloadSrvc/files/shelter/2026/02/202603121703810.jpg,보호중,F,N,"2두 동시 입소, 2-3개월령 사랑둥이들, 파보양성으로 집중치료중입니다",341391202500001,평택시동물보호센터,031-8024-8080,경기도 평택시 청북읍 청북로 497  ,평택시장,경기도 평택시,2026-03-17 13:54:01.0,,,,,,,,
441391202600159,20260312,진위면 야막길108-86,[개] 믹스견,417000,개,000114,믹스견,갈색&검정,2026(60일미만)(년생),2(Kg),경기-평택-2026-00159,20260312,20260323,http://openapi.animal.go.kr/openapi/service/rest/fileDownloadSrvc/files/shelter/2026/02/20260312170348.jpg,http://openapi.animal.go.kr/openapi/service/rest/fileDownloadSrvc/files/shelter/2026/02/202603121703792.jpg,보호중,M,N,"2-3개월령 강아지 7두 동시입소, 천사 깡생이들 사랑해주세요,파보바이러스 감염으로 집중치료중",341391202500001,평택시동물보호센터,031-8024-8080,경기도 평택시 청북읍 청북로 497  ,평택시장,경기도 평택시,2026-03-17 10:35:59.0,,,,,,,,
441391202600158,20260312,진위면 야막길108-86,[개] 믹스견,417000,개,000114,믹스견,흰색,2026(60일미만)(년생),2(Kg),경기-평택-2026-00158,20260312,20260323,http://openapi.animal.go.kr/openapi/service/rest/fileDownloadSrvc/files/shelter/2026/02/202603121703461.jpg,http://openapi.animal.go.kr/openapi/service/rest/fileDownloadSrvc/files/shelter/2026/02/202603121703226.jpg,보호중,M,N,"2-3개월령 강아지 7두 동시입소, 천사 깡생이들 사랑해주세요,파보바이러스 감염으로 집중치료중",341391202500001,평택시동물보호센터,031-8024-8080,경기도 평택시 청북읍 청북로 497  ,평택시장,경기도 평택시,2026-03-17 10:35:28.0,,,,,,,,
441391202600157,20260312,진위면 야막길108-86,[개] 믹스견,417000,개,000114,믹스견,흰색,2026(60일미만)(년생),2(Kg),경기-평택-2026-00157,20260312,20260323,http://openapi.animal.go.kr/openapi/service/rest/fileDownloadSrvc/files/shelter/2026/02/202603121703371.jpg,http://openapi.animal.go.kr/openapi/service/rest/fileDownloadSrvc/files/shelter/2026/02/202603121703491.jpg,보호중,F,N,"2-3개월령 강아지 7두 동시입소, 천사 깡생이들 사랑해주세요",341391202500001,평택시동물보호센터,031-8024-8080,경기도 평택시 청북읍 청북로 497  ,평택시장,경기도 평택시,2026-03-12 17:20:34.0,,,,,,,,
441391202600156,20260312,진위면 야막길108-86,[개] 믹스견,417000,개,000114,믹스견,검정&흰색,2026(60일미만)(년생),2(Kg),경기-평택-2026-00156,20260312,20260323,http://openapi.animal.go.kr/openapi/service/rest/fileDownloadSrvc/files/shelter/2026/02/202603121703643.jpg,http://openapi.animal.go.kr/openapi/service/rest/fileDownloadSrvc/files/shelter/2026/02/202603121703679.jpg,보호중,F,N,"2-3개월령 강아지 7두 동시입소, 천사 깡생이들 사랑해주세요",341391202500001,평택시동물보호센터,031-8024-8080,경기도 평택시 청북읍 청북로 497  ,평택시장,경기도 평택시,2026-03-12 17:20:34.0,,,,,,,,
441391202600155,20260312,진위면 야막길108-86,[개] 믹스견,417000,개,000114,믹스견,갈색&검정,2026(60일미만)(년생),2(Kg),경기-평택-2026-00155,20260312,20260323,http://openapi.animal.go.kr/openapi/service/rest/fileDownloadSrvc/files/shelter/2026/02/202603121703821[1].jpg,http://openapi.animal.go.kr/openapi/service/rest/fileDownloadSrvc/files/shelter/2026/02/202603121703642.jpg,보호중,F,N,"2-3개월령 강아지 7두 동시입소, 천사 깡생이들 사랑해주세요",341391202500001,평택시동물보호센터,031-8024-8080,경기도 평택시 청북읍 청북로 497  ,평택시장,경기도 평택시,2026-03-12 17:20:34.0,,,,,,,,
441391202600154,20260312,진위면 야막길108-86,[개] 믹스견,417000,개,000114,믹스견,검정색,2026(60일미만)(년생),2(Kg),경기-평택-2026-00154,20260312,20260323,http://openapi.animal.go.kr/openapi/service/rest/fileDownloadSrvc/files/shelter/2026/02/202603121703852.jpg,http://openapi.animal.go.kr/openapi/service/rest/fileDownloadSrvc/files/shelter/2026/02/202603121703970[1].jpg,보호중,M,N,"2-3개월령 강아지 7두 동시입소, 생식기 피부염 집중치료중",341391202500001,평택시동물보호센터,031-8024-8080,경기도 평택시 청북읍 청북로 497  ,평택시장,경기도 평택시,2026-03-13 12:42:06.0,,,,,,,,
441391202600153,20260312,진위면 야막길108-86,[개] 믹스견,417000,개,000114,믹스견,흰색,2026(60일미만)(년생),2(Kg),경기-평택-2026-00153,20260312,20260323,http://openapi.animal.go.kr/openapi/service/rest/fileDownloadSrvc/files/shelter/2026/02/202603121703183.jpg,http://openapi.animal.go.kr/openapi/service/rest/fileDownloadSrvc/files/shelter/2026/02/202603121703280.jpg,보호중,M,N,"2-3개월령 강아지 7두 동시입소, 생식기 피부염 집중 치료중",341391202500001,평택시동물보호센터,031-8024-8080,경기도 평택시 청북읍 청북로 497  ,평택시장,경기도 평택시,2026-03-13 12:41:26.0,,,,,,,,
441391202600152,20260312,진위면 야막길108-86,[개] 믹스견,417000,개,000114,믹스견,갈색&검정,2023(년생),14(Kg),경기-평택-2026-00152,20260312,20260323,http://openapi.animal.go.kr/openapi/service/rest/fileDownloadSrvc/files/shelter/2026/02/202603121703803.jpg,http://openapi.animal.go.kr/openapi/service/rest/fileDownloadSrvc/files/shelter/2026/02/202603121703611.jpg,보호중,F,U,겁먹은듯 온순하다 울망한 눈매가 사랑스러움 파란목줄,341391202500001,평택시동물보호센터,031-8024-8080,경기도 평택시 청북읍 청북로 497  ,평택시장,경기도 평택시,2026-03-12 17:05:50.0,,,,,,,,
441391202600151,20260312,서탄면 금암1길 39,[개] 믹스견,417000,개,000114,믹스견,크림색,2023(년생),7(Kg),경기-평택-2026-00151,20260312,20260323,http://openapi.animal.go.kr/openapi/service/rest/fileDownloadSrvc/files/shelter/2026/02/202603121703569.jpg,http://openapi.animal.go.kr/openapi/service/rest/fileDownloadSrvc/files/shelter/2026/02/202603121703985.jpg,보호중,Q,U,"외상 심각함, 장기 출혈 있음 집중치료 중",341391202500001,평택시동물보호센터,031-8024-8080,경기도 평택시 청북읍 청북로 497  ,평택시장,경기도 평택시,2026-03-12 17:01:00.0,,,,,,,,
441391202600150,20260312,팽성읍  안정순환로139,[고양이] 한국 고양이,422400,고양이,000200,한국 고양이,검은색흰색황토색조합,2026(60일미만)(년생),0.1(Kg),경기-평택-2026-00150,20260312,20260323,http://openapi.animal.go.kr/openapi/service/rest/fileDownloadSrvc/files/shelter/2026/02/202603121603735.jpg,http://openapi.animal.go.kr/openapi/service/rest/fileDownloadSrvc/files/shelter/2026/02/202603121603568.jpg,보호중,Q,U,"태어난지 얼마 안 된 아기들 두마리 동시 입소, 체온유지 및 인공포유중",341391202500001,평택시동물보호센터,031-8024-8080,경기도 평택시 청북읍 청북로 497  ,평택시장,경기도 평택시,2026-03-12 17:00:59.0,,,,,,,,
441391202600149,20260312,팽성읍  안정순환로139,[고양이] 한국 고양이,422400,고양이,000200,한국 고양이,검은색흰색황토색조합,2026(60일미만)(년생),0.1(Kg),경기-평택-2026-00149,20260312,20260323,http://openapi.animal.go.kr/openapi/service/rest/fileDownloadSrvc/files/shelter/2026/02/202603121603135.jpg,http://openapi.animal.go.kr/openapi/service/rest/fileDownloadSrvc/files/shelter/2026/02/202603121603102.jpg,보호중,Q,U,"태어난지 얼마 안 된 아기들 두마리 동시 입소, 체온유지 및 인공포유중",341391202500001,평택시동물보호센터,031-8024-8080,경기도 평택시 청북읍 청북로 497  ,평택시장,경기도 평택시,2026-03-12 17:00:59.0,,,,,,,,
441386202600084,20260312,계남로 352 심원중학교 주변,[개] 포메라니안,417000,개,000089,포메라니안,크림색,2019(년생),4.62(Kg),경기-부천-2026-00084,20260312,20260323,http://openapi.animal.go.kr/openapi/service/rest/fileDownloadSrvc/files/shelter/2026/02/202603121103369.jpg,http://openapi.animal.go.kr/openapi/service/rest/fileDownloadSrvc/files/shelter/2026/02/202603121103415.jpg,종료(반환),M,Y,"(입소당시)좌측 눈 렌즈 탈구 의심,미용한지 얼마 안되어보임",341386200900001,24시아이동물메디컬,032-677-5262,경기도 부천시 오정구 소사로 779 (원종동) 201호,박수현,경기도 부천시,2026-03-12 13:53:18.0,,,,,,,,
441386202600083,20260312,부일로 791번길 14,[개] 푸들,417000,개,000128,푸들,엷은 황갈색&흰색,2026(년생),6.2(Kg),경기-부천-2026-00083,20260312,20260323,http://openapi.animal.go.kr/openapi/service/rest/fileDownloadSrvc/files/shelter/2026/02/202603121003210.jpg,http://openapi.animal.go.kr/openapi/service/rest/fileDownloadSrvc/files/shelter/2026/02/202603121003389[1].jpg,보호중,M,N,"(입소당시)골든두들 추정(골든리트리버+푸들),순하고 귀여움,지알디아양성",341386200900001,24시아이동물메디컬,032-677-5262,경기도 부천시 오정구 소사로 779 (원종동) 201호,박수현,경기도 부천시,2026-03-12 10:32:39.0,,,,,,,,
441378202600077,20260312,판교로 393,[개] 믹스견,417000,개,000114,믹스견,검정색,2026(년생),3(Kg),경기-성남-2026-00071,20260312,20260323,http://openapi.animal.go.kr/openapi/service/rest/fileDownloadSrvc/files/shelter/2026/02/202603121603501.jpg,http://openapi.animal.go.kr/openapi/service/rest/fileDownloadSrvc/files/shelter/2026/02/202603121603530.jpg,보호중,F,U,피부병,341378201300002,펫앤쉘터동물병원,031-714-8392,"경기도 성남시 분당구 불정로 266 (수내동, 유신제일조합) ",한준근,경기도 성남시,2026-03-17 14:30:54.0,,,,,,,,
441374202600158,20260312,팔달구 고화로39번길 76-1(고등동),[개] 프렌치 불독,417000,개,000050,프렌치 불독,기타(갈색),2020(년생),12.20(Kg),경기-수원-2026-00079,20260312,20260323,http://openapi.animal.go.kr/openapi/service/rest/fileDownloadSrvc/files/shelter/2026/02/202603121703452[1].jpg,http://openapi.animal.go.kr/openapi/service/rest/fileDownloadSrvc/files/shelter/2026/02/202603121703540.jpg,보호중,M,Y,프렌치 불독,341374202000001,수원시 동물보호센터,031-5191-3557,"경기도 수원시 영통구 광교호수로 234 (하동, 수원시 동물보호센터) 하동 40-10",수원시장,경기도 수원시,2026-03-12 17:53:05.0,,,,,,,,
441374202600149,20260312,팔달구 인계로108번길 39-9(인계동),[고양이] 페르시안,422400,고양이,00214,페르시안,기타(갈색),2023(년생),4.00(Kg),경기-수원-2026-00078,20260312,20260323,http://openapi.animal.go.kr/openapi/service/rest/fileDownloadSrvc/files/shelter/2026/02/202603121303209.jpg,http://openapi.animal.go.kr/openapi/service/rest/fileDownloadSrvc/files/shelter/2026/02/202603121303912.jpg,보호중,M,N,"입양보류, 페르시안 추정",341374202000001,수원시 동물보호센터,031-5191-3557,"경기도 수원시 영통구 광교호수로 234 (하동, 수원시 동물보호센터) 하동 40-10",수원시장,경기도 수원시,2026-03-12 13:17:18.0,,,,,,,,
441374202600148,20260312,팔달구 인계로108번길 39-9(인계동),[고양이] 페르시안,422400,고양이,00214,페르시안,기타(흰색),2023(년생),4.40(Kg),경기-수원-2026-00077,20260312,20260323,http://openapi.animal.go.kr/openapi/service/rest/fileDownloadSrvc/files/shelter/2026/02/202603121303188.jpg,http://openapi.animal.go.kr/openapi/service/rest/fileDownloadSrvc/files/shelter/2026/02/202603121303436.jpg,보호중,M,N,"입양보류, 페르시안 추정",341374202000001,수원시 동물보호센터,031-5191-3557,"경기도 수원시 영통구 광교호수로 234 (하동, 수원시 동물보호센터) 하동 40-10",수원시장,경기도 수원시,2026-03-12 13:16:28.0,,,,,,,,
441374202600147,20260312,팔달구 인계로108번길 39-9(인계동),[고양이] 먼치킨,422400,고양이,000175,먼치킨,기타(백회색),2021(년생),3.20(Kg),경기-수원-2026-00076,20260312,20260323,http://openapi.animal.go.kr/openapi/service/rest/fileDownloadSrvc/files/shelter/2026/02/202603121303295.jpg,http://openapi.animal.go.kr/openapi/service/rest/fileDownloadSrvc/files/shelter/2026/02/202603121303758.jpg,보호중,F,U,"입양보류, 먼치킨 추정",341374202000001,수원시 동물보호센터,031-5191-3557,"경기도 수원시 영통구 광교호수로 234 (하동, 수원시 동물보호센터) 하동 40-10",수원시장,경기도 수원시,2026-03-12 13:15:07.0,,,,,,,,
429360202600035,20260312,서구 천변좌로 62-16,[개] 믹스견,417000,개,000114,믹스견,기타(연갈),2025(년생),6.5(Kg),광주-서구-2026-00035,20260312,20260323,http://openapi.animal.go.kr/openapi/service/rest/fileDownloadSrvc/files/shelter/2026/02/202603121703652.jpg,http://openapi.animal.go.kr/openapi/service/rest/fileDownloadSrvc/files/shelter/2026/02/202603121703795[1].jpg,보호중,F,U,"26-0122 룽지, 균형을 잘 못잡음",329360201300001,광주동물보호센터,062-613-6770,광주광역시 북구 본촌마을길 25-1 (본촌동) 광주동물보호센터,광주광역시장,광주광역시 서구,2026-03-12 17:58:35.0,,,,,,,,
427348202600121,20260312,마비정 길 인근 도로,[개] 포메라니안,417000,개,000089,포메라니안,갈색,2018(년생),3.9(Kg),대구-달성-2026-00052,20260312,20260323,http://openapi.animal.go.kr/openapi/service/rest/fileDownloadSrvc/files/shelter/2026/02/202603121403129.jpg,http://openapi.animal.go.kr/openapi/service/rest/fileDownloadSrvc/files/shelter/2026/02/202603121403460.jpg,종료(반환),M,Y,등록칩 없음. 호흡기 증상,327348201500004,화원연합동물병원,053-634-7975,대구광역시 달성군 화원읍 사문진로 447 (화원읍) 화원읍 관할,김덕수,대구광역시 달성군,2026-03-14 09:07:27.0,,,,파보,,,,
427343202600130,20260312,서구청 당직실,[개] 푸들,417000,개,000128,푸들,갈색,2021(년생),3.6(Kg),대구-서구-2026-00062,20260312,20260323,http://openapi.animal.go.kr/openapi/service/rest/fileDownloadSrvc/files/shelter/2026/02/202603120803578.jpg,http://openapi.animal.go.kr/openapi/service/rest/fileDownloadSrvc/files/shelter/2026/02/202603120803610.jpg,보호중,F,U,"갈색옷,하네스착용.목걸이에 폰번호가 있으나 연결이 안됨",327343201500001,대구시수의사회(삼성),053-556-8575,대구광역시 서구 서대구로 24 (내당동) ,서긍교,대구광역시 서구,2026-03-12 08:53:57.0,,,,,,,,
427341202600044,20260312,대구역 선로 부근,[개] 믹스견,417000,개,000114,믹스견,갈색&검정,2026(년생),5(Kg),대구-중구-2026-00032,20260312,20260323,http://openapi.animal.go.kr/openapi/service/rest/fileDownloadSrvc/files/shelter/2026/02/202603121003178.jpg,http://openapi.animal.go.kr/openapi/service/rest/fileDownloadSrvc/files/shelter/2026/02/202603121003196.jpg,보호중,M,N,온순,327341201200001,대구시수의사회(동인),070-4466-1575,대구광역시 중구 동인동4가 국채보상로 724 ,박준서,대구광역시 중구,2026-03-12 10:01:28.0,,,,,,,,
427341202600043,20260312,대구역 선로 부근,[개] 믹스견,417000,개,000114,믹스견,갈색&검정,2026(년생),5(Kg),대구-중구-2026-00031,20260312,20260323,http://openapi.animal.go.kr/openapi/service/rest/fileDownloadSrvc/files/shelter/2026/02/202603120903906.jpg,http://openapi.animal.go.kr/openapi/service/rest/fileDownloadSrvc/files/shelter/2026/02/202603120903924.jpg,보호중,M,N,온순,327341201200001,대구시수의사회(동인),070-4466-1575,대구광역시 중구 동인동4가 국채보상로 724 ,박준서,대구광역시 중구,2026-03-12 10:00:08.0,,,,,,,,
411306202600126,20260312,서울시 중랑구 동일로 92길 40 사가정 아이파크,[고양이] 한국 고양이,422400,고양이,000200,한국 고양이,평행·전체·부분줄무늬,2025(년생),3(Kg),서울-중랑-2026-00017,20260312,20260319,http://openapi.animal.go.kr/openapi/service/rest/fileDownloadSrvc/files/shelter/2026/02/20260312130345.jpg,http://openapi.animal.go.kr/openapi/service/rest/fileDownloadSrvc/files/shelter/2026/02/202603121303979.jpg,보호중,M,N,서울 응급치료센터 보호중,311306201300001,한국동물구조관리협회,031-867-9119,경기도 양주시 남면 감악산로 63-37 ,김철훈,서울특별시 중랑구,2026-03-12 13:32:02.0,,,,,,,,
429362202600040,20260312,북구 오치동,[개] 포메라니안,417000,개,000089,포메라니안,흰색,2021(년생),12(Kg),광주-북구-2026-00040,20260311,20260311,http://openapi.animal.go.kr/openapi/service/rest/fileDownloadSrvc/files/shelter/2026/02/202603121503877.jpg,http://openapi.animal.go.kr/openapi/service/rest/fileDownloadSrvc/files/shelter/2026/02/202603121503910.jpg,보호중,F,Y,"26-0121 진이, 동물인수제 입소, 다이어트필요",329362201300001,광주동물보호센터,062-613-6770,광주광역시 북구 본촌마을길 25-1 (본촌동) 광주동물보호센터,광주광역시장,광주광역시 북구,2026-03-12 15:10:15.0,,,,,,,,
430364202600115,20260311,성남 초 주변,[고양이] 브리티시 쇼트헤어,422400,고양이,000181,브리티시 쇼트헤어,기타(황색),2026(60일미만)(년생),2.6(Kg),대전-동구-2026-00028,20260317,20260327,http://openapi.animal.go.kr/openapi/service/rest/fileDownloadSrvc/files/shelter/2026/02/202603171303766.png,http://openapi.animal.go.kr/openapi/service/rest/fileDownloadSrvc/files/shelter/2026/02/202603171303778.png,보호중,F,U,유기신고 접수,330364202000001,대전동물보호센터,042-270-7239,대전광역시 유성구 금남구즉로 1234 (금고동) 대전광역시 동물보호센터,대전광역시,대전광역시 동구,2026-03-17 13:22:37.0,,,,,,,,
445473202600124,20260311,성수면 가외반로 456-1,[개] 믹스견,417000,개,000114,믹스견,검정색,2026(60일미만)(년생),0.1(Kg),전북-진안-2026-00031,20260316,20260326,http://openapi.animal.go.kr/openapi/service/rest/fileDownloadSrvc/files/shelter/2026/02/202603161003867.jpg,http://openapi.animal.go.kr/openapi/service/rest/fileDownloadSrvc/files/shelter/2026/02/202603161003903.jpg,보호중,F,U,"칩없음,",345473202300001,진안군유기동물보호소,063-430-8175,전북특별자치도 진안군 진안읍 예리길 36  .,진안군청,전북특별자치도 진안군,2026-03-16 17:48:18.0,,,,,,,,
431373202600255,20260311,삼동면 일대,[고양이] 한국 고양이,422400,고양이,000200,한국 고양이,흰색/검은색 얼룩무늬,2025(년생),3(Kg),울산-울주-2026-00156,20260316,20260326,http://openapi.animal.go.kr/openapi/service/rest/fileDownloadSrvc/files/shelter/2026/02/202603161003567.jpg,http://openapi.animal.go.kr/openapi/service/rest/fileDownloadSrvc/files/shelter/2026/02/202603161003543[1].jpg,보호중,Q,N,"눈심하게 다침, 다리골절",331373201200002,울산유기동물보호센터,052-238-6113,울산광역시 울주군 온양읍 발리 1144,조구래,울산광역시 울주군,2026-03-16 10:33:28.0,,,,,,,,
443446202600035,20260311,괴산군 문광면 광덕3길 163,[개] 믹스견,417000,개,000114,믹스견,흰색,2021(년생),30(Kg),충북-괴산-2026-00035,20260315,20260325,http://openapi.animal.go.kr/openapi/service/rest/fileDownloadSrvc/files/shelter/2026/02/202603151203442.jpg,http://openapi.animal.go.kr/openapi/service/rest/fileDownloadSrvc/files/shelter/2026/02/202603151203329[2].jpg,보호중,M,U,매우사납고 경계심이 많음,343446201800002,괴산증평동물보호센터,010-3169-1151,충청북도 증평군 도안면 입장길 239 (도안면) ,정해승,충청북도 괴산군,2026-03-15 12:18:46.0,,,,사상충,,,,
441391202600164,20260311,오산미군기지 앞 (신장동),[개] 비숑 프리제,417000,개,000018,비숑 프리제,흰색,2025(년생),4(Kg),경기-평택-2026-00164,20260314,20260324,http://openapi.animal.go.kr/openapi/service/rest/fileDownloadSrvc/files/shelter/2026/02/202603140903521.jpg,http://openapi.animal.go.kr/openapi/service/rest/fileDownloadSrvc/files/shelter/2026/02/202603140903663.jpg,보호중,M,N,개인구조 후 입소. 중성화x,341391202500001,평택시동물보호센터,031-8024-8080,경기도 평택시 청북읍 청북로 497  ,평택시장,경기도 평택시,2026-03-14 09:56:07.0,,,,,,,,
448538202600065,20260311,하북면용연리9 (대성암),[개] 믹스견,417000,개,000114,믹스견,갈색&흰색,2021(년생),14(Kg),경남-양산-2026-00065,20260313,20260323,http://openapi.animal.go.kr/openapi/service/rest/fileDownloadSrvc/files/shelter/2026/02/202603131703130[1].jpg,http://openapi.animal.go.kr/openapi/service/rest/fileDownloadSrvc/files/shelter/2026/02/202603131703661[1].jpg,보호중,F,U,"갈색흰색,순함,심장사상충양성",348538200900001,양산시 동물보호센터,055-392-5669,경상남도 양산시 동면 양산대로 618  양산시 농업기술센터,양산시장,경상남도 양산시,2026-03-13 17:55:44.0,,,"광견병,종합백신","사상충,파보,코로나",,,,
448537202600176,20260311,어온리 마을 회관 ,[고양이] 한국 고양이,422400,고양이,000200,한국 고양이,레몬색&흰색,2024(년생),3(Kg),경남-거제-2026-00115,20260313,20260323,http://openapi.animal.go.kr/openapi/service/rest/fileDownloadSrvc/files/shelter/2026/02/202603131403967.jpg,http://openapi.animal.go.kr/openapi/service/rest/fileDownloadSrvc/files/shelter/2026/02/202603131403479.jpg,보호중,F,Y,중성화는 되어있으나 귀 컷팅 안되있음(귀 컷팅후 방사 예정),348537200900002,거제시동물보호센터,055-639-6368,경상남도 거제시 사등면 두동로1길 107  거제시동물보호센터,거제시청,경상남도 거제시,2026-03-13 14:54:24.0,,,,,,,,
446499202600050,20260311,완도 약산면 천동넙고길145-1,[개] 믹스견,417000,개,000114,믹스견,갈색&흰색,2024(년생),5(Kg),전남-완도-2026-00050,20260313,20260323,http://openapi.animal.go.kr/openapi/service/rest/fileDownloadSrvc/files/shelter/2026/02/202603130803797.jpg,http://openapi.animal.go.kr/openapi/service/rest/fileDownloadSrvc/files/shelter/2026/02/202603130803895.jpg,보호중,F,N,갈색&흰색,346499201300001,유기동물임시보호센터,061-550-5749,전라남도 완도군 신지면 신지로6번길 23-89 (신지면) ,완도군수,전라남도 완도군,2026-03-13 08:05:04.0,,,,,,,,
446497202600085,20260311,영광읍 옥당로1길 34,[개] 믹스견,417000,개,000114,믹스견,갈색&흰색,2024(년생),8(Kg),전남-영광-2026-00085,20260313,20260323,http://openapi.animal.go.kr/openapi/service/rest/fileDownloadSrvc/files/shelter/2026/02/202603131303175.jpg,http://openapi.animal.go.kr/openapi/service/rest/fileDownloadSrvc/files/shelter/2026/02/202603131303391[2].jpg,보호중,F,N,영광읍 옥당로1길 34에서 발견된 믹스 암컷 강아지,346497201300001,영광동물보호센터,010-9188-5525,전라남도 영광군 불갑면 함영로 2755-48  ,허수영,전라남도 영광군,2026-03-13 14:27:39.0,,,,,,,,
446494202600083,20260311,신북면 행정리 594,[개] 믹스견,417000,개,000114,믹스견,흰색&황갈색,2023(년생),14(Kg),전남-영암-2026-00083,20260313,20260323,http://openapi.animal.go.kr/openapi/service/rest/fileDownloadSrvc/files/shelter/2026/02/202603131503755.png,http://openapi.animal.go.kr/openapi/service/rest/fileDownloadSrvc/files/shelter/2026/02/202603131503779.png,보호중,M,N,대체로 건강하나 야생적ㅇ니 면이 있음,346494201700001,유기동물 삼호 보호소,010-9599-5400,전라남도 영암군 삼호읍 녹색로 1117-49 (삼호읍) 영암유기동물 삼호보호소,임동원,전라남도 영암군,2026-03-13 15:59:29.0,,,,,,,,
446494202600082,20260311,신북면 행정리 594,[개] 믹스견,417000,개,000114,믹스견,옅은 황색,2026(60일미만)(년생),4(Kg),전남-영암-2026-00082,20260313,20260323,http://openapi.animal.go.kr/openapi/service/rest/fileDownloadSrvc/files/shelter/2026/02/202603131503158.png,http://openapi.animal.go.kr/openapi/service/rest/fileDownloadSrvc/files/shelter/2026/02/202603131503170.png,보호중,M,N,대체로 건강하나 야생적ㅇ니 면이 있음,346494201700001,유기동물 삼호 보호소,010-9599-5400,전라남도 영암군 삼호읍 녹색로 1117-49 (삼호읍) 영암유기동물 삼호보호소,임동원,전라남도 영암군,2026-03-13 15:59:23.0,,,,,,,,
446494202600081,20260311,영암읍 배날리길 96,[개] 믹스견,417000,개,000114,믹스견,갈색&흰색,2026(60일미만)(년생),1.5(Kg),전남-영암-2026-00081,20260313,20260323,http://openapi.animal.go.kr/openapi/service/rest/fileDownloadSrvc/files/shelter/2026/02/202603131503519.png,http://openapi.animal.go.kr/openapi/service/rest/fileDownloadSrvc/files/shelter/2026/02/202603131503533.png,보호중,M,N,대체로 건강하며 사람과의 사회성 좋음,346494201700001,유기동물 삼호 보호소,010-9599-5400,전라남도 영암군 삼호읍 녹색로 1117-49 (삼호읍) 영암유기동물 삼호보호소,임동원,전라남도 영암군,2026-03-13 15:59:12.0,,,,,,,,
442424202600032,20260311,원덕읍 삼척로 486-37,[개] 믹스견,417000,개,000114,믹스견,갈색&흰색,2026(년생),3(Kg),강원-삼척-2026-00020,20260313,20260323,http://openapi.animal.go.kr/openapi/service/rest/fileDownloadSrvc/files/shelter/2026/02/202603120903638.jpg,http://openapi.animal.go.kr/openapi/service/rest/fileDownloadSrvc/files/shelter/2026/02/202603120903867.jpg,보호중,M,N,보호자 사망으로 입소,342424201300001,삼척시동물보호센터,033-571-2610,강원도 삼척시 미로면 동안로 86-45  ,삼척시장,강원특별자치도 삼척시,2026-03-12 10:28:30.0,,,,,,,,
442424202600031,20260311,원덕읍 삼척로 486-37,[개] 믹스견,417000,개,000114,믹스견,흰색,2024(년생),10(Kg),강원-삼척-2026-00019,20260313,20260323,http://openapi.animal.go.kr/openapi/service/rest/fileDownloadSrvc/files/shelter/2026/02/202603120903895.jpg,http://openapi.animal.go.kr/openapi/service/rest/fileDownloadSrvc/files/shelter/2026/02/202603120903169.jpg,보호중,M,N,보호자 사망으로 입소,342424201300001,삼척시동물보호센터,033-571-2610,강원도 삼척시 미로면 동안로 86-45  ,삼척시장,강원특별자치도 삼척시,2026-03-12 10:28:30.0,,,,,,,,
442424202600030,20260311,원덕읍 삼척로 486-37,[개] 믹스견,417000,개,000114,믹스견,갈색,2025(년생),7(Kg),강원-삼척-2026-00018,20260313,20260323,http://openapi.animal.go.kr/openapi/service/rest/fileDownloadSrvc/files/shelter/2026/02/202603120903839.jpg,http://openapi.animal.go.kr/openapi/service/rest/fileDownloadSrvc/files/shelter/2026/02/202603120903136.jpg,보호중,F,N,보호자 사망으로 입소,342424201300001,삼척시동물보호센터,033-571-2610,강원도 삼척시 미로면 동안로 86-45  ,삼척시장,강원특별자치도 삼척시,2026-03-12 10:28:29.0,,,,,,,,
442424202600029,20260311,원덕읍 삼척로 486-37,[개] 믹스견,417000,개,000114,믹스견,흰색,2023(년생),9(Kg),강원-삼척-2026-00017,20260313,20260323,http://openapi.animal.go.kr/openapi/service/rest/fileDownloadSrvc/files/shelter/2026/02/202603120903845.jpg,http://openapi.animal.go.kr/openapi/service/rest/fileDownloadSrvc/files/shelter/2026/02/202603120903993.jpg,보호중,F,N,보호자 사망으로 입소,342424201300001,삼척시동물보호센터,033-571-2610,강원도 삼척시 미로면 동안로 86-45  ,삼척시장,강원특별자치도 삼척시,2026-03-12 10:28:29.0,,,,,,,,
430367202600142,20260311,하기동 송림마을 408동,[고양이] 한국 고양이,422400,고양이,000200,한국 고양이,기타(회백),2023(년생),4(Kg),대전-유성-2026-00035,20260313,20260323,http://openapi.animal.go.kr/openapi/service/rest/fileDownloadSrvc/files/shelter/2026/02/202603131403971.png,http://openapi.animal.go.kr/openapi/service/rest/fileDownloadSrvc/files/shelter/2026/02/202603131403991.png,종료(자연사),Q,U,교통사고,330367200900001,대전동물보호센터,042-270-7239,대전광역시 유성구 금남구즉로 1234 (금고동) 대전광역시 동물보호센터,대전광역시,대전광역시 유성구,2026-03-14 09:13:54.0,,,,,,,,
428353202600104,20260311,간석동 85-1,[개] 요크셔 테리어,417000,개,000113,요크셔 테리어,은색&갈색,2011(년생),1.88(Kg),인천-남동-2026-00072,20260313,20260323,http://openapi.animal.go.kr/openapi/service/rest/fileDownloadSrvc/files/shelter/2026/02/202603111303879.jpg,http://openapi.animal.go.kr/openapi/service/rest/fileDownloadSrvc/files/shelter/2026/02/202603111303600.jpg,보호중,M,Y,눈이 예쁨,328353202600004,시민동물병원,032-426-4545,인천광역시 부평구 경인로 855 (부평동) ,정용길,인천광역시 남동구,2026-03-16 10:37:10.0,,,,,,,,
426338202600028,20260311,수영구청 당직실,[기타축종] 담비,429900,기타,000117,기타축종,기타(검+갈),2026(60일미만)(년생),0.5(Kg),부산-수영-2026-00030,20260313,20260323,http://openapi.animal.go.kr/openapi/service/rest/fileDownloadSrvc/files/shelter/2026/02/202603131803530.jpg,http://openapi.animal.go.kr/openapi/service/rest/fileDownloadSrvc/files/shelter/2026/02/202603131803539.jpg,보호중,Q,U,"겁 많음, 향기+냄새 같이 남, 검정+갈색",326338201300001,(사)동부동물보호협회,051-701-7599,부산광역시 해운대구 송정2로13번길 46 (송정동) ,장영철,부산광역시 수영구,2026-03-13 18:15:42.0,,,,,,,,
450650202600541,20260311,제주시 애월읍 애월해안로 849 카페모들,[고양이] 터키시 앙고라,422400,고양이,000195,터키시 앙고라,흰색,2021(년생),5(Kg),제주-제주-2026-00529,20260312,20260323,http://openapi.animal.go.kr/openapi/service/rest/fileDownloadSrvc/files/shelter/2026/02/20260312090346.jpg,http://openapi.animal.go.kr/openapi/service/rest/fileDownloadSrvc/files/shelter/2026/02/20260312090357.jpg,보호중,M,Y,개체관리번호 26054,350650201200001,제주 동물보호센터,064-710-4065,제주특별자치도 제주시 첨단동길 184-14 (용강동) ,문성업,제주특별자치도,2026-03-12 09:53:59.0,,,,,,,,
450650202600540,20260311,제주시 아라일동 아란13길 15 제대병원 뒤 산책로 인근,[개] 믹스견,417000,개,000114,믹스견,흰색,2026(년생),7(Kg),제주-제주-2026-00528,20260312,20260323,http://openapi.animal.go.kr/openapi/service/rest/fileDownloadSrvc/files/shelter/2026/02/202603120903713.jpg,http://openapi.animal.go.kr/openapi/service/rest/fileDownloadSrvc/files/shelter/2026/02/202603120903727[1].jpg,보호중,F,N,개체관리번호 0492 - 3개월/동물보호단체 임시보호 및 기증예정,350650201200001,제주 동물보호센터,064-710-4065,제주특별자치도 제주시 첨단동길 184-14 (용강동) ,문성업,제주특별자치도,2026-03-12 09:53:59.0,,,,,,,,
450650202600539,20260311,제주시 구좌읍 송당리 937-3,[개] 삽살개,417000,개,000001,삽살개,흰색,2024(년생),16(Kg),제주-제주-2026-00527,20260312,20260323,http://openapi.animal.go.kr/openapi/service/rest/fileDownloadSrvc/files/shelter/2026/02/202603120903264.jpg,http://openapi.animal.go.kr/openapi/service/rest/fileDownloadSrvc/files/shelter/2026/02/202603120903278.jpg,보호중,M,N,개체관리번호 0491 - 전신피부병,350650201200001,제주 동물보호센터,064-710-4065,제주특별자치도 제주시 첨단동길 184-14 (용강동) ,문성업,제주특별자치도,2026-03-12 09:53:59.0,,,,,,,,
450650202600538,20260311,제주시 애월읍 봉성리 1442 앞,[개] 믹스견,417000,개,000114,믹스견,갈색,2026(년생),9.7(Kg),제주-제주-2026-00526,20260312,20260323,http://openapi.animal.go.kr/openapi/service/rest/fileDownloadSrvc/files/shelter/2026/02/202603120903734.jpg,http://openapi.animal.go.kr/openapi/service/rest/fileDownloadSrvc/files/shelter/2026/02/202603120903747.jpg,보호중,M,N,개체관리번호 0490 - 5개월,350650201200001,제주 동물보호센터,064-710-4065,제주특별자치도 제주시 첨단동길 184-14 (용강동) ,문성업,제주특별자치도,2026-03-12 09:53:59.0,,,,,,,,
450650202600537,20260311,제주시 구좌읍 한동로 175 창고인근,[개] 믹스견,417000,개,000114,믹스견,갈색,2023(년생),24(Kg),제주-제주-2026-00525,20260312,20260323,http://openapi.animal.go.kr/openapi/service/rest/fileDownloadSrvc/files/shelter/2026/02/202603120903500.jpg,http://openapi.animal.go.kr/openapi/service/rest/fileDownloadSrvc/files/shelter/2026/02/202603120903513.jpg,보호중,M,N,개체관리번호 0489 - 빨파목줄/심장사상충,350650201200001,제주 동물보호센터,064-710-4065,제주특별자치도 제주시 첨단동길 184-14 (용강동) ,문성업,제주특별자치도,2026-03-12 09:53:58.0,,,,,,,,
450650202600536,20260311,서귀포시 남원읍 위미리 2537,[개] 믹스견,417000,개,000114,믹스견,흰색,2026(60일미만)(년생),0.4(Kg),제주-제주-2026-00524,20260312,20260323,http://openapi.animal.go.kr/openapi/service/rest/fileDownloadSrvc/files/shelter/2026/02/202603120903900.jpg,http://openapi.animal.go.kr/openapi/service/rest/fileDownloadSrvc/files/shelter/2026/02/202603120903912.jpg,보호중,F,N,개체관리번호 0488 - 1일차,350650201200001,제주 동물보호센터,064-710-4065,제주특별자치도 제주시 첨단동길 184-14 (용강동) ,문성업,제주특별자치도,2026-03-12 09:53:58.0,,,,,,,,
450650202600535,20260311,서귀포시 남원읍 위미리 2537,[개] 믹스견,417000,개,000114,믹스견,갈색,2026(60일미만)(년생),0.4(Kg),제주-제주-2026-00523,20260312,20260323,http://openapi.animal.go.kr/openapi/service/rest/fileDownloadSrvc/files/shelter/2026/02/202603120903909[1].jpg,http://openapi.animal.go.kr/openapi/service/rest/fileDownloadSrvc/files/shelter/2026/02/202603120903920.jpg,보호중,M,N,개체관리번호 0487 - 1일차,350650201200001,제주 동물보호센터,064-710-4065,제주특별자치도 제주시 첨단동길 184-14 (용강동) ,문성업,제주특별자치도,2026-03-12 09:53:58.0,,,,,,,,
450650202600534,20260311,서귀포시 남원읍 위미리 2537,[개] 믹스견,417000,개,000114,믹스견,갈색,2026(60일미만)(년생),0.4(Kg),제주-제주-2026-00522,20260312,20260323,http://openapi.animal.go.kr/openapi/service/rest/fileDownloadSrvc/files/shelter/2026/02/202603120903606.jpg,http://openapi.animal.go.kr/openapi/service/rest/fileDownloadSrvc/files/shelter/2026/02/202603120903620.jpg,보호중,M,N,개체관리번호 0486 - 1일차,350650201200001,제주 동물보호센터,064-710-4065,제주특별자치도 제주시 첨단동길 184-14 (용강동) ,문성업,제주특별자치도,2026-03-12 09:53:58.0,,,,,,,,
450650202600533,20260311,서귀포시 남원읍 위미리 2537,[개] 믹스견,417000,개,000114,믹스견,갈색,2026(60일미만)(년생),0.4(Kg),제주-제주-2026-00521,20260312,20260323,http://openapi.animal.go.kr/openapi/service/rest/fileDownloadSrvc/files/shelter/2026/02/202603120903576.jpg,http://openapi.animal.go.kr/openapi/service/rest/fileDownloadSrvc/files/shelter/2026/02/202603120903590.jpg,보호중,M,N,개체관리번호 0485 - 1일차,350650201200001,제주 동물보호센터,064-710-4065,제주특별자치도 제주시 첨단동길 184-14 (용강동) ,문성업,제주특별자치도,2026-03-12 09:53:58.0,,,,,,,,
450650202600532,20260311,서귀포시 남원읍 위미리 2537,[개] 믹스견,417000,개,000114,믹스견,갈색,2026(60일미만)(년생),0.4(Kg),제주-제주-2026-00520,20260312,20260323,http://openapi.animal.go.kr/openapi/service/rest/fileDownloadSrvc/files/shelter/2026/02/202603120903412.jpg,http://openapi.animal.go.kr/openapi/service/rest/fileDownloadSrvc/files/shelter/2026/02/202603120903436.jpg,보호중,F,N,개체관리번호 0484 - 1일차,350650201200001,제주 동물보호센터,064-710-4065,제주특별자치도 제주시 첨단동길 184-14 (용강동) ,문성업,제주특별자치도,2026-03-12 09:53:57.0,,,,,,,,
450650202600531,20260311,서귀포시 남원읍 위미리 2537,[개] 믹스견,417000,개,000114,믹스견,갈색,2026(60일미만)(년생),0.4(Kg),제주-제주-2026-00519,20260312,20260323,http://openapi.animal.go.kr/openapi/service/rest/fileDownloadSrvc/files/shelter/2026/02/202603120903483.jpg,http://openapi.animal.go.kr/openapi/service/rest/fileDownloadSrvc/files/shelter/2026/02/202603120903498.jpg,보호중,F,N,개체관리번호 0483 - 1일차,350650201200001,제주 동물보호센터,064-710-4065,제주특별자치도 제주시 첨단동길 184-14 (용강동) ,문성업,제주특별자치도,2026-03-12 09:53:39.0,,,,,,,,
450650202600530,20260311,서귀포시 남원읍 위미리 2537,[개] 믹스견,417000,개,000114,믹스견,갈색,2023(년생),14.5(Kg),제주-제주-2026-00518,20260312,20260323,http://openapi.animal.go.kr/openapi/service/rest/fileDownloadSrvc/files/shelter/2026/02/202603120903317[1].jpg,http://openapi.animal.go.kr/openapi/service/rest/fileDownloadSrvc/files/shelter/2026/02/202603120903330.jpg,보호중,F,U,개체관리번호 0482,350650201200001,제주 동물보호센터,064-710-4065,제주특별자치도 제주시 첨단동길 184-14 (용강동) ,문성업,제주특별자치도,2026-03-12 09:53:39.0,,,,,,,,
450650202600529,20260311,서귀포시 남원읍 위미리 4196-2,[개] 믹스견,417000,개,000114,믹스견,갈색,2024(년생),15(Kg),제주-제주-2026-00517,20260312,20260323,http://openapi.animal.go.kr/openapi/service/rest/fileDownloadSrvc/files/shelter/2026/02/202603120903385.jpg,http://openapi.animal.go.kr/openapi/service/rest/fileDownloadSrvc/files/shelter/2026/02/202603120903398[1].jpg,보호중,M,N,개체관리번호 0481 - 검정목줄/양전지관절 경화,350650201200001,제주 동물보호센터,064-710-4065,제주특별자치도 제주시 첨단동길 184-14 (용강동) ,문성업,제주특별자치도,2026-03-12 09:53:38.0,,,,,,,,
450650202600528,20260311,서귀포시 남원읍 위미리 1177-1,[개] 믹스견,417000,개,000114,믹스견,갈색,2026(년생),8.1(Kg),제주-제주-2026-00516,20260312,20260323,http://openapi.animal.go.kr/openapi/service/rest/fileDownloadSrvc/files/shelter/2026/02/202603120903242.jpg,http://openapi.animal.go.kr/openapi/service/rest/fileDownloadSrvc/files/shelter/2026/02/202603120903271.jpg,보호중,F,N,개체관리번호 0480 - 3개월,350650201200001,제주 동물보호센터,064-710-4065,제주특별자치도 제주시 첨단동길 184-14 (용강동) ,문성업,제주특별자치도,2026-03-12 09:53:38.0,,,,,,,,
450650202600527,20260311,서귀포시 남원읍 위미리 1177-1,[개] 믹스견,417000,개,000114,믹스견,갈색,2026(년생),7.1(Kg),제주-제주-2026-00515,20260312,20260323,http://openapi.animal.go.kr/openapi/service/rest/fileDownloadSrvc/files/shelter/2026/02/202603120903780.jpg,http://openapi.animal.go.kr/openapi/service/rest/fileDownloadSrvc/files/shelter/2026/02/202603120903828.jpg,보호중,F,U,개체관리번호 0479 - 3개월,350650201200001,제주 동물보호센터,064-710-4065,제주특별자치도 제주시 첨단동길 184-14 (용강동) ,문성업,제주특별자치도,2026-03-12 09:53:38.0,,,,,,,,
450650202600526,20260311,서귀포시 남원읍 위미리 1177-1,[개] 믹스견,417000,개,000114,믹스견,갈색,2023(년생),19.4(Kg),제주-제주-2026-00514,20260312,20260323,http://openapi.animal.go.kr/openapi/service/rest/fileDownloadSrvc/files/shelter/2026/02/202603120903808.jpg,http://openapi.animal.go.kr/openapi/service/rest/fileDownloadSrvc/files/shelter/2026/02/202603120903821.jpg,보호중,F,U,개체관리번호 0478 - 파빨목줄,350650201200001,제주 동물보호센터,064-710-4065,제주특별자치도 제주시 첨단동길 184-14 (용강동) ,문성업,제주특별자치도,2026-03-12 09:53:38.0,,,,,,,,
450650202600525,20260311,서귀포시 남원읍 위미리 1177-1,[개] 믹스견,417000,개,000114,믹스견,갈색,2026(년생),9.9(Kg),제주-제주-2026-00513,20260312,20260323,http://openapi.animal.go.kr/openapi/service/rest/fileDownloadSrvc/files/shelter/2026/02/20260312090318.jpg,http://openapi.animal.go.kr/openapi/service/rest/fileDownloadSrvc/files/shelter/2026/02/20260312090330.jpg,보호중,M,N,개체관리번호 0477 - 3개월,350650201200001,제주 동물보호센터,064-710-4065,제주특별자치도 제주시 첨단동길 184-14 (용강동) ,문성업,제주특별자치도,2026-03-12 09:53:37.0,,,,,,,,
450650202600524,20260311,서귀포시 남원읍 위미리 1177-1,[개] 믹스견,417000,개,000114,믹스견,갈색&검정,2022(년생),24(Kg),제주-제주-2026-00512,20260312,20260323,http://openapi.animal.go.kr/openapi/service/rest/fileDownloadSrvc/files/shelter/2026/02/202603120903424[1].jpg,http://openapi.animal.go.kr/openapi/service/rest/fileDownloadSrvc/files/shelter/2026/02/202603120903464.jpg,보호중,M,N,개체관리번호 0476,350650201200001,제주 동물보호센터,064-710-4065,제주특별자치도 제주시 첨단동길 184-14 (용강동) ,문성업,제주특별자치도,2026-03-12 09:53:37.0,,,,,,,,
448567202600206,20260311,진해구 용원동 부산신항4단지 부영@ 408동 앞,[개] 스피츠,417000,개,000124,스피츠,흰색,2015(년생),10(Kg),경남-창원1-2026-00131,20260312,20260323,http://openapi.animal.go.kr/openapi/service/rest/fileDownloadSrvc/files/shelter/2026/02/202603120703384.jpg,http://openapi.animal.go.kr/openapi/service/rest/fileDownloadSrvc/files/shelter/2026/02/202603120703177.jpg,종료(반환),M,Y,"내장칩있음, 보호자와 연락됨",348527200900001,창원동물보호센터,055-225-5701,경상남도 창원시 성산구 공단로474번길 117 (상복동) 창원동물보호센터,창원시장,경상남도 창원시 의창성산구,2026-03-12 10:48:02.0,410100012727252,-,,,,,,
448567202600205,20260311,마산합포구 상남동 230-31 주변,[개] 치와와,417000,개,000032,치와와,검정&흰색,2022(년생),1.8(Kg),경남-창원1-2026-00130,20260312,20260323,http://openapi.animal.go.kr/openapi/service/rest/fileDownloadSrvc/files/shelter/2026/02/202603120703612.jpg,http://openapi.animal.go.kr/openapi/service/rest/fileDownloadSrvc/files/shelter/2026/02/202603120703716.jpg,보호중,F,U,"세상 쪼꼬미, 마른 편, 치와와 믹스 같기도 함, 출근 길에 같이 나온 듯,,",348527200900001,창원동물보호센터,055-225-5701,경상남도 창원시 성산구 공단로474번길 117 (상복동) 창원동물보호센터,창원시장,경상남도 창원시 의창성산구,2026-03-12 07:48:14.0,,,,,,,,
448541202600155,20260311,영산면 금전길,[고양이] 한국 고양이,422400,고양이,000200,한국 고양이,레몬색&흰색,2026(년생),2(Kg),경남-창녕-2026-00093,20260312,20260323,http://openapi.animal.go.kr/openapi/service/rest/fileDownloadSrvc/files/shelter/2026/02/202603122103452.jpg,http://openapi.animal.go.kr/openapi/service/rest/fileDownloadSrvc/files/shelter/2026/02/202603122103561.jpg,보호중,M,Y,눈질환,348541201300001,창녕 유기동물보호소,010-5488-5003,경상남도 창녕군 고암면 창밀로 335-26 (고암면) 고암면 억만리 28,황재균,경상남도 창녕군,2026-03-12 22:01:15.0,,,,,,,,
448535202600116,20260311,김해시 진례면 신안리 도로 부근,[개] 푸들,417000,개,000128,푸들,갈색,2023(년생),3(Kg),경남-김해-2026-00110,20260312,20260323,http://openapi.animal.go.kr/openapi/service/rest/fileDownloadSrvc/files/shelter/2026/02/202603120903648.png,http://openapi.animal.go.kr/openapi/service/rest/fileDownloadSrvc/files/shelter/2026/02/20260312090356.png,보호중,M,U,"김해시-110, 블랙&화이트 하네스 착용",348535202400001,(사)동물보호관리협회,051-971-6208,부산광역시 강서구 가락대로1283번길 25-2 (봉림동) ,변재갑,경상남도 김해시,2026-03-12 09:09:35.0,,,,,,,,
447525202600034,20260311,평해읍,[개] 믹스견,417000,개,000114,믹스견,흰색&갈색&탄,2025(년생),8(Kg),경북-울진-2026-00030,20260312,20260323,http://openapi.animal.go.kr/openapi/service/rest/fileDownloadSrvc/files/shelter/2026/02/202603121403792.jpg,http://openapi.animal.go.kr/openapi/service/rest/fileDownloadSrvc/files/shelter/2026/02/202603121403328.jpg,보호중,M,U,친근하고 온순함,347525202100001,울진군동물보호센터,054-789-6795,경상북도 울진군 울진읍 대흥신림로 916-37  ,울진군수,경상북도 울진군,2026-03-12 14:02:24.0,,,,,,,,
447525202600033,20260311,평해읍,[개] 믹스견,417000,개,000114,믹스견,금색,2025(년생),8(Kg),경북-울진-2026-00029,20260312,20260323,http://openapi.animal.go.kr/openapi/service/rest/fileDownloadSrvc/files/shelter/2026/02/202603121303988.jpg,http://openapi.animal.go.kr/openapi/service/rest/fileDownloadSrvc/files/shelter/2026/02/202603121403693.jpg,보호중,M,U,친근하고 온순함,347525202100001,울진군동물보호센터,054-789-6795,경상북도 울진군 울진읍 대흥신림로 916-37  ,울진군수,경상북도 울진군,2026-03-12 14:00:18.0,,,,,,,,
447525202600032,20260311,평해읍,[개] 믹스견,417000,개,000114,믹스견,호반색(호랑이무늬),2026(60일미만)(년생),6(Kg),경북-울진-2026-00028,20260312,20260323,http://openapi.animal.go.kr/openapi/service/rest/fileDownloadSrvc/files/shelter/2026/02/202603121303304.jpg,http://openapi.animal.go.kr/openapi/service/rest/fileDownloadSrvc/files/shelter/2026/02/202603121303242.jpg,보호중,M,U,친근하고 온순함,347525202100001,울진군동물보호센터,054-789-6795,경상북도 울진군 울진읍 대흥신림로 916-37  ,울진군수,경상북도 울진군,2026-03-12 13:57:37.0,,,,,,,,
447512202600283,20260311,산양파출소,[개] 믹스견,417000,개,000114,믹스견,흰색,2023(년생),8(Kg),경북-문경-2026-00074,20260312,20260319,http://openapi.animal.go.kr/openapi/service/rest/fileDownloadSrvc/files/shelter/2026/02/202603121603198[1].jpg,http://openapi.animal.go.kr/openapi/service/rest/fileDownloadSrvc/files/shelter/2026/02/202603121603242.jpg,보호중,F,N,교통사고로 오른쪽눈 출혈상태이고 기립불능,347512201700001,종합축산,054-552-2233,경상북도 문경시 중앙로 170 (흥덕동) 종합축산,손호순,경상북도 문경시,2026-03-12 16:36:01.0,,,,,,,,
447509202600079,20260311,택지 코아루 노블 뒤 산책로,[개] 믹스견,417000,개,000114,믹스견,흰색&검은반점,2025(년생),3.5(Kg),경북-영주-2026-00078,20260312,20260323,http://openapi.animal.go.kr/openapi/service/rest/fileDownloadSrvc/files/shelter/2026/02/202603121703620.jpeg,http://openapi.animal.go.kr/openapi/service/rest/fileDownloadSrvc/files/shelter/2026/02/202603121703659.jpeg,보호중,F,N,외곽도로와 산책로 사이에서 웅크리고 있었음,347509200900001,영주시 동물보호센터,054-631-3997,경상북도 영주시 장수면 반구로 143 [*미고시] 영주시동물보호센터,영주시 농업기술센터,경상북도 영주시,2026-03-12 17:45:10.0,,,,,,,,
447507202600039,20260311,정하동 먼다리생선구이,[개] 말티즈,417000,개,000072,말티즈,흰색,2022(년생),3(Kg),경북-안동-2026-00041,20260312,20260319,http://openapi.animal.go.kr/openapi/service/rest/fileDownloadSrvc/files/shelter/2026/02/202603122303722.jpg,http://openapi.animal.go.kr/openapi/service/rest/fileDownloadSrvc/files/shelter/2026/02/202603122303857.jpg,종료(반환),F,Y,옷착용.미용됨.양호.매우순함,347507200900001,유기동물보호센터,010-7703-1999,경상북도 안동시 서후면 풍산태사로 3252-29 (서후면) ,조종영,경상북도 안동시,2026-03-12 23:42:36.0,,,,,,,,
447507202600035,20260311,일직면 망호한길,[개] 믹스견,417000,개,000114,믹스견,금색,2024(년생),5(Kg),경북-안동-2026-00037,20260312,20260319,http://openapi.animal.go.kr/openapi/service/rest/fileDownloadSrvc/files/shelter/2026/02/202603121303530.jpg,http://openapi.animal.go.kr/openapi/service/rest/fileDownloadSrvc/files/shelter/2026/02/202603121303589.jpg,보호중,F,N,매우순함.영리하고 얌전하고 차분한성향.,347507200900001,유기동물보호센터,010-7703-1999,경상북도 안동시 서후면 풍산태사로 3252-29 (서후면) ,조종영,경상북도 안동시,2026-03-12 13:58:16.0,,,,,,,,
446493202600048,20260311,송지면 금강리,[개] 믹스견,417000,개,000114,믹스견,갈색&흰색,2026(60일미만)(년생),0.85(Kg),전남-해남-2026-00048,20260312,20260323,http://openapi.animal.go.kr/openapi/service/rest/fileDownloadSrvc/files/shelter/2026/02/202603111603958.jpg,http://openapi.animal.go.kr/openapi/service/rest/fileDownloadSrvc/files/shelter/2026/02/202603111603981.jpg,보호중,M,U,사람을 잘따름.,346493200900001,해남유기동물보호센터,061-531-3916,전라남도 해남군 해남읍 용머리길 14-37  ,명현관,전라남도 해남군,2026-03-11 16:20:20.0,,,,,,,,
446493202600047,20260311,송지면 금강리,[개] 믹스견,417000,개,000114,믹스견,갈색&흰색,2026(60일미만)(년생),0.87(Kg),전남-해남-2026-00047,20260312,20260323,http://openapi.animal.go.kr/openapi/service/rest/fileDownloadSrvc/files/shelter/2026/02/202603111603800.jpg,http://openapi.animal.go.kr/openapi/service/rest/fileDownloadSrvc/files/shelter/2026/02/202603111603825.jpg,보호중,M,U,사람을 잘따름.,346493200900001,해남유기동물보호센터,061-531-3916,전라남도 해남군 해남읍 용머리길 14-37  ,명현관,전라남도 해남군,2026-03-11 16:20:02.0,,,,,,,,
446493202600046,20260311,송지면 금강리,[개] 믹스견,417000,개,000114,믹스견,갈색&흰색,2026(60일미만)(년생),0.52(Kg),전남-해남-2026-00046,20260312,20260323,http://openapi.animal.go.kr/openapi/service/rest/fileDownloadSrvc/files/shelter/2026/02/202603111603872.jpg,http://openapi.animal.go.kr/openapi/service/rest/fileDownloadSrvc/files/shelter/2026/02/202603111603890[2].jpg,보호중,M,U,사람을 잘따름.,346493200900001,해남유기동물보호센터,061-531-3916,전라남도 해남군 해남읍 용머리길 14-37  ,명현관,전라남도 해남군,2026-03-11 16:19:45.0,,,,,,,,
446493202600045,20260311,"북일면 신월리, 북일면사무소",[개] 믹스견,417000,개,000114,믹스견,갈색&흰색,2026(60일미만)(년생),2.56(Kg),전남-해남-2026-00045,20260312,20260323,http://openapi.animal.go.kr/openapi/service/rest/fileDownloadSrvc/files/shelter/2026/02/202603111003871.jpg,http://openapi.animal.go.kr/openapi/service/rest/fileDownloadSrvc/files/shelter/2026/02/202603111003897.jpg,보호중,F,U,사람을 잘따름.,346493200900001,해남유기동물보호센터,061-531-3916,전라남도 해남군 해남읍 용머리길 14-37  ,명현관,전라남도 해남군,2026-03-11 14:37:30.0,,,,,,,,
446493202600044,20260311,"북일면 신월리, 북일면사무소",[개] 믹스견,417000,개,000114,믹스견,흰색,2026(60일미만)(년생),2.89(Kg),전남-해남-2026-00044,20260312,20260323,http://openapi.animal.go.kr/openapi/service/rest/fileDownloadSrvc/files/shelter/2026/02/202603111003742.jpg,http://openapi.animal.go.kr/openapi/service/rest/fileDownloadSrvc/files/shelter/2026/02/202603111003773.jpg,보호중,M,U,사람을 잘따름.,346493200900001,해남유기동물보호센터,061-531-3916,전라남도 해남군 해남읍 용머리길 14-37  ,명현관,전라남도 해남군,2026-03-11 14:37:17.0,,,,,,,,
446492202600009,20260311,전남 강진군 강진읍 고성길 14 (이안가) 주변,[개] 믹스견,417000,개,000114,믹스견,흑갈색,2026(60일미만)(년생),2(Kg),전남-강진-2026-00009,20260312,20260323,http://openapi.animal.go.kr/openapi/service/rest/fileDownloadSrvc/files/shelter/2026/02/202603120903454.jpg,http://openapi.animal.go.kr/openapi/service/rest/fileDownloadSrvc/files/shelter/2026/02/202603120903533.jpg,보호중,F,N,기질이 온순하여 사람을 잘 따르고 얌전함,346492201300001,강진군 유기견 보호소,061-430-3237,"전라남도 강진군 강진읍 초지길 109-62 (강진읍, 강진군상하수도사업소) ",강진군청,전라남도 강진군,2026-03-12 09:40:38.0,,,"광견병,종합백신",사상충,,,,
446489202600020,20260311,조성면 조성로 142-5,[개] 믹스견,417000,개,000114,믹스견,흰색,2025(년생),5.5(Kg),전남-보성-2026-00020,20260312,20260323,http://openapi.animal.go.kr/openapi/service/rest/fileDownloadSrvc/files/shelter/2026/02/202603121103217.jpg,http://openapi.animal.go.kr/openapi/service/rest/fileDownloadSrvc/files/shelter/2026/02/202603121103253.jpg,보호중,M,N,공격성 있음,346489202000001,보성유기동물보호센터,061-853-5405,전라남도 보성군 노동면 노동천동길 221  ,보성군수,전라남도 보성군,2026-03-12 11:11:56.0,,,,,,,,
446481202600180,20260311,봉강서2길 26 기쁨교회 인근,[개] 믹스견,417000,개,000114,믹스견,노란색,2026(60일미만)(년생),3(Kg),전남-여수-2026-00078,20260312,20260323,http://openapi.animal.go.kr/openapi/service/rest/fileDownloadSrvc/files/shelter/2026/02/202603121303747.jpeg,http://openapi.animal.go.kr/openapi/service/rest/fileDownloadSrvc/files/shelter/2026/02/202603121303824.jpeg,보호중,M,N,2-3개월령 새끼강아지 / 구충제 투여,346481200900001,반려동물보호센터,061-659-2474,전라남도 여수시 여수산단로 292-62 (평여동) 반려동물보호센터,여수시청,전라남도 여수시,2026-03-12 17:21:27.0,,,,,,,,
445468202600327,20260311,익산시 황등면 황등4길 4-4,[개] 믹스견,417000,개,000114,믹스견,흰색,2019(년생),8(Kg),전북-익산-2026-00262,20260312,20260323,http://openapi.animal.go.kr/openapi/service/rest/fileDownloadSrvc/files/shelter/2026/02/202603112003518.jpg,http://openapi.animal.go.kr/openapi/service/rest/fileDownloadSrvc/files/shelter/2026/02/202603112003539.jpg,보호중,M,N,스피츠믹스이며 사람을 잘따르고 순함,345468201200001,익산유기동물보호소,063-855-1214,전북특별자치도 익산시 삼기면 황금로 342-17  ,임종현,전북특별자치도 익산시,2026-03-12 08:57:33.0,,,,,,,,
444455202600180,20260311,남일면 신천길99-53,[개] 믹스견,417000,개,000114,믹스견,흰색,2025(년생),8(Kg),충남-금산-2026-00032,20260312,20260323,http://openapi.animal.go.kr/openapi/service/rest/fileDownloadSrvc/files/shelter/2026/02/202603121203861.jpg,http://openapi.animal.go.kr/openapi/service/rest/fileDownloadSrvc/files/shelter/2026/02/202603121203896.png,보호중,M,U,콧등이 검정색이고 꼬리가 말려올라감,344455202300001,제일동물병원,041-751-3739,충청남도 금산군 금산읍 비단로 59  ,김종부,충청남도 금산군,2026-03-12 13:26:48.0,,,,,,,,
443440202600033,20260311,수산면 상천3길30-2,[개] 믹스견,417000,개,000114,믹스견,검정&황갈색,2025(년생),9(Kg),충북-제천-2026-00026,20260312,20260323,http://openapi.animal.go.kr/openapi/service/rest/fileDownloadSrvc/files/shelter/2026/02/202603121503800.jpg,http://openapi.animal.go.kr/openapi/service/rest/fileDownloadSrvc/files/shelter/2026/02/202603121503855.jpg,보호중,F,N,온순함,343440201500002,제천시 동물보호센터,043-647-0059,충청북도 제천시 금성면 적성로8길 51 (금성면) ,오세정,충청북도 제천시,2026-03-12 15:08:54.0,,,"종합백신,코로나","사상충,파보,코로나",,,,
443440202600032,20260311,수산면 상천3길30-2,[개] 믹스견,417000,개,000114,믹스견,갈색,2025(년생),9(Kg),충북-제천-2026-00025,20260312,20260323,http://openapi.animal.go.kr/openapi/service/rest/fileDownloadSrvc/files/shelter/2026/02/20260312140343.jpg,http://openapi.animal.go.kr/openapi/service/rest/fileDownloadSrvc/files/shelter/2026/02/202603121403120.jpg,보호중,F,N,온순함,343440201500002,제천시 동물보호센터,043-647-0059,충청북도 제천시 금성면 적성로8길 51 (금성면) ,오세정,충청북도 제천시,2026-03-12 15:08:32.0,,,"종합백신,코로나","사상충,파보,코로나",,,,
441560202600128,20260311, 경기 포천시 소흘읍 이동교리 730,[개] 믹스견,417000,개,000114,믹스견,기타(흰색),2016(년생),5.7(Kg),경기-포천-2026-00131,20260312,20260323,http://openapi.animal.go.kr/openapi/service/rest/fileDownloadSrvc/files/shelter/2026/02/202603121403840[1].jpg,http://openapi.animal.go.kr/openapi/service/rest/fileDownloadSrvc/files/shelter/2026/02/202603121403854.jpg,보호중,M,Y,온순.겁있음.코갈색.양눈백내장.치석.전신피부질환.양후지파행.고개가우측으로약간기울어짐.꼬리단미안됨.,341560201000002,한국동물구조관리협회,031-867-9119,경기도 양주시 남면 감악산로 63-37  ,김철훈,경기도 포천시,2026-03-12 14:34:53.0,,,,,,,,
441560202600127,20260311,경기 포천시 소흘읍 직동2길 38-21 (직동리) 인근,[개] 믹스견,417000,개,000114,믹스견,기타(흰색),2020(년생),20.2(Kg),경기-포천-2026-00130,20260312,20260323,http://openapi.animal.go.kr/openapi/service/rest/fileDownloadSrvc/files/shelter/2026/02/202603121403865[1].jpg,http://openapi.animal.go.kr/openapi/service/rest/fileDownloadSrvc/files/shelter/2026/02/202603121403876.jpg,보호중,M,N,목부위상처.우전지상안쪽피부상처심함.염증.우전지 발목부위올무자국.콧등상처.온순. 치석.꼬리단미안됨.,341560201000002,한국동물구조관리협회,031-867-9119,경기도 양주시 남면 감악산로 63-37  ,김철훈,경기도 포천시,2026-03-12 14:34:53.0,,,,,,,,
441559202600145,20260311,경기 양주시 삼숭동 580-24 인근,[고양이] 한국 고양이,422400,고양이,000200,한국 고양이,레몬색&흰색,2020(년생),4.9(Kg),경기-양주-2026-00083,20260312,20260323,http://openapi.animal.go.kr/openapi/service/rest/fileDownloadSrvc/files/shelter/2026/02/202603121403305.jpg,http://openapi.animal.go.kr/openapi/service/rest/fileDownloadSrvc/files/shelter/2026/02/202603121403333.jpg,보호중,M,Y,온순. 눈곱. 콧물. 구강질환. 구강 염증 및 침 흘림 심함. 혈변. 기력없음. 이표. 위 앞니 전부 빠짐. ,341559200900001,한국동물구조관리협회,031-867-9119,경기도 양주시 남면 감악산로 63-37 (남면) ,김철훈,경기도 양주시,2026-03-12 17:08:45.0,,,,,,,,
441553202600438,20260311,병점동로 인근,[고양이] 한국 고양이,422400,고양이,000200,한국 고양이,흰색/검은색 얼룩무늬,2024(년생),4(Kg),경기-화성-2026-00440,20260312,20260323,http://openapi.animal.go.kr/openapi/service/rest/fileDownloadSrvc/files/shelter/2026/02/202603121103690.jpg,http://openapi.animal.go.kr/openapi/service/rest/fileDownloadSrvc/files/shelter/2026/02/202603121103958[1].jpg,종료(안락사),Q,U,상태가 많이 안좋고 기운이 없는 상태/몸을 가누지 못하고 서있지 못함,341553202500001,화성시민동물보호센터,010-3969-1034,경기도 화성시 서신면 전곡항로 492  ,장성웅,경기도 화성시,2026-03-13 11:25:15.0,,,,,,,,
441553202600435,20260311,장안면 어은리 인근,[고양이] 한국 고양이,422400,고양이,000200,한국 고양이,평행·전체·부분줄무늬,2024(년생),4.5(Kg),경기-화성-2026-00439,20260312,20260323,http://openapi.animal.go.kr/openapi/service/rest/fileDownloadSrvc/files/shelter/2026/02/202603111703798.jpg,http://openapi.animal.go.kr/openapi/service/rest/fileDownloadSrvc/files/shelter/2026/02/202603111703952.jpg,종료(안락사),Q,U,다리쪽이 다친듯한 고등어냥이/조금 겁이 있으나 순한편임/탈수가 심하여 치료중,341553202500001,화성시민동물보호센터,010-3969-1034,경기도 화성시 서신면 전곡항로 492  ,장성웅,경기도 화성시,2026-03-16 11:13:54.0,,,,,,,,
441553202600434,20260311,서신면 전곡항로 인근,[고양이] 한국 고양이,422400,고양이,000200,한국 고양이,평행·전체·부분줄무늬,2026(년생),2(Kg),경기-화성-2026-00438,20260312,20260323,http://openapi.animal.go.kr/openapi/service/rest/fileDownloadSrvc/files/shelter/2026/02/202603121103245.jpg,http://openapi.animal.go.kr/openapi/service/rest/fileDownloadSrvc/files/shelter/2026/02/202603121103286.jpg,보호중,Q,N,사람 손 탄 귀여운 아기고양이/순하고 얌전한 성격/만져주면 그릉그릉 좋아함,341553202500001,화성시민동물보호센터,010-3969-1034,경기도 화성시 서신면 전곡항로 492  ,장성웅,경기도 화성시,2026-03-12 11:39:34.0,,,,,,,,
441408202600202,20260311,양성 도곡길34-12,[개] 달마시안,417000,개,000039,달마시안,검정&흰색,2024(년생),20.3(Kg),경기-안성-2026-00089,20260312,20260323,http://openapi.animal.go.kr/openapi/service/rest/fileDownloadSrvc/files/shelter/2026/02/202603111703476.jpg,http://openapi.animal.go.kr/openapi/service/rest/fileDownloadSrvc/files/shelter/2026/02/202603111703988.jpg,보호중,F,U,순함,341408200900001,안성시동물보호센터,031-673-5491,경기도 안성시 보개원삼로 157 (가사동) 미래동물병원,이성준,경기도 안성시,2026-03-12 09:50:53.0,,,"종합백신,호흡기","파보,홍역",,,,
441406202600106,20260311,경기 파주시 적성면 산덕골길 109 (장현리) 인근,[개] 믹스견,417000,개,000114,믹스견,기타(흰색),2020(년생),18(Kg),경기-파주-2026-00102,20260312,20260323,http://openapi.animal.go.kr/openapi/service/rest/fileDownloadSrvc/files/shelter/2026/02/202603121403179.jpg,http://openapi.animal.go.kr/openapi/service/rest/fileDownloadSrvc/files/shelter/2026/02/202603121403191.jpg,보호중,M,N,온순.얌전.약간겁있음.전신피부질환.코분홍.양눈결막염.눈곱.치석.꼬리단미안됨.털상태양호. ,341406202200002,한국동물구조관리협회,031-867-9119,경기도 양주시 남면 감악산로 63-37  ,김철훈,경기도 파주시,2026-03-12 14:29:09.0,,,,,,,,
441394202600208,20260311,관산동 826-3 부근,[개] 믹스견,417000,개,000114,믹스견,황갈색,2026(년생),4.9(Kg),경기-고양-2026-00101,20260312,20260323,http://openapi.animal.go.kr/openapi/service/rest/fileDownloadSrvc/files/shelter/2026/02/202603111803708.jpg,http://openapi.animal.go.kr/openapi/service/rest/fileDownloadSrvc/files/shelter/2026/02/202603111803802.jpg,보호중,M,N,없음,341394201400001,고양시동물보호센터,031-962-3232,"경기도 고양시 덕양구 고양대로 1695 (원흥동, 고양시 농업기술센터) 고양시동물보호센터",권지선,경기도 고양시,2026-03-12 14:24:16.0,,,"종합백신,코로나","사상충,파보,코로나,홍역",,,,
441394202600207,20260311,관산동 826-3 부근,[개] 믹스견,417000,개,000114,믹스견,황갈색,2026(년생),3.7(Kg),경기-고양-2026-00100,20260312,20260323,http://openapi.animal.go.kr/openapi/service/rest/fileDownloadSrvc/files/shelter/2026/02/20260311180337.jpg,http://openapi.animal.go.kr/openapi/service/rest/fileDownloadSrvc/files/shelter/2026/02/20260311180377.jpg,보호중,M,N,강아지 (임시보호26.03.14~05.13),341394201400001,고양시동물보호센터,031-962-3232,"경기도 고양시 덕양구 고양대로 1695 (원흥동, 고양시 농업기술센터) 고양시동물보호센터",권지선,경기도 고양시,2026-03-17 11:00:22.0,,,"종합백신,코로나","파보,코로나,홍역",,,,
441394202600206,20260311,관산동 826-3 부근,[개] 믹스견,417000,개,000114,믹스견,흑갈색,2026(년생),4(Kg),경기-고양-2026-00099,20260312,20260323,http://openapi.animal.go.kr/openapi/service/rest/fileDownloadSrvc/files/shelter/2026/02/202603111803137.jpg,http://openapi.animal.go.kr/openapi/service/rest/fileDownloadSrvc/files/shelter/2026/02/202603111803188.jpg,보호중,M,N,없음,341394201400001,고양시동물보호센터,031-962-3232,"경기도 고양시 덕양구 고양대로 1695 (원흥동, 고양시 농업기술센터) 고양시동물보호센터",권지선,경기도 고양시,2026-03-12 14:23:24.0,,,"종합백신,코로나","파보,코로나,홍역",,,,
