desertionNo,kindNm,age,sexCd,neuterYn,specialMark,careNm,careAddr,careTel,processState,age_group,species
4.48567E+14,프렌치 불독,2017(년생),M,Y,나이가 들었지만 온순하고 느긋한 성격. 사람과 함께 있는 것을 즐김.,창원동물보호센터,경상남도 창원시 성산구 공단로474번길 117 (상복동) 창원동물보호센터,055-225-5701,종료(반환),노령,dog
4.48567E+14,믹스견,2026(년생),M,N,아직 어리지만 장난기가 많고 놀기를 좋아함. 사람과 함께 있는 것을 즐김.,창원동물보호센터,경상남도 창원시 성산구 공단로474번길 117 (상복동) 창원동물보호센터,055-225-5701,보호중,새끼,dog
4.48567E+14,믹스견,2026(년생),F,N,아직 어리지만 예민하고 낯선 사람을 경계함. 혼자만의 공간을 선호함.,창원동물보호센터,경상남도 창원시 성산구 공단로474번길 117 (상복동) 창원동물보호센터,055-225-5701,보호중,새끼,dog
4.48546E+14,믹스견,2026(60일미만)(년생),F,U,겁이 많음,함양군 동물보호센터,경상남도 함양군 함양읍 함양남서로 996-76  농업기술센터 부지내,055-960-8143,보호중,새끼,dog
4.48543E+14,믹스견,2026(60일미만)(년생),F,N,호기심 왕성한 새끼로 경계심이 있으나 천천히 마음을 열어감. 혼자 있는 것을 무서워함.,남해군동물보호센터,경상남도 남해군 이동면 남해대로 2449  동물보호센터,055-860-3974,보호중,새끼,dog
4.48543E+14,믹스견,2026(60일미만)(년생),F,N,아직 어리지만 독립적이고 자기 의사 표현이 강함. 한 번 마음을 열면 충실함.,남해군동물보호센터,경상남도 남해군 이동면 남해대로 2449  동물보호센터,055-860-3974,보호중,새끼,dog
4.48543E+14,진도견,2019(년생),M,N,충성심이 강하고 주인에게 헌신적임. 낯선 사람에게는 경계심이 강함.,남해군동물보호센터,경상남도 남해군 이동면 남해대로 2449  동물보호센터,055-860-3974,보호중,성체,dog
4.48541E+14,믹스견,2025(년생),F,N,아직 어리지만 예민하고 낯선 사람을 경계함. 혼자만의 공간을 선호함.,창녕 유기동물보호소,경상남도 창녕군 고암면 창밀로 335-26 (고암면) 고암면 억만리 28,010-5488-5003,보호중,새끼,dog
4.48541E+14,믹스견,2021(년생),F,N,온순하고 사람을 잘 따름. 겁이 약간 있으나 금방 적응함.,창녕 유기동물보호소,경상남도 창녕군 고암면 창밀로 335-26 (고암면) 고암면 억만리 28,010-5488-5003,보호중,성체,dog
4.48534E+14,믹스견,2022(년생),M,N,예민하고 낯선 사람을 경계함. 혼자만의 공간을 선호함.,사천시 동물보호센터,경상남도 사천시 용현면 진삼로 902  사천시유기동물보호소,055-831-3768,보호중,성체,dog
4.48533E+14,믹스견,2026(년생),M,N,아직 어리지만 독립적이고 자기 의사 표현이 강함. 한 번 마음을 열면 충실함.,통영시동물보호센터,경상남도 통영시 광도면 전두1길 9-8  ,055-650-6250,보호중,새끼,dog
4.48533E+14,비숑 프리제,2023(년생),M,Y,애교가 넘치고 사람을 좋아함. 활발하게 놀기를 즐김.,통영시동물보호센터,경상남도 통영시 광도면 전두1길 9-8  ,055-650-6250,종료(자연사),성체,dog
4.47511E+14,믹스견,2025(년생),F,N,"맨몸상태 온순함, 약간의 피부병",상주시 동물보호센터,경상북도 상주시 사벌국면 상풍로 124  ,010-6682-1198,보호중,새끼,dog
4.47511E+14,믹스견,2025(년생),F,N,"초록색 목줄 착용, 겁이 많음",상주시 동물보호센터,경상북도 상주시 사벌국면 상풍로 124  ,010-6682-1198,보호중,새끼,dog
4.47511E+14,믹스견,2025(년생),F,N,맨몸상태 온순함 ,상주시 동물보호센터,경상북도 상주시 사벌국면 상풍로 124  ,010-6682-1198,보호중,새끼,dog
4.4751E+14,믹스견,2024(년생),F,N,순한편,영천유기동물보호센터,"경상북도 영천시 천문로 622-13 (오미동, 영천시농업기술센터) ",054-339-7177,보호중,성체,dog
4.47508E+14,믹스견,2020(년생),F,N,온순하며 사람을 잘따름,구미시 동물보호센터,경상북도 구미시 옥성면 선상동로 1358  애니멀 케어 센터,054-481-5809,보호중,성체,dog
4.47506E+14,믹스견,2024(년생),M,N,"덩치 크고 온순함, 사람을 잘 따름",김천시 동물보호센터,경상북도 김천시 구성면 남김천대로 3296-22  하강리 44(김천시 유기동물보호센터),054-421-2547,보호중,성체,dog
4.47506E+14,믹스견,2026(60일미만)(년생),M,N,어리고 순함,김천시 동물보호센터,경상북도 김천시 구성면 남김천대로 3296-22  하강리 44(김천시 유기동물보호센터),054-421-2547,보호중,새끼,dog
4.47506E+14,믹스견,2026(60일미만)(년생),M,N,어리고 순함,김천시 동물보호센터,경상북도 김천시 구성면 남김천대로 3296-22  하강리 44(김천시 유기동물보호센터),054-421-2547,보호중,새끼,dog
4.47505E+14,믹스견,2023(년생),F,N,사납고 경계심 강함. 만지기 어려움.,경주동물사랑보호센터,경상북도 경주시 천북면 천북로 8-4  경주시 동물사랑보호센터,010-8889-2883,보호중,성체,dog
4.47505E+14,믹스견,2023(년생),F,N,발견당시 주황색 목줄 착용. 사람 잘 따르지만 겁이 많음.,경주동물사랑보호센터,경상북도 경주시 천북면 천북로 8-4  경주시 동물사랑보호센터,010-8889-2883,보호중,성체,dog
4.47505E+14,믹스견,2023(년생),M,N,경계심이 있으나 천천히 마음을 열어감. 혼자 있는 것을 무서워함.,경주동물사랑보호센터,경상북도 경주시 천북면 천북로 8-4  경주시 동물사랑보호센터,010-8889-2883,보호중,성체,dog
4.46492E+14,믹스견,2023(년생),F,U,기질이 온순하여 사람을 잘 따르고 얌전함,강진군 유기견 보호소,"전라남도 강진군 강진읍 초지길 109-62 (강진읍, 강진군상하수도사업소) ",061-430-3237,보호중,성체,dog
4.46485E+14,믹스견,2026(60일미만)(년생),F,N,호기심 왕성한 새끼로 장난기가 많고 놀기를 좋아함. 사람과 함께 있는 것을 즐김.,담양군 동물보호센터,전라남도 담양군 용면 시암골로 280-57 (용면) :용면 두장리 21번지,061-380-2734,보호중,새끼,dog
4.46485E+14,믹스견,2026(60일미만)(년생),F,N,호기심 왕성한 새끼로 겁이 많고 소심한 편. 천천히 신뢰를 쌓으면 잘 따름.,담양군 동물보호센터,전라남도 담양군 용면 시암골로 280-57 (용면) :용면 두장리 21번지,061-380-2734,보호중,새끼,dog
4.46483E+14,포메라니안,2023(년생),M,N,주차장공터에서구조 사람잘따르고온순함,나주유기동물보호센터,전라남도 나주시 산포면 내기3길 71-43 [*미고시] ,010-2331-7377,보호중,성체,dog
4.46482E+14,믹스견,2025(년생),F,N,아직 어리지만 경계심이 있으나 천천히 마음을 열어감. 혼자 있는 것을 무서워함.,순천시유기동물보호소,"전라남도 순천시 승주읍 승주로 628 (승주읍, 농업기술센터) 순천시유기동물보호소",061-749-3094,보호중,새끼,dog
4.46482E+14,한국 고양이,2026(년생),F,N,아직 어리지만 예민하고 환경 변화에 민감함. 익숙한 환경에서 안정적임.,순천시유기동물보호소,"전라남도 순천시 승주읍 승주로 628 (승주읍, 농업기술센터) 순천시유기동물보호소",061-749-3094,종료(반환),새끼,cat
4.46481E+14,진도견,2024(년생),M,N,경계심있으나 온순한편,반려동물보호센터,전라남도 여수시 여수산단로 292-62 (평여동) 반려동물보호센터,061-659-2474,보호중,성체,dog
4.46481E+14,믹스견,2025(년생),M,N,구조 당시 갈색목띠*쇠줄 착용 상태 / 2026-114 함께 구조 / 온순함,반려동물보호센터,전라남도 여수시 여수산단로 292-62 (평여동) 반려동물보호센터,061-659-2474,보호중,새끼,dog
4.46481E+14,믹스견,2025(년생),F,U,구조 당시 파란색 목띠*줄 착용 상태 / 2026-115 함께 구조 / 온순함,반려동물보호센터,전라남도 여수시 여수산단로 292-62 (평여동) 반려동물보호센터,061-659-2474,보호중,새끼,dog
4.45479E+14,믹스묘,2026(60일미만)(년생),Q,N,호기심 왕성한 새끼로 조용하고 관찰하는 것을 좋아함. 신중하게 행동함.,부안군 동물보호센터,전북특별자치도 부안군 주산면 주산로 369  부안군 동물보호센터,063-580-4445,보호중,새끼,cat
4.45479E+14,믹스묘,2026(60일미만)(년생),Q,N,아직 어리지만 활발하고 탐색하기를 좋아함. 호기심이 많음.,부안군 동물보호센터,전북특별자치도 부안군 주산면 주산로 369  부안군 동물보호센터,063-580-4445,보호중,새끼,cat
4.45479E+14,믹스묘,2026(60일미만)(년생),Q,N,어린 나이에도 활발하고 탐색하기를 좋아함. 호기심이 많음.,부안군 동물보호센터,전북특별자치도 부안군 주산면 주산로 369  부안군 동물보호센터,063-580-4445,보호중,새끼,cat
4.45479E+14,믹스묘,2026(60일미만)(년생),Q,N,호기심 왕성한 새끼로 낯선 환경에 예민하게 반응함. 안정되면 애교가 넘침.,부안군 동물보호센터,전북특별자치도 부안군 주산면 주산로 369  부안군 동물보호센터,063-580-4445,보호중,새끼,cat
4.45479E+14,믹스묘,2026(60일미만)(년생),Q,N,호기심 왕성한 새끼로 활발하고 탐색하기를 좋아함. 호기심이 많음.,부안군 동물보호센터,전북특별자치도 부안군 주산면 주산로 369  부안군 동물보호센터,063-580-4445,보호중,새끼,cat
4.45471E+14,믹스견,2024(년생),M,N,순하다,전북말산업복합센터,전라북도 김제시 용지면 금백로 571-39 (용지면) 전북말산업복합센터,063-547-3549,보호중,성체,dog
4.45471E+14,믹스견,2024(년생),M,N,겁이 많음,전북말산업복합센터,전라북도 김제시 용지면 금백로 571-39 (용지면) 전북말산업복합센터,063-547-3549,보호중,성체,dog
4.45468E+14,믹스견,2023(년생),M,N,빨간색 목테를하고있고 성격이 순함,익산유기동물보호소,전북특별자치도 익산시 삼기면 황금로 342-17  ,063-855-1214,보호중,성체,dog
4.45467E+14,믹스견,2026(60일미만)(년생),M,N,어린 나이에도 순하고 입질이 없음. 보호자에 대한 의존도가 높음.,군산유기동물보호센터,전북특별자치도 군산시 대야면 보덕안정길 124  ,063-451-2975,보호중,새끼,dog
4.45467E+14,믹스견,2026(60일미만)(년생),M,N,호기심 왕성한 새끼로 장난기가 많고 놀기를 좋아함. 사람과 함께 있는 것을 즐김.,군산유기동물보호센터,전북특별자치도 군산시 대야면 보덕안정길 124  ,063-451-2975,보호중,새끼,dog
4.45467E+14,믹스견,2026(60일미만)(년생),F,N,호기심 왕성한 새끼로 예민하고 낯선 사람을 경계함. 혼자만의 공간을 선호함.,군산유기동물보호센터,전북특별자치도 군산시 대야면 보덕안정길 124  ,063-451-2975,보호중,새끼,dog
4.45467E+14,믹스견,2026(60일미만)(년생),F,N,아직 어리지만 겁이 많고 소심한 편. 천천히 신뢰를 쌓으면 잘 따름.,군산유기동물보호센터,전북특별자치도 군산시 대야면 보덕안정길 124  ,063-451-2975,보호중,새끼,dog
4.45467E+14,믹스견,2026(60일미만)(년생),F,N,아직 어리지만 예민하고 낯선 사람을 경계함. 혼자만의 공간을 선호함.,군산유기동물보호센터,전북특별자치도 군산시 대야면 보덕안정길 124  ,063-451-2975,보호중,새끼,dog
4.45467E+14,믹스견,2026(60일미만)(년생),F,N,어린 나이에도 겁이 많고 소심한 편. 천천히 신뢰를 쌓으면 잘 따름.,군산유기동물보호센터,전북특별자치도 군산시 대야면 보덕안정길 124  ,063-451-2975,보호중,새끼,dog
4.45467E+14,믹스견,2026(60일미만)(년생),F,N,아직 어리지만 장난기가 많고 놀기를 좋아함. 사람과 함께 있는 것을 즐김.,군산유기동물보호센터,전북특별자치도 군산시 대야면 보덕안정길 124  ,063-451-2975,보호중,새끼,dog
4.45467E+14,믹스견,2026(60일미만)(년생),F,N,호기심 왕성한 새끼로 예민하고 낯선 사람을 경계함. 혼자만의 공간을 선호함.,군산유기동물보호센터,전북특별자치도 군산시 대야면 보덕안정길 124  ,063-451-2975,보호중,새끼,dog
4.45467E+14,믹스견,2026(년생),M,N,아직 어리지만 겁이 많고 소심한 편. 천천히 신뢰를 쌓으면 잘 따름.,군산유기동물보호센터,전북특별자치도 군산시 대야면 보덕안정길 124  ,063-451-2975,보호중,새끼,dog
4.45467E+14,믹스견,2026(년생),M,N,어린 나이에도 순하고 입질이 없음. 보호자에 대한 의존도가 높음.,군산유기동물보호센터,전북특별자치도 군산시 대야면 보덕안정길 124  ,063-451-2975,보호중,새끼,dog
4.45467E+14,믹스견,2026(년생),F,N,아직 어리지만 순하고 입질이 없음. 보호자에 대한 의존도가 높음.,군산유기동물보호센터,전북특별자치도 군산시 대야면 보덕안정길 124  ,063-451-2975,보호중,새끼,dog
4.45467E+14,믹스견,2025(년생),F,N,아직 어리지만 장난기가 많고 놀기를 좋아함. 사람과 함께 있는 것을 즐김.,군산유기동물보호센터,전북특별자치도 군산시 대야면 보덕안정길 124  ,063-451-2975,보호중,새끼,dog
4.45467E+14,믹스견,2026(60일미만)(년생),F,N,호기심 왕성한 새끼로 예민하고 낯선 사람을 경계함. 혼자만의 공간을 선호함.,군산유기동물보호센터,전북특별자치도 군산시 대야면 보덕안정길 124  ,063-451-2975,보호중,새끼,dog
4.45467E+14,믹스견,2025(년생),M,N,호기심 왕성한 새끼로 장난기가 많고 놀기를 좋아함. 사람과 함께 있는 것을 즐김.,군산유기동물보호센터,전북특별자치도 군산시 대야면 보덕안정길 124  ,063-451-2975,보호중,새끼,dog
4.45467E+14,믹스견,2024(년생),M,N,독립적이고 자기 의사 표현이 강함. 한 번 마음을 열면 충실함.,군산유기동물보호센터,전북특별자치도 군산시 대야면 보덕안정길 124  ,063-451-2975,보호중,성체,dog
4.44568E+14,믹스견,2026(60일미만)(년생),F,N,"6주, 순함, 2026-055 자견, 코로나 종합백신 1차 완료(2026/03/31)",당진시동물보호소,충청남도 당진시 고대면 삼포길 180  ,041-356-8210,보호중,새끼,dog
4.44568E+14,믹스견,2026(60일미만)(년생),F,N,"6주, 순함, 2026-055 자견, 코로나 종합백신 1차 완료(2026/03/31)",당진시동물보호소,충청남도 당진시 고대면 삼포길 180  ,041-356-8210,보호중,새끼,dog
4.44568E+14,믹스견,2026(60일미만)(년생),M,N,"6주, 순함, 2026-055 자견, 코로나 종합백신 1차 완료(2026/03/31)",당진시동물보호소,충청남도 당진시 고대면 삼포길 180  ,041-356-8210,보호중,새끼,dog
4.44568E+14,믹스견,2026(60일미만)(년생),M,N,"6주, 순함, 2026-055 자견, 코로나 종합백신 1차 완료(2026/03/31)",당진시동물보호소,충청남도 당진시 고대면 삼포길 180  ,041-356-8210,보호중,새끼,dog
4.44462E+14,믹스견,2023(년생),F,N,순하고 잘따름,최동물병원,충청남도 태안군 태안읍 남문리 504-6,041-672-0346,보호중,성체,dog
4.44462E+14,믹스견,2023(년생),F,N,순하고 잘따름,최동물병원,충청남도 태안군 태안읍 남문리 504-6,041-672-0346,보호중,성체,dog
4.44462E+14,믹스견,2023(년생),M,N,순하고 잘따름,최동물병원,충청남도 태안군 태안읍 남문리 504-6,041-672-0346,보호중,성체,dog
4.44461E+14,포메라니안,2023(년생),M,Y,활발하고 자기 주장이 강함. 주인에 대한 충성심이 높음.,예산임시동물보호센터,충청남도 예산군 예산읍 군청로 22  ,041-339-7838,종료(반환),성체,dog
4.44457E+14,믹스견,2024(년생),M,N,독립적이고 자기 의사 표현이 강함. 한 번 마음을 열면 충실함.,남부여동물보호소,충청남도 부여군 임천면 위덕로47번길 36-12  (점리),041-837-8277,보호중,성체,dog
4.44453E+14,믹스견,2026(년생),F,N,"약간 경계, 겁 많음, 입소 당시 4개월령 추정",서산시 동물보호센터,충청남도 서산시 인지면 무학재1길 99  ,041-660-2040,보호중,새끼,dog
4.44453E+14,믹스견,2025(년생),F,N,"약간 경계, 겁 많음, 입소 당시 목줄 착용",서산시 동물보호센터,충청남도 서산시 인지면 무학재1길 99  ,041-660-2040,보호중,새끼,dog
4.44453E+14,믹스견,2025(년생),F,N,호기심 왕성한 새끼로 온순하고 사람을 잘 따름. 겁이 약간 있으나 금방 적응함.,서산시 동물보호센터,충청남도 서산시 인지면 무학재1길 99  ,041-660-2040,보호중,새끼,dog
4.44451E+14,믹스견,2022(년생),F,N,경계심이 있으나 천천히 마음을 열어감. 혼자 있는 것을 무서워함.,보령시유기동물보호소,충청남도 보령시 대천방조제로 322 (대천동) 보령시시설관리공단 내 좌측 생태공원2,010-5427-7210,보호중,성체,dog
4.44451E+14,믹스견,2021(년생),M,N,장난기가 많고 놀기를 좋아함. 사람과 함께 있는 것을 즐김.,보령시유기동물보호소,충청남도 보령시 대천방조제로 322 (대천동) 보령시시설관리공단 내 좌측 생태공원2,010-5427-7210,보호중,성체,dog
4.44451E+14,믹스견,2026(60일미만)(년생),F,N,아직 어리지만 겁이 많고 소심한 편. 천천히 신뢰를 쌓으면 잘 따름.,보령시유기동물보호소,충청남도 보령시 대천방조제로 322 (대천동) 보령시시설관리공단 내 좌측 생태공원2,010-5427-7210,보호중,새끼,dog
4.44451E+14,믹스견,2022(년생),M,N,장난기가 많고 놀기를 좋아함. 사람과 함께 있는 것을 즐김.,보령시유기동물보호소,충청남도 보령시 대천방조제로 322 (대천동) 보령시시설관리공단 내 좌측 생태공원2,010-5427-7210,보호중,성체,dog
4.44449E+14,믹스견,2026(년생),M,N,"3개월 추정, 매우 순함, 사람 좋아함",천안시 동물보호센터,"충청남도 천안시 동남구 목천읍 충절로 577  문의전화 : 입양(010-5913-5119), 구조(010-4999-6119)",010-5913-5119,보호중,새끼,dog
4.43571E+14,말티즈,2019(년생),M,Y,"네이비색 후리스 착용, 동그랗고 초롱초롱한 눈망울을 가졌으며 사람을 좋아하는 순한 성격",반려동물보호센터,충청북도 청주시 흥덕구 강내면 서부로 411-23  청주시 반려동물 보호센터,043-201-2298,보호중,성체,dog
4.43443E+14,믹스견,2025(년생),M,N,"[관리번호084]옥천읍 동안리 농공단지 인근에 발견, 사람경계가 심함",옥천동물병원,"충청북도 옥천군 옥천읍 삼금로 53 (옥천읍, 동물병원) 옥천동물병원",010-8843-8844,보호중,새끼,dog
4.42434E+14,믹스견,2025(년생),F,N,겁이 많고 순함,고성군 동물보호센터,강원특별자치도 고성군 간성읍 진부령로 2768-10  ,033-680-4171,보호중,새끼,dog
4.4243E+14,믹스견,2013(년생),M,U,순하며 빨간색 하네스를 하고있음 ,철원군,강원도 철원군 동송읍 장흥로 311  ,033-450-5394,보호중,노령,dog
4.4242E+14,믹스견,2021(년생),M,N,장난기가 많고 놀기를 좋아함. 사람과 함께 있는 것을 즐김.,강릉시 동물사랑센터,강원도 강릉시 성산면 내맬길 172  ,033-641-7515,보호중,성체,dog
4.4242E+14,믹스견,2022(년생),Q,U,"목줄없이 발견, 살짝 경계있음",강릉시 동물사랑센터,강원도 강릉시 성산면 내맬길 172  ,033-641-7515,보호중,성체,dog
4.42419E+14,보더 콜리,2022(년생),F,N,"노란목줄, 사람을 잘따름",원주시동물보호센터,강원특별자치도 원주시 호저면 칠봉로 109-17  ,033-731-1119,보호중,성체,dog
4.41554E+14,포메라니안,2023(년생),F,N,"3-28, 칩없음, 몸에서 향기가 남, 예쁜 외모에 사람좋아 성격",광주TNR동물병원초월,경기도 광주시 초월읍 현산로385번길 74-12 (초월읍) ,031-798-7581,보호중,성체,dog
4.41554E+14,믹스견,2024(년생),F,N,"3-27, 칩없음, 떠돌이개가 회사에 새끼를 낳음, 조금 소심한편이지만 온순함",광주TNR동물병원초월,경기도 광주시 초월읍 현산로385번길 74-12 (초월읍) ,031-798-7581,보호중,성체,dog
4.41554E+14,믹스견,2026(60일미만)(년생),M,N,어린 나이에도 겁이 많고 소심한 편. 천천히 신뢰를 쌓으면 잘 따름.,광주TNR동물병원초월,경기도 광주시 초월읍 현산로385번길 74-12 (초월읍) ,031-798-7581,보호중,새끼,dog
4.41554E+14,믹스견,2026(60일미만)(년생),M,N,아직 어리지만 온순하고 사람을 잘 따름. 겁이 약간 있으나 금방 적응함.,광주TNR동물병원초월,경기도 광주시 초월읍 현산로385번길 74-12 (초월읍) ,031-798-7581,보호중,새끼,dog
4.41554E+14,믹스견,2026(60일미만)(년생),M,N,어린 나이에도 겁이 많고 소심한 편. 천천히 신뢰를 쌓으면 잘 따름.,광주TNR동물병원초월,경기도 광주시 초월읍 현산로385번길 74-12 (초월읍) ,031-798-7581,보호중,새끼,dog
4.41554E+14,믹스견,2025(년생),F,N,"3-23, 칩없음, 1세 미만, 소심한면이 있지만 온순한 성격",광주TNR동물병원초월,경기도 광주시 초월읍 현산로385번길 74-12 (초월읍) ,031-798-7581,보호중,새끼,dog
4.41554E+14,진도견,2022(년생),M,N,"3-22, 목줄착용, 칩없음, 덩치가 큼, 순한면이 있지만 돌발적인 입질이 있음",광주TNR동물병원초월,경기도 광주시 초월읍 현산로385번길 74-12 (초월읍) ,031-798-7581,보호중,성체,dog
4.41553E+14,믹스견,2026(년생),F,N,겁은 조금 있으나 순하고 만지면 얌전히 있는 귀여운 아기강아지/인형같은 뽀?한 외모,화성시민동물보호센터,경기도 화성시 서신면 전곡항로 492  ,010-3969-1034,보호중,새끼,dog
4.41553E+14,믹스견,2026(년생),M,N,겁 많은 아기 진도믹스 강아지/만지면 깜짝 놀람/울적한 표정/귀가 접힌 상태,화성시민동물보호센터,경기도 화성시 서신면 전곡항로 492  ,010-3969-1034,보호중,새끼,dog
4.41553E+14,믹스견,2023(년생),M,N,만지면 깜짝깜짝 놀라지만 순하고 사람 좋아하는 말티푸 추정/칩 없음/귀여운 외모,화성시민동물보호센터,경기도 화성시 서신면 전곡항로 492  ,010-3969-1034,보호중,성체,dog
4.41408E+14,믹스견,2026(년생),M,N,순함,안성시동물보호센터,경기도 안성시 보개원삼로 157 (가사동) 미래동물병원,031-673-5491,보호중,새끼,dog
4.41405E+14,기타축종,2023(년생),Q,U,온순하고 순함. 사람을 잘 따름.,용인시 동물보호센터,경기도 용인시 처인구 중부대로 1074-1 (삼가동) 용인시 동물보호센터,031-6193-3463,보호중,성체,dog
4.41402E+14,한국 고양이,2025(년생),Q,Y,"겁많음,tnr되어있음,교통사고추정,뒷다리다침,기력없음,에후불량",한국야생동물보호협회,경기도 안산시 상록구 청곡길 50 (부곡동) ,031-296-0124,보호중,새끼,cat
4.414E+14,믹스견,2021(년생),F,U,독립적이고 자기 의사 표현이 강함. 한 번 마음을 열면 충실함.,오산 유기동물보호소,경기도 오산시 성호대로 36 (오산동) ,031-372-9325,보호중,성체,dog
4.414E+14,포메라니안,2023(년생),M,N,애교가 많고 관심받기를 좋아함. 혼자 있는 것을 싫어함.,오산 유기동물보호소,경기도 오산시 성호대로 36 (오산동) ,031-372-9325,보호중,성체,dog
4.414E+14,포메라니안,2021(년생),M,Y,애교가 많고 관심받기를 좋아함. 혼자 있는 것을 싫어함.,오산 유기동물보호소,경기도 오산시 성호대로 36 (오산동) ,031-372-9325,보호중,성체,dog
4.414E+14,페키니즈,2020(년생),M,N,자존심이 강하고 독립적임. 보호자에게는 애교가 많음.,오산 유기동물보호소,경기도 오산시 성호대로 36 (오산동) ,031-372-9325,보호중,성체,dog
4.414E+14,기타축종,2026(60일미만)(년생),Q,U,호기심 왕성한 새끼로 활발하고 호기심이 많음. 탐색하기를 좋아함.,오산 유기동물보호소,경기도 오산시 성호대로 36 (오산동) ,031-372-9325,보호중,새끼,dog
4.41399E+14,저먼 셰퍼드 독,2023(년생),M,N,착하고 사람 손길을 잘 따름,남양주시동물보호센터,경기도 남양주시 경강로163번길 32-27 (이패동) ,031-590-2785,보호중,성체,dog
4.41399E+14,푸들,2023(년생),F,U,착하고 사람 손길을 잘 따름,남양주시동물보호센터,경기도 남양주시 경강로163번길 32-27 (이패동) ,031-590-2785,종료(반환),성체,dog
4.41394E+14,푸들,2019(년생),M,N,영리하고 훈련 능력이 뛰어남. 사람을 매우 좋아하고 붙임성이 있음.,고양시동물보호센터,"경기도 고양시 덕양구 고양대로 1695 (원흥동, 고양시 농업기술센터) 고양시동물보호센터",031-962-3232,보호중,성체,dog
4.41394E+14,믹스견,2026(60일미만)(년생),F,N,아직 어리지만 예민하고 낯선 사람을 경계함. 혼자만의 공간을 선호함.,고양시동물보호센터,"경기도 고양시 덕양구 고양대로 1695 (원흥동, 고양시 농업기술센터) 고양시동물보호센터",031-962-3232,보호중,새끼,dog
4.41394E+14,믹스견,2026(60일미만)(년생),M,N,아직 어리지만 겁이 많고 소심한 편. 천천히 신뢰를 쌓으면 잘 따름.,고양시동물보호센터,"경기도 고양시 덕양구 고양대로 1695 (원흥동, 고양시 농업기술센터) 고양시동물보호센터",031-962-3232,보호중,새끼,dog
4.41394E+14,기타축종,2025(년생),Q,N,호기심 왕성한 새끼로 활발하고 호기심이 많음. 탐색하기를 좋아함.,고양시동물보호센터,"경기도 고양시 덕양구 고양대로 1695 (원흥동, 고양시 농업기술센터) 고양시동물보호센터",031-962-3232,보호중,새끼,dog
4.41393E+14,미디엄 푸들,2025(년생),F,U,"털엉킴,순함",한국야생동물보호협회,경기도 안산시 상록구 청곡길 50 (부곡동) 안산시 상록구 부곡동 231-5,031-296-0124,보호중,새끼,dog
4.41391E+14,믹스견,2023(년생),M,U,예민하고 낯선 사람을 경계함. 혼자만의 공간을 선호함.,평택시동물보호센터,경기도 평택시 청북읍 청북로 497  ,031-8024-8080,보호중,성체,dog
4.41386E+14,슈나우져,2018(년생),M,N,조용하고 안정적이며 영리하고 독립적임. 낯선 사람에게 경계심이 있으나 가족에게는 충실함.,24시아이동물메디컬,경기도 부천시 오정구 소사로 779 (원종동) 201호,032-677-5262,보호중,노령,dog
4.41378E+14,라이카,2024(년생),M,N,활발하고 에너지가 넘침. 사교적임.,펫앤쉘터동물병원,"경기도 성남시 분당구 불정로 266 (수내동, 유신제일조합) ",031-714-8392,보호중,성체,dog
4.41378E+14,기타축종,2024(년생),Q,U,온순하고 순함. 사람을 잘 따름.,펫앤쉘터동물병원,"경기도 성남시 분당구 불정로 266 (수내동, 유신제일조합) ",031-714-8392,보호중,성체,dog
4.41374E+14,말티즈,2014(년생),M,Y,노령임에도 온순하고 애교가 많음. 보호자에게 매우 의존적임.,수원시 동물보호센터,"경기도 수원시 영통구 광교호수로 234 (하동, 수원시 동물보호센터) 하동 40-10",031-5191-3557,보호중,노령,dog
4.41374E+14,믹스견,2019(년생),F,U,경계심이 있으나 천천히 마음을 열어감. 혼자 있는 것을 무서워함.,수원시 동물보호센터,"경기도 수원시 영통구 광교호수로 234 (하동, 수원시 동물보호센터) 하동 40-10",031-5191-3557,보호중,성체,dog
4.31373E+14,믹스견,2026(년생),M,N,"3개월령 추정, 약간경계",울산유기동물보호센터,울산광역시 울주군 온양읍 발리 1144,052-238-6113,보호중,새끼,dog
4.31373E+14,믹스견,2026(년생),F,N,"3개월령 추정, 온순함",울산유기동물보호센터,울산광역시 울주군 온양읍 발리 1144,052-238-6113,보호중,새끼,dog
4.31373E+14,믹스견,2026(60일미만)(년생),F,N,"1개월 추정, 순함",울산유기동물보호센터,울산광역시 울주군 온양읍 발리 1144,052-238-6113,보호중,새끼,dog
4.31373E+14,믹스견,2026(60일미만)(년생),F,N,"1개월 추정, 순함",울산유기동물보호센터,울산광역시 울주군 온양읍 발리 1144,052-238-6113,보호중,새끼,dog
4.31373E+14,믹스견,2026(60일미만)(년생),M,N,"1개월 추정, 순함",울산유기동물보호센터,울산광역시 울주군 온양읍 발리 1144,052-238-6113,보호중,새끼,dog
4.31373E+14,믹스견,2025(년생),F,N,"새끼와 같이 입소, 온순함",울산유기동물보호센터,울산광역시 울주군 온양읍 발리 1144,052-238-6113,보호중,새끼,dog
4.31373E+14,믹스견,2026(년생),F,N,"보호소에서 출생, 아직 형제들보다 작은편, 활발함",울산유기동물보호센터,울산광역시 울주군 온양읍 발리 1144,052-238-6113,보호중,새끼,dog
4.31373E+14,믹스견,2026(년생),F,N,"보호소에서 출생, 온순함",울산유기동물보호센터,울산광역시 울주군 온양읍 발리 1144,052-238-6113,보호중,새끼,dog
4.31373E+14,믹스견,2026(년생),F,N,"보호소에서 출생, 온순함",울산유기동물보호센터,울산광역시 울주군 온양읍 발리 1144,052-238-6113,보호중,새끼,dog
4.31373E+14,믹스견,2026(년생),M,N,"보호소에서 출생, 온순함",울산유기동물보호센터,울산광역시 울주군 온양읍 발리 1144,052-238-6113,보호중,새끼,dog
4.31371E+14,사모예드,2019(년생),F,N,친근하고 사교적임. 사람을 매우 좋아하고 붙임성이 있음.,울산유기동물보호센터,울산광역시 울주군 온양읍 화산발리로 543 (온양읍) ,052-238-6113,보호중,성체,dog
4.30367E+14,믹스견,2026(년생),M,N,아직 어리지만 경계심이 있으나 천천히 마음을 열어감. 혼자 있는 것을 무서워함.,대전동물보호센터,대전광역시 유성구 금남구즉로 1234 (금고동) 대전광역시 동물보호센터,042-270-7239,보호중,새끼,dog
4.30367E+14,믹스견,2026(년생),F,N,호기심 왕성한 새끼로 독립적이고 자기 의사 표현이 강함. 한 번 마음을 열면 충실함.,대전동물보호센터,대전광역시 유성구 금남구즉로 1234 (금고동) 대전광역시 동물보호센터,042-270-7239,보호중,새끼,dog
4.30367E+14,믹스견,2026(년생),M,N,아직 어리지만 겁이 많고 소심한 편. 천천히 신뢰를 쌓으면 잘 따름.,대전동물보호센터,대전광역시 유성구 금남구즉로 1234 (금고동) 대전광역시 동물보호센터,042-270-7239,보호중,새끼,dog
4.30366E+14,믹스견,2025(년생),F,U,아직 어리지만 예민하고 낯선 사람을 경계함. 혼자만의 공간을 선호함.,대전동물보호센터,대전광역시 유성구 금남구즉로 1234 (금고동) 대전광역시 동물보호센터,042-270-7239,보호중,새끼,dog
4.30365E+14,믹스견,2021(년생),F,U,예민하고 낯선 사람을 경계함. 혼자만의 공간을 선호함.,대전동물보호센터,대전광역시 유성구 금남구즉로 1234 (금고동) 대전광역시 동물보호센터,042-270-7239,보호중,성체,dog
4.29362E+14,믹스묘,2022(년생),F,U,조용하고 관찰하는 것을 좋아함. 신중하게 행동함.,광주동물보호센터,광주광역시 북구 본촌마을길 25-1 (본촌동) 광주동물보호센터,062-613-6770,보호중,성체,cat
4.29361E+14,믹스견,2021(년생),M,N,독립적이고 자기 의사 표현이 강함. 한 번 마음을 열면 충실함.,광주동물보호센터,광주광역시 북구 본촌마을길 25-1 (본촌동) 광주동물보호센터,062-613-6770,보호중,성체,dog
4.27348E+14,믹스견,2020(년생),M,N,온순함,이서동물병원,대구광역시 달서구 구마로 243 (성당동) 이서동물병원,053-719-0205,종료(반환),성체,dog
4.27346E+14,포메라니안,2021(년생),M,N,최근 미용 한듯한 귀엽고  순한 강아지 입니다...,제니스동물병원,대구광역시 수성구 달구벌대로 2475 (범어동) ,053-756-8293,보호중,성체,dog
4.27343E+14,한국 고양이,2026(60일미만)(년생),M,N,호기심 왕성한 새끼로 활발하고 호기심이 왕성함. 장난감에 관심이 많음.,대구시수의사회(보경),대구광역시 서구 달서로 165 (비산동) ,053-559-9020,보호중,새끼,cat
4.27343E+14,한국 고양이,2026(60일미만)(년생),M,N,아직 어리지만 독립적이고 자기 영역 의식이 강함. 조용하고 관찰하는 것을 좋아함.,대구시수의사회(더펫),대구광역시 서구 서대구로 361 (비산동) 2층,053-352-0622,보호중,새끼,cat
4.27342E+14,믹스견,2026(60일미만)(년생),F,N,아직 어리지만 온순하고 사람을 잘 따름. 겁이 약간 있으나 금방 적응함.,대구유기동물보호센터,대구광역시 동구 금강로 151-13 (금강동) ,053-964-6258,보호중,새끼,dog
4.27342E+14,믹스견,2026(60일미만)(년생),F,N,아직 어리지만 예민하고 낯선 사람을 경계함. 혼자만의 공간을 선호함.,대구유기동물보호센터,대구광역시 동구 금강로 151-13 (금강동) ,053-964-6258,보호중,새끼,dog
4.27342E+14,믹스견,2026(60일미만)(년생),F,N,어린 나이에도 독립적이고 자기 의사 표현이 강함. 한 번 마음을 열면 충실함.,대구유기동물보호센터,대구광역시 동구 금강로 151-13 (금강동) ,053-964-6258,보호중,새끼,dog
4.27342E+14,믹스견,2021(년생),F,U,순하고 입질이 없음. 보호자에 대한 의존도가 높음.,대구유기동물보호센터,대구광역시 동구 금강로 151-13 (금강동) ,053-964-6258,보호중,성체,dog
4.26338E+14,믹스묘,2026(60일미만)(년생),F,N,"마름, 약간의 경계, 삼색",(사)동부동물보호협회,부산광역시 해운대구 송정2로13번길 46 (송정동) ,051-701-7599,보호중,새끼,cat
4.26331E+14,믹스묘,2026(60일미만)(년생),F,N,어린 나이에도 낯선 환경에 예민하게 반응함. 안정되면 애교가 넘침.,(사)동부동물보호협회,부산광역시 해운대구 송정2로13번길 46 (송정동) ,051-701-7599,보호중,새끼,cat
4.26331E+14,믹스묘,2026(60일미만)(년생),F,N,어린 나이에도 독립적이고 자유로운 성격. 자기 페이스대로 생활함.,(사)동부동물보호협회,부산광역시 해운대구 송정2로13번길 46 (송정동) ,051-701-7599,보호중,새끼,cat
4.26331E+14,믹스묘,2026(60일미만)(년생),F,N,어린 나이에도 활발하고 탐색하기를 좋아함. 호기심이 많음.,(사)동부동물보호협회,부산광역시 해운대구 송정2로13번길 46 (송정동) ,051-701-7599,보호중,새끼,cat
4.26331E+14,믹스묘,2026(60일미만)(년생),M,N,어린 나이에도 활발하고 탐색하기를 좋아함. 호기심이 많음.,(사)동부동물보호협회,부산광역시 해운대구 송정2로13번길 46 (송정동) ,051-701-7599,보호중,새끼,cat
4.26331E+14,믹스묘,2025(년생),M,N,아직 어리지만 조용하고 관찰하는 것을 좋아함. 신중하게 행동함.,(사)동부동물보호협회,부산광역시 해운대구 송정2로13번길 46 (송정동) ,051-701-7599,보호중,새끼,cat
4.26331E+14,믹스견,2023(년생),M,N,"검정 목줄 착용, 경계성 입질, 흰색",(사)동부동물보호협회,부산광역시 해운대구 송정2로13번길 46 (송정동) ,051-701-7599,보호중,성체,dog
4.26325E+14,요크셔 테리어,2019(년생),M,N,"약간의경계심이있음,꼬리가짧고미용흔적이있음,",부산동물보호센터,부산광역시 강서구 맥도강변길 752-15 (대저2동) ,051-832-7119,보호중,성체,dog
4.11324E+14,한국 고양이,2025(년생),F,N,호기심 왕성한 새끼로 조용하고 차분함. 보호자 곁에 있는 것을 좋아함.,GD동물병원,서울특별시 강동구 상일로 13 (상일동) 1~2층 GD동물병원,02-429-8822,보호중,새끼,cat
4.29359E+14,한국 고양이,2025(년생),F,U,아직 어리지만 조용하고 차분함. 보호자 곁에 있는 것을 좋아함.,광주동물보호센터,광주광역시 북구 본촌마을길 25-1 (본촌동) 광주동물보호센터,062-613-6770,보호중,새끼,cat
4.29363E+14,한국 고양이,2026(60일미만)(년생),F,N,어린 나이에도 예민하고 환경 변화에 민감함. 익숙한 환경에서 안정적임.,광주동물보호센터,광주광역시 북구 본촌마을길 25-1 (본촌동) 광주동물보호센터,062-613-6770,보호중,새끼,cat
4.41417E+14,믹스견,2021(년생),F,Y,"위기 동물 인수제, 경계심 있지만 온순한 편",양평군유기동물보호소,경기도 양평군 양평읍 농업기술센터길 59-1  ,031-770-2337,보호중,성체,dog
4.5065E+14,믹스견,2026(년생),M,N,호기심 왕성한 새끼로 순하고 입질이 없음. 보호자에 대한 의존도가 높음.,제주 동물보호센터,제주특별자치도 제주시 첨단동길 184-14 (용강동) ,064-710-4065,보호중,새끼,dog
4.5065E+14,믹스견,2026(년생),M,N,아직 어리지만 활발하고 에너지가 넘침. 낯선 환경에도 호기심이 많음.,제주 동물보호센터,제주특별자치도 제주시 첨단동길 184-14 (용강동) ,064-710-4065,보호중,새끼,dog
4.5065E+14,믹스견,2026(60일미만)(년생),F,N,아직 어리지만 경계심이 있으나 천천히 마음을 열어감. 혼자 있는 것을 무서워함.,제주 동물보호센터,제주특별자치도 제주시 첨단동길 184-14 (용강동) ,064-710-4065,보호중,새끼,dog
4.5065E+14,믹스견,2026(년생),F,N,호기심 왕성한 새끼로 경계심이 있으나 천천히 마음을 열어감. 혼자 있는 것을 무서워함.,제주 동물보호센터,제주특별자치도 제주시 첨단동길 184-14 (용강동) ,064-710-4065,보호중,새끼,dog
4.5065E+14,포메라니안,2019(년생),M,N,활발하고 자기 주장이 강함. 주인에 대한 충성심이 높음.,제주 동물보호센터,제주특별자치도 제주시 첨단동길 184-14 (용강동) ,064-710-4065,보호중,성체,dog
4.5065E+14,믹스견,2025(년생),F,U,어린 나이에도 예민하고 낯선 사람을 경계함. 혼자만의 공간을 선호함.,제주 동물보호센터,제주특별자치도 제주시 첨단동길 184-14 (용강동) ,064-710-4065,보호중,새끼,dog
4.5065E+14,믹스견,2026(년생),F,N,호기심 왕성한 새끼로 경계심이 있으나 천천히 마음을 열어감. 혼자 있는 것을 무서워함.,제주 동물보호센터,제주특별자치도 제주시 첨단동길 184-14 (용강동) ,064-710-4065,보호중,새끼,dog
4.5065E+14,믹스견,2024(년생),F,U,예민하고 낯선 사람을 경계함. 혼자만의 공간을 선호함.,제주 동물보호센터,제주특별자치도 제주시 첨단동길 184-14 (용강동) ,064-710-4065,보호중,성체,dog
4.5065E+14,믹스견,2026(년생),F,U,호기심 왕성한 새끼로 온순하고 사람을 잘 따름. 겁이 약간 있으나 금방 적응함.,제주 동물보호센터,제주특별자치도 제주시 첨단동길 184-14 (용강동) ,064-710-4065,보호중,새끼,dog
4.5065E+14,믹스견,2026(60일미만)(년생),M,N,어린 나이에도 경계심이 있으나 천천히 마음을 열어감. 혼자 있는 것을 무서워함.,제주 동물보호센터,제주특별자치도 제주시 첨단동길 184-14 (용강동) ,064-710-4065,보호중,새끼,dog
4.5065E+14,믹스견,2026(60일미만)(년생),M,N,어린 나이에도 겁이 많고 소심한 편. 천천히 신뢰를 쌓으면 잘 따름.,제주 동물보호센터,제주특별자치도 제주시 첨단동길 184-14 (용강동) ,064-710-4065,보호중,새끼,dog
4.5065E+14,믹스견,2026(년생),F,N,호기심 왕성한 새끼로 예민하고 낯선 사람을 경계함. 혼자만의 공간을 선호함.,제주 동물보호센터,제주특별자치도 제주시 첨단동길 184-14 (용강동) ,064-710-4065,보호중,새끼,dog
4.5065E+14,믹스견,2026(년생),M,N,아직 어리지만 겁이 많고 소심한 편. 천천히 신뢰를 쌓으면 잘 따름.,제주 동물보호센터,제주특별자치도 제주시 첨단동길 184-14 (용강동) ,064-710-4065,보호중,새끼,dog
4.5065E+14,믹스견,2026(년생),M,N,어린 나이에도 장난기가 많고 놀기를 좋아함. 사람과 함께 있는 것을 즐김.,제주 동물보호센터,제주특별자치도 제주시 첨단동길 184-14 (용강동) ,064-710-4065,보호중,새끼,dog
4.5065E+14,시베리안 허스키,2023(년생),M,N,독립적이고 자유로운 성격. 에너지가 넘치고 활동적임.,제주 동물보호센터,제주특별자치도 제주시 첨단동길 184-14 (용강동) ,064-710-4065,보호중,성체,dog
4.5065E+14,믹스견,2026(년생),M,N,어린 나이에도 장난기가 많고 놀기를 좋아함. 사람과 함께 있는 것을 즐김.,제주 동물보호센터,제주특별자치도 제주시 첨단동길 184-14 (용강동) ,064-710-4065,보호중,새끼,dog
4.5065E+14,믹스견,2026(60일미만)(년생),M,N,아직 어리지만 겁이 많고 소심한 편. 천천히 신뢰를 쌓으면 잘 따름.,제주 동물보호센터,제주특별자치도 제주시 첨단동길 184-14 (용강동) ,064-710-4065,보호중,새끼,dog
4.5065E+14,믹스견,2026(60일미만)(년생),M,N,어린 나이에도 온순하고 사람을 잘 따름. 겁이 약간 있으나 금방 적응함.,제주 동물보호센터,제주특별자치도 제주시 첨단동길 184-14 (용강동) ,064-710-4065,보호중,새끼,dog
4.5065E+14,믹스견,2023(년생),F,U,경계심이 있으나 천천히 마음을 열어감. 혼자 있는 것을 무서워함.,제주 동물보호센터,제주특별자치도 제주시 첨단동길 184-14 (용강동) ,064-710-4065,보호중,성체,dog
4.5065E+14,한국 고양이,2026(60일미만)(년생),M,N,아직 어리지만 조용하고 차분함. 보호자 곁에 있는 것을 좋아함.,제2동물보호센터,제주특별자치도 제주시 애월읍 어림비로 616-107  ,064-710-4805,보호중,새끼,cat
4.5065E+14,한국 고양이,2026(60일미만)(년생),M,N,어린 나이에도 조용하고 차분함. 보호자 곁에 있는 것을 좋아함.,제2동물보호센터,제주특별자치도 제주시 애월읍 어림비로 616-107  ,064-710-4805,보호중,새끼,cat
4.48567E+14,믹스견,2026(60일미만)(년생),M,N,어린 나이에도 활발하고 에너지가 넘침. 낯선 환경에도 호기심이 많음.,창원동물보호센터,경상남도 창원시 성산구 공단로474번길 117 (상복동) 창원동물보호센터,055-225-5701,보호중,새끼,dog
4.48536E+14,믹스견,2026(60일미만)(년생),M,N,"7두 형제 동시 입소, 순하고 착함, 멋진 갈색털",밀양시 동물보호센터,경상남도 밀양시 삼랑진읍 천태로 472 (삼랑진읍) ,070-4113-7288,보호중,새끼,dog
4.48536E+14,믹스견,2026(60일미만)(년생),M,N,"7두 형제 동시 입소, 순하고 착함, 혼자 흰둥이",밀양시 동물보호센터,경상남도 밀양시 삼랑진읍 천태로 472 (삼랑진읍) ,070-4113-7288,보호중,새끼,dog
4.48536E+14,믹스견,2026(60일미만)(년생),F,N,"7두 형제 동시 입소, 순하고 착함, 멋진 갈색털",밀양시 동물보호센터,경상남도 밀양시 삼랑진읍 천태로 472 (삼랑진읍) ,070-4113-7288,보호중,새끼,dog
4.48536E+14,믹스견,2026(60일미만)(년생),M,N,"7두 형제 동시 입소, 순하고 착함, 짜장 주둥이가 매력적",밀양시 동물보호센터,경상남도 밀양시 삼랑진읍 천태로 472 (삼랑진읍) ,070-4113-7288,보호중,새끼,dog
4.48536E+14,믹스견,2026(60일미만)(년생),F,N,"7두 형제 동시 입소, 순하고 착함, 짜장 주둥이가 매력적",밀양시 동물보호센터,경상남도 밀양시 삼랑진읍 천태로 472 (삼랑진읍) ,070-4113-7288,보호중,새끼,dog
4.48536E+14,믹스견,2026(60일미만)(년생),F,N,"7두 형제 동시 입소, 순하고 착함, 짜장 주둥이가 매력적",밀양시 동물보호센터,경상남도 밀양시 삼랑진읍 천태로 472 (삼랑진읍) ,070-4113-7288,보호중,새끼,dog
4.48536E+14,믹스견,2026(60일미만)(년생),F,N,"7두 형제 동시 입소, 순하고 착함, 짜장 주둥이가 매력적",밀양시 동물보호센터,경상남도 밀양시 삼랑진읍 천태로 472 (삼랑진읍) ,070-4113-7288,보호중,새끼,dog
4.48535E+14,포메라니안,2023(년생),M,U,"김해시-146, 미용되어 있음, 사람 잘 따름",(사)동물보호관리협회,부산광역시 강서구 가락대로1283번길 25-2 (봉림동) ,051-971-6208,보호중,성체,dog
4.47525E+14,믹스견,2024(년생),M,U,온순하고 친근함,울진군동물보호센터,경상북도 울진군 울진읍 대흥신림로 916-37  ,054-789-6795,보호중,성체,dog
4.47525E+14,믹스견,2024(년생),M,U,온순하고 친근함,울진군동물보호센터,경상북도 울진군 울진읍 대흥신림로 916-37  ,054-789-6795,보호중,성체,dog
4.46493E+14,믹스견,2026(년생),M,U,사람을 잘따름.,해남유기동물보호센터,전라남도 해남군 해남읍 용머리길 14-37  ,061-531-3916,보호중,새끼,dog
4.46493E+14,믹스견,2026(년생),F,U,사람을 잘따름. 목걸이 착용.,해남유기동물보호센터,전라남도 해남군 해남읍 용머리길 14-37  ,061-531-3916,보호중,새끼,dog
4.45476E+14,사모예드,2016(년생),M,Y,나이가 들었지만 온순하고 느긋함. 누구에게나 친절함.,임실유기동물보호센터,"전라북도 임실군 오수면 춘향로 1554-95  펫추모공원 입구, 유기동물보호센터",063-642-5550,보호중,노령,dog
4.45476E+14,믹스견,2023(년생),M,Y,온순한 편이나 사람을 경계함,임실유기동물보호센터,"전라북도 임실군 오수면 춘향로 1554-95  펫추모공원 입구, 유기동물보호센터",063-642-5550,보호중,성체,dog
4.45476E+14,믹스견,2024(년생),F,N, 온순하면서 사람을  잘 따르는 편임,임실유기동물보호센터,"전라북도 임실군 오수면 춘향로 1554-95  펫추모공원 입구, 유기동물보호센터",063-642-5550,보호중,성체,dog
4.45476E+14,믹스견,2024(년생),M,N, 온순하면서 사람을  잘 따르는 편임,임실유기동물보호센터,"전라북도 임실군 오수면 춘향로 1554-95  펫추모공원 입구, 유기동물보호센터",063-642-5550,보호중,성체,dog
4.45475E+14,기타,2025(년생),F,N,흰색의 순한 믹스견,장수군 보호소,전라북도 장수군 천천면 승마1로 152  ,063-350-2436,보호중,새끼,dog
4.44457E+14,믹스견,2023(년생),M,N,장난기가 많고 놀기를 좋아함. 사람과 함께 있는 것을 즐김.,남부여동물보호소,충청남도 부여군 임천면 위덕로47번길 36-12  (점리),041-837-8277,보호중,성체,dog
4.44455E+14,믹스묘,2026(60일미만)(년생),Q,N,어린 나이에도 독립적이고 자유로운 성격. 자기 페이스대로 생활함.,제일동물병원,충청남도 금산군 금산읍 비단로 59  ,041-751-3739,보호중,새끼,cat
4.44454E+14,믹스견,2020(년생),F,U,활발하고 에너지가 넘침. 낯선 환경에도 호기심이 많음.,논산시 동물보호센터,충청남도 논산시 계백로665번길 100 (등화동) 논산시 동물보호센터,041-746-8470,보호중,성체,dog
4.44452E+14,시베리안 허스키,2024(년생),M,U,고집이 있으나 사람과 함께 있는 것을 즐김. 사교적임.,아산동물복지지원센터,충청남도 아산시 환경공원로 158 (배미동) ,041-530-6200,종료(반환),성체,dog
4.44452E+14,믹스견,2026(년생),F,N,호기심 왕성한 새끼로 순하고 입질이 없음. 보호자에 대한 의존도가 높음.,아산동물복지지원센터,충청남도 아산시 환경공원로 158 (배미동) ,041-530-6200,보호중,새끼,dog
4.44452E+14,믹스견,2026(년생),F,N,호기심 왕성한 새끼로 독립적이고 자기 의사 표현이 강함. 한 번 마음을 열면 충실함.,아산동물복지지원센터,충청남도 아산시 환경공원로 158 (배미동) ,041-530-6200,보호중,새끼,dog
4.44452E+14,믹스견,2026(60일미만)(년생),M,N,아직 어리지만 온순하고 사람을 잘 따름. 겁이 약간 있으나 금방 적응함.,아산동물복지지원센터,충청남도 아산시 환경공원로 158 (배미동) ,041-530-6200,보호중,새끼,dog
4.44452E+14,슈나우져,2024(년생),F,U,영리하고 독립적임. 낯선 사람에게 경계심이 있으나 가족에게는 충실함.,아산동물복지지원센터,충청남도 아산시 환경공원로 158 (배미동) ,041-530-6200,보호중,성체,dog
4.44452E+14,슈나우져,2024(년생),M,N,영리하고 독립적임. 낯선 사람에게 경계심이 있으나 가족에게는 충실함.,아산동물복지지원센터,충청남도 아산시 환경공원로 158 (배미동) ,041-530-6200,보호중,성체,dog
4.44452E+14,믹스견,2021(년생),M,N,온순하고 사람을 잘 따름. 겁이 약간 있으나 금방 적응함.,아산동물복지지원센터,충청남도 아산시 환경공원로 158 (배미동) ,041-530-6200,종료(반환),성체,dog
4.44452E+14,믹스견,2023(년생),M,N,활발하고 에너지가 넘침. 낯선 환경에도 호기심이 많음.,아산동물복지지원센터,충청남도 아산시 환경공원로 158 (배미동) ,041-530-6200,종료(반환),성체,dog
4.44452E+14,믹스견,2014(년생),F,N,나이가 들었지만 활발하고 에너지가 넘침. 낯선 환경에도 호기심이 많음.,아산동물복지지원센터,충청남도 아산시 환경공원로 158 (배미동) ,041-530-6200,종료(반환),노령,dog
4.4445E+14,믹스견,2024(년생),M,N,장난기가 많고 놀기를 좋아함. 사람과 함께 있는 것을 즐김.,공주시 동물보호센터,충청남도 공주시 우성면 내산목천길 52-15  ,041-840-3495,보호중,성체,dog
4.4445E+14,믹스견,2026(년생),M,N,어린 나이에도 온순하고 사람을 잘 따름. 겁이 약간 있으나 금방 적응함.,공주시 동물보호센터,충청남도 공주시 우성면 내산목천길 52-15  ,041-840-3495,보호중,새끼,dog
4.4445E+14,믹스견,2026(년생),F,U,호기심 왕성한 새끼로 예민하고 낯선 사람을 경계함. 혼자만의 공간을 선호함.,공주시 동물보호센터,충청남도 공주시 우성면 내산목천길 52-15  ,041-840-3495,보호중,새끼,dog
4.4445E+14,믹스견,2026(년생),F,U,호기심 왕성한 새끼로 예민하고 낯선 사람을 경계함. 혼자만의 공간을 선호함.,공주시 동물보호센터,충청남도 공주시 우성면 내산목천길 52-15  ,041-840-3495,보호중,새끼,dog
4.43557E+14,말티즈,2022(년생),M,U,온순하고 애교가 많음. 보호자에게 매우 의존적임.,가정견훈련소,충청북도 증평군 도안면 입장길 239  ,010-3169-1151,보호중,성체,dog
4.43557E+14,믹스견,2023(년생),M,U,독립적이고 자기 의사 표현이 강함. 한 번 마음을 열면 충실함.,가정견훈련소,충청북도 증평군 도안면 입장길 239  ,010-3169-1151,보호중,성체,dog
4.4242E+14,믹스견,2026(년생),M,N,아직 어리지만 활발하고 에너지가 넘침. 낯선 환경에도 호기심이 많음.,강릉시 동물사랑센터,강원도 강릉시 성산면 내맬길 172  ,033-641-7515,보호중,새끼,dog
4.42419E+14,기타,2020(년생),M,N,"공격성, 목줄착용, 블랙탄",원주시동물보호센터,강원특별자치도 원주시 호저면 칠봉로 109-17  ,033-731-1119,보호중,성체,dog
4.42419E+14,믹스견,2021(년생),M,N,독립적이고 자기 의사 표현이 강함. 한 번 마음을 열면 충실함.,원주시동물보호센터,강원특별자치도 원주시 호저면 칠봉로 109-17  ,033-731-1119,보호중,성체,dog
4.42419E+14,믹스견,2026(60일미만)(년생),M,N,"갈,검정, 두마리 모두 순둥 귀염둥이",원주시동물보호센터,강원특별자치도 원주시 호저면 칠봉로 109-17  ,033-731-1119,보호중,새끼,dog
4.42419E+14,믹스견,2026(60일미만)(년생),F,N,"두마리 함께 또랑에서 구조, 순둥이",원주시동물보호센터,강원특별자치도 원주시 호저면 칠봉로 109-17  ,033-731-1119,보호중,새끼,dog
4.42419E+14,믹스견,2022(년생),M,N,"목줄착용, 순하고, 사람을 잘따름",원주시동물보호센터,강원특별자치도 원주시 호저면 칠봉로 109-17  ,033-731-1119,보호중,성체,dog
4.4156E+14,믹스견,2024(년생),M,N,온순. 얌전. 겁 약간. 좌안 눈곱. 귀 진갈. 코 분홍. 녹색 바탕 빨간 가로 줄 목줄. 우측 슬개골. ,한국동물구조관리협회,경기도 양주시 남면 감악산로 63-37  ,031-867-9119,보호중,성체,dog
4.4156E+14,푸들,2013(년생),F,U,꽃무늬조끼.미용됨.온순.얌전.부정교합.치석.양눈백내장.좌사타구니탈장.우측슬개골.피부질환/탈모.단미됨.,한국동물구조관리협회,경기도 양주시 남면 감악산로 63-37  ,031-867-9119,보호중,노령,dog
4.41414E+14,믹스견,2024(년생),F,U,파란 바탕에 빨간 줄 있는 목줄 착용. 겁. 경계. 방어적 입질. 꼬리 단미 안됨. 털 많이 때탐. ,한국동물구조관리협회,경기도 양주시 남면 감악산로 63-37 ,031-867-9119,보호중,성체,dog
4.41414E+14,믹스견,2021(년생),M,N,말티푸 추정. 온순. 활발. 사람 좋아함. 귀여움. 생식기 쪽 염증 추정. 잠복 고환. 유치 남아있음,한국동물구조관리협회,경기도 양주시 남면 감악산로 63-37 ,031-867-9119,보호중,성체,dog
4.41409E+14,한국 고양이,2021(년생),M,N,눈곱. 콧물. 구강질환 및 구강염증. 여윔. 기력없음. 윗 앞니 2개/ 아래 앞니 1개 빠짐. 경계. 예민,한국동물구조관리협회,경기도 양주시 남면 감악산로 63-37 (남면) ,031-867-9119,보호중,성체,cat
4.41406E+14,기타축종,2026(60일미만)(년생),Q,U,아직 어리지만 겁이 많으나 천천히 적응함. 예민한 편.,한국동물구조관리협회,경기도 양주시 남면 감악산로 63-37  ,031-867-9119,보호중,새끼,dog
4.41406E+14,믹스견,2020(년생),M,N,빨간바탕에노란줄있는목줄착용.분홍코.눈곱.치석.온순.얌전.사람잘따름.꼬리단미안됨.털약간때탐.,한국동물구조관리협회,경기도 양주시 남면 감악산로 63-37  ,031-867-9119,보호중,성체,dog
4.41398E+14,한국 고양이,2025(년생),F,U,아직 어리지만 예민하고 환경 변화에 민감함. 익숙한 환경에서 안정적임.,구리시 반려돌봄센터,경기도 구리시 동구릉로136번길 57 (인창동) 2층,031-566-0059,보호중,새끼,cat
4.41398E+14,믹스묘,2024(년생),M,Y,조용하고 관찰하는 것을 좋아함. 신중하게 행동함.,구리시 반려돌봄센터,경기도 구리시 동구릉로136번길 57 (인창동) 2층,031-566-0059,보호중,성체,cat
4.41398E+14,한국 고양이,2020(년생),F,Y,"순함, 사람친화적, 구내염 심함, 귀진드기",구리시 반려돌봄센터,경기도 구리시 동구릉로136번길 57 (인창동) 2층,031-566-0059,보호중,성체,cat
4.41398E+14,한국 고양이,2020(년생),F,Y,"순함, 사람친화적, 구내염으로 인한 치아 상실, 귀진드기",구리시 반려돌봄센터,경기도 구리시 동구릉로136번길 57 (인창동) 2층,031-566-0059,보호중,성체,cat
4.41382E+14,푸들,2018(년생),M,Y,미용되어있음.콧등약간의탈모.눈곱.치석.온순.얌전.사람좋아함.양눈백내장.양슬개골.꼬리단미.털상태양호. ,한국동물구조관리협회,경기도 양주시 남면 감악산로 63-37 (남면) ,031-867-9119,보호중,노령,dog
4.31372E+14,한국 고양이,2026(60일미만)(년생),M,N,호기심 왕성한 새끼로 활발하고 호기심이 왕성함. 장난감에 관심이 많음.,울산유기동물보호센터,울산광역시 울주군 온양읍 화산발리로 543  ,052-238-6113,보호중,새끼,cat
4.3137E+14,믹스묘,2023(년생),F,N,활발하고 탐색하기를 좋아함. 호기심이 많음.,강남동물병원,울산광역시 남구 돋질로 232 (달동) 1층,052-271-0075,보호중,성체,cat
4.31369E+14,한국 고양이,2026(60일미만)(년생),M,N,어린 나이에도 독립적이고 자기 영역 의식이 강함. 조용하고 관찰하는 것을 좋아함.,울산유기동물보호센터,울산광역시 울주군 온양읍 화산발리로 543 (온양읍) ,052-238-6113,보호중,새끼,cat
4.31369E+14,한국 고양이,2026(60일미만)(년생),M,N,호기심 왕성한 새끼로 낯선 사람을 경계하나 익숙해지면 애교가 많음. 혼자 노는 것을 즐김.,울산유기동물보호센터,울산광역시 울주군 온양읍 화산발리로 543 (온양읍) ,052-238-6113,보호중,새끼,cat
4.30367E+14,프렌치 불독,2025(년생),F,N,아직 어리지만 장난기가 있으나 지나치지 않음. 애정 표현을 잘 함.,대전동물보호센터,대전광역시 유성구 금남구즉로 1234 (금고동) 대전광역시 동물보호센터,042-270-7239,보호중,새끼,dog
4.28357E+14,믹스견,2026(60일미만)(년생),F,N,호기심 왕성한 새끼로 경계심이 있으나 천천히 마음을 열어감. 혼자 있는 것을 무서워함.,베스트동물병원,"인천광역시 강화군 강화읍 강화대로 217 (강화읍, 린나이보일러) ",032-934-9340,보호중,새끼,dog
4.28354E+14,아메리칸 쇼트헤어,2025(년생),M,N,순하고 옆구리에 다발성 상처가 난 상태로 구조됨 ,조재진동물병원,인천광역시 부평구 원적로 419 (산곡동) ,032-518-3800,보호중,새끼,dog
4.28354E+14,말티즈,2018(년생),F,U,순하고 얌전,삼산종합동물병원,인천광역시 부평구 체육관로 40 (삼산동) ,032-330-0075,보호중,노령,dog
4.27344E+14,기타,2021(년생),F,U,독립적이고 자기 페이스대로 생활함. 적응력이 좋음.,대구유기동물보호협회,대구광역시 동구 금강로 151-13 (금강동) ,053-964-6258,보호중,성체,dog
4.26335E+14,믹스견,2022(년생),F,U,"겁 많음, 순함",동부동물보호협회,부산광역시 해운대구 송정2로13번길 46 (송정동) ,051-701-7599,보호중,성체,dog
4.26335E+14,비숑 프리제,2024(년생),F,U,"털 오염 및 엉킴, 순함",동부동물보호협회,부산광역시 해운대구 송정2로13번길 46 (송정동) ,051-701-7599,보호중,성체,dog
4.26333E+14,푸들,2024(년생),M,N,"순함, 겁 많음. 회색",동부유기동물보호협회,부산광역시 해운대구 송정2로13번길 46 (송정동) ,051-701-7599,보호중,성체,dog
4.11321E+14,믹스견,2022(년생),F,U,말티푸 추정. 온순. 활발. 사람 좋아함. 치석 약간. 미용 되어있음. 콧등 약간 탈모. 꼬리 단미 안됨.,한국동물구조관리협회,경기도 양주시 남면 상수리 410-1,031-867-9119,보호중,성체,dog
4.11315E+14,푸들,2023(년생),M,N,활발.온순.사람좋아함.유치남아있음.좌전지요/척골부위꺾여있음(기형or골절후잘못붙은듯).양슬개골.,한국동물구조관리협회,경기도 양주시 남면 감악산로 63-37 (남면) 한국동물구조관리협회,031-867-9119,보호중,성체,dog
4.11314E+14,기타축종,2026(60일미만)(년생),Q,U,호기심 왕성한 새끼로 활발하고 호기심이 많음. 탐색하기를 좋아함.,동물구조관리협회,경기도 양주시 남면 감악산로 63-37  (사)한국동물구조관리협회,031-867-9119,보호중,새끼,dog
4.11302E+14,푸들,2022(년생),M,Y,온순하고 활발함. 미약한 눈꼽확인,남산동물병원,서울특별시 용산구 후암로 51 (후암동) 1층,02-778-7582,보호중,성체,dog
4.11302E+14,한국 고양이,2026(60일미만)(년생),F,N,아직 어리지만 예민하고 환경 변화에 민감함. 익숙한 환경에서 안정적임.,남산동물병원,서울특별시 용산구 후암로 51 (후암동) 1층,02-778-7582,보호중,새끼,cat
4.69569E+14,믹스견,2025(년생),F,N,어린 나이에도 겁이 많고 소심한 편. 천천히 신뢰를 쌓으면 잘 따름.,세종유기동물보호센터,세종특별자치시  전동면 미륵당1길 188 (전동면) ,010-4435-3720,보호중,새끼,dog
4.69569E+14,믹스견,2026(년생),F,N,호기심 왕성한 새끼로 경계심이 있으나 천천히 마음을 열어감. 혼자 있는 것을 무서워함.,세종유기동물보호센터,세종특별자치시  전동면 미륵당1길 188 (전동면) ,010-4435-3720,보호중,새끼,dog
4.69569E+14,믹스견,2026(년생),F,N,호기심 왕성한 새끼로 겁이 많고 소심한 편. 천천히 신뢰를 쌓으면 잘 따름.,세종유기동물보호센터,세종특별자치시  전동면 미륵당1길 188 (전동면) ,010-4435-3720,보호중,새끼,dog
4.69569E+14,믹스견,2026(년생),F,N,호기심 왕성한 새끼로 겁이 많고 소심한 편. 천천히 신뢰를 쌓으면 잘 따름.,세종유기동물보호센터,세종특별자치시  전동면 미륵당1길 188 (전동면) ,010-4435-3720,보호중,새끼,dog
4.69569E+14,믹스견,2026(년생),M,N,호기심 왕성한 새끼로 경계심이 있으나 천천히 마음을 열어감. 혼자 있는 것을 무서워함.,세종유기동물보호센터,세종특별자치시  전동면 미륵당1길 188 (전동면) ,010-4435-3720,보호중,새끼,dog
4.69569E+14,믹스견,2024(년생),M,N,장난기가 많고 놀기를 좋아함. 사람과 함께 있는 것을 즐김.,세종유기동물보호센터,세종특별자치시  전동면 미륵당1길 188 (전동면) ,010-4435-3720,보호중,성체,dog
4.48567E+14,시바,2020(년생),F,Y,충성심이 강하나 표현은 서툼. 자기 의사가 뚜렷함.,창원동물보호센터,경상남도 창원시 성산구 공단로474번길 117 (상복동) 창원동물보호센터,055-225-5701,종료(반환),성체,dog
4.48567E+14,비숑 프리제,2018(년생),F,U,"짧은 다리와 순한 성격, 치석 많음, 주변 놀러 왔다가 길 잃어버린 듯 함",창원동물보호센터,경상남도 창원시 성산구 공단로474번길 117 (상복동) 창원동물보호센터,055-225-5701,보호중,노령,dog
4.48548E+14,믹스견,2026(60일미만)(년생),F,N,호기심 왕성한 새끼로 독립적이고 자기 의사 표현이 강함. 한 번 마음을 열면 충실함.,태민동물보호센터,"경상남도 합천군 합천읍 옥산로 16 (합천읍, 까치빌라) 태민동물병원",010-2868-2108,보호중,새끼,dog
4.48548E+14,믹스견,2026(년생),F,N,호기심 왕성한 새끼로 장난기가 많고 놀기를 좋아함. 사람과 함께 있는 것을 즐김.,태민동물보호센터,"경상남도 합천군 합천읍 옥산로 16 (합천읍, 까치빌라) 태민동물병원",010-2868-2108,보호중,새끼,dog
4.48548E+14,믹스견,2026(년생),F,N,아직 어리지만 활발하고 에너지가 넘침. 낯선 환경에도 호기심이 많음.,태민동물보호센터,"경상남도 합천군 합천읍 옥산로 16 (합천읍, 까치빌라) 태민동물병원",010-2868-2108,보호중,새끼,dog
4.48548E+14,믹스견,2026(년생),M,N,호기심 왕성한 새끼로 독립적이고 자기 의사 표현이 강함. 한 번 마음을 열면 충실함.,태민동물보호센터,"경상남도 합천군 합천읍 옥산로 16 (합천읍, 까치빌라) 태민동물병원",010-2868-2108,보호중,새끼,dog
4.48548E+14,믹스견,2026(년생),M,N,호기심 왕성한 새끼로 독립적이고 자기 의사 표현이 강함. 한 번 마음을 열면 충실함.,태민동물보호센터,"경상남도 합천군 합천읍 옥산로 16 (합천읍, 까치빌라) 태민동물병원",010-2868-2108,보호중,새끼,dog
4.48548E+14,믹스견,2026(년생),F,N,호기심 왕성한 새끼로 활발하고 에너지가 넘침. 낯선 환경에도 호기심이 많음.,태민동물보호센터,"경상남도 합천군 합천읍 옥산로 16 (합천읍, 까치빌라) 태민동물병원",010-2868-2108,보호중,새끼,dog
4.48548E+14,믹스견,2026(년생),F,N,어린 나이에도 장난기가 많고 놀기를 좋아함. 사람과 함께 있는 것을 즐김.,태민동물보호센터,"경상남도 합천군 합천읍 옥산로 16 (합천읍, 까치빌라) 태민동물병원",010-2868-2108,보호중,새끼,dog
4.48542E+14,믹스견,2024(년생),F,N,온순하고 사람을 잘 따름. 겁이 약간 있으나 금방 적응함.,고성군 동물가족센터,경상남도 고성군 고성읍 동해로 123  고성군 동물가족센터,055-670-4346,보호중,성체,dog
4.48542E+14,믹스견,2026(60일미만)(년생),F,N,아직 어리지만 장난기가 많고 놀기를 좋아함. 사람과 함께 있는 것을 즐김.,고성군 동물가족센터,경상남도 고성군 고성읍 동해로 123  고성군 동물가족센터,055-670-4346,보호중,새끼,dog
4.48542E+14,믹스견,2026(60일미만)(년생),F,N,호기심 왕성한 새끼로 독립적이고 자기 의사 표현이 강함. 한 번 마음을 열면 충실함.,고성군 동물가족센터,경상남도 고성군 고성읍 동해로 123  고성군 동물가족센터,055-670-4346,보호중,새끼,dog
4.48541E+14,믹스견,2026(60일미만)(년생),F,N,어린 나이에도 겁이 많고 소심한 편. 천천히 신뢰를 쌓으면 잘 따름.,창녕 유기동물보호소,경상남도 창녕군 고암면 창밀로 335-26 (고암면) 고암면 억만리 28,010-5488-5003,보호중,새끼,dog
4.48541E+14,믹스견,2023(년생),F,N,순하고 입질이 없음. 보호자에 대한 의존도가 높음.,창녕 유기동물보호소,경상남도 창녕군 고암면 창밀로 335-26 (고암면) 고암면 억만리 28,010-5488-5003,보호중,성체,dog
4.48541E+14,믹스견,2023(년생),M,N,예민하고 낯선 사람을 경계함. 혼자만의 공간을 선호함.,창녕 유기동물보호소,경상남도 창녕군 고암면 창밀로 335-26 (고암면) 고암면 억만리 28,010-5488-5003,보호중,성체,dog
4.48541E+14,믹스견,2023(년생),F,N,순하고 입질이 없음. 보호자에 대한 의존도가 높음.,창녕 유기동물보호소,경상남도 창녕군 고암면 창밀로 335-26 (고암면) 고암면 억만리 28,010-5488-5003,보호중,성체,dog
4.48539E+14,믹스견,2024(년생),F,U,활발하고 에너지가 넘침. 낯선 환경에도 호기심이 많음.,의령군 동물보호센터,경상남도 의령군 의령읍 남강로 485-75  ,055-570-4203,보호중,성체,dog
4.48539E+14,믹스견,2024(년생),M,U,경계심이 있으나 천천히 마음을 열어감. 혼자 있는 것을 무서워함.,의령군 동물보호센터,경상남도 의령군 의령읍 남강로 485-75  ,055-570-4203,보호중,성체,dog
4.48539E+14,치와와,2020(년생),M,U,"순함, 겁 많음",의령군 동물보호센터,경상남도 의령군 의령읍 남강로 485-75  ,055-570-4203,보호중,성체,dog
4.48537E+14,믹스견,2020(년생),M,N,"순함,칩없음",거제시동물보호센터,경상남도 거제시 사등면 두동로1길 107  거제시동물보호센터,055-639-6368,보호중,성체,dog
4.48537E+14,그레이 하운드,2018(년생),M,Y,순한편이나 겁이 조금있음,거제시동물보호센터,경상남도 거제시 사등면 두동로1길 107  거제시동물보호센터,055-639-6368,보호중,노령,dog
4.48536E+14,믹스견,2026(년생),M,N,아직 어리지만 예민하고 낯선 사람을 경계함. 혼자만의 공간을 선호함.,밀양시 동물보호센터,경상남도 밀양시 삼랑진읍 천태로 472 (삼랑진읍) ,070-4113-7288,보호중,새끼,dog
4.48536E+14,믹스견,2024(년생),F,N,"젖이 불어있는 새끼 낳은 흔적, 매우 순함, 귀가 매력적",밀양시 동물보호센터,경상남도 밀양시 삼랑진읍 천태로 472 (삼랑진읍) ,070-4113-7288,보호중,성체,dog
4.48536E+14,믹스견,2026(년생),F,N,어린 나이에도 예민하고 낯선 사람을 경계함. 혼자만의 공간을 선호함.,밀양시 동물보호센터,경상남도 밀양시 삼랑진읍 천태로 472 (삼랑진읍) ,070-4113-7288,보호중,새끼,dog
4.48534E+14,믹스견,2026(60일미만)(년생),M,N,어린 나이에도 경계심이 있으나 천천히 마음을 열어감. 혼자 있는 것을 무서워함.,사천시 동물보호센터,경상남도 사천시 용현면 진삼로 902  사천시유기동물보호소,055-831-3768,보호중,새끼,dog
4.48534E+14,믹스견,2026(60일미만)(년생),F,N,호기심 왕성한 새끼로 독립적이고 자기 의사 표현이 강함. 한 번 마음을 열면 충실함.,사천시 동물보호센터,경상남도 사천시 용현면 진삼로 902  사천시유기동물보호소,055-831-3768,보호중,새끼,dog
4.48534E+14,믹스견,2024(년생),M,N,사람 손길 좋아함,사천시 동물보호센터,경상남도 사천시 용현면 진삼로 902  사천시유기동물보호소,055-831-3768,종료(반환),성체,dog
4.48531E+14,믹스견,2026(60일미만)(년생),F,N,겁많고 순함,진주시동물보호센터,"경상남도 진주시 집현면 신당길207번길 22 (집현면, 지역농업개발시설) ",055-749-6134,보호중,새끼,dog
4.48531E+14,믹스견,2026(년생),M,N,겁많고 순함,진주시동물보호센터,"경상남도 진주시 집현면 신당길207번길 22 (집현면, 지역농업개발시설) ",055-749-6134,종료(반환),새끼,dog
4.47522E+14,골든 리트리버,2026(년생),F,N,호기심 왕성한 새끼로 온순하고 사람을 매우 좋아함. 누구에게나 친근하게 대함.,칠곡유기동물보호센터,경상북도 칠곡군 석적읍 포망로 341 (석적읍) ,054-973-5710,보호중,새끼,dog
4.47522E+14,믹스견,2026(60일미만)(년생),F,N,아직 어리지만 온순하고 사람을 잘 따름. 겁이 약간 있으나 금방 적응함.,칠곡유기동물보호센터,경상북도 칠곡군 석적읍 포망로 341 (석적읍) ,054-973-5710,보호중,새끼,dog
4.47521E+14,기타,2026(60일미만)(년생),F,N,"귀엽고, 사람좋아함, 활발함",성주군동물보호센터,경상북도 성주군 선남면 선노로 522 (선남면) ,010-2949-6699,보호중,새끼,dog
4.47521E+14,기타,2026(60일미만)(년생),M,N,"귀엽고, 사람좋아함, 활발함",성주군동물보호센터,경상북도 성주군 선남면 선노로 522 (선남면) ,010-2949-6699,보호중,새끼,dog
4.47521E+14,기타,2026(60일미만)(년생),M,N,"귀엽고, 사람좋아함, ",성주군동물보호센터,경상북도 성주군 선남면 선노로 522 (선남면) ,010-2949-6699,보호중,새끼,dog
4.47521E+14,기타,2026(60일미만)(년생),F,N,"귀엽고, 사람좋아함, 활발함",성주군동물보호센터,경상북도 성주군 선남면 선노로 522 (선남면) ,010-2949-6699,보호중,새끼,dog
4.47521E+14,기타,2026(60일미만)(년생),F,N,아직 어리지만 온순하고 순함. 사람을 잘 따름.,성주군동물보호센터,경상북도 성주군 선남면 선노로 522 (선남면) ,010-2949-6699,보호중,새끼,dog
4.47521E+14,기타,2026(60일미만)(년생),M,N,아직 어리지만 독립적이고 자기 페이스대로 생활함. 적응력이 좋음.,성주군동물보호센터,경상북도 성주군 선남면 선노로 522 (선남면) ,010-2949-6699,보호중,새끼,dog
4.47521E+14,기타,2026(60일미만)(년생),F,N,호기심 왕성한 새끼로 독립적이고 자기 페이스대로 생활함. 적응력이 좋음.,성주군동물보호센터,경상북도 성주군 선남면 선노로 522 (선남면) ,010-2949-6699,보호중,새끼,dog
4.47521E+14,기타,2026(60일미만)(년생),F,N,호기심 왕성한 새끼로 활발하고 에너지가 넘침. 사교적임.,성주군동물보호센터,경상북도 성주군 선남면 선노로 522 (선남면) ,010-2949-6699,보호중,새끼,dog
4.47521E+14,기타,2026(60일미만)(년생),F,N,어린 나이에도 활발하고 에너지가 넘침. 사교적임.,성주군동물보호센터,경상북도 성주군 선남면 선노로 522 (선남면) ,010-2949-6699,보호중,새끼,dog
4.47521E+14,기타,2026(60일미만)(년생),F,N,호기심 왕성한 새끼로 독립적이고 자기 페이스대로 생활함. 적응력이 좋음.,성주군동물보호센터,경상북도 성주군 선남면 선노로 522 (선남면) ,010-2949-6699,보호중,새끼,dog
4.47521E+14,기타,2026(60일미만)(년생),F,N,"너무너무 귀여움, 사람좋아함",성주군동물보호센터,경상북도 성주군 선남면 선노로 522 (선남면) ,010-2949-6699,보호중,새끼,dog
4.47521E+14,기타,2026(60일미만)(년생),M,N,"너무너무 귀여움, 사람좋아함",성주군동물보호센터,경상북도 성주군 선남면 선노로 522 (선남면) ,010-2949-6699,보호중,새끼,dog
4.47521E+14,기타,2026(60일미만)(년생),M,N,"너무너무 귀여움, 사람좋아함",성주군동물보호센터,경상북도 성주군 선남면 선노로 522 (선남면) ,010-2949-6699,보호중,새끼,dog
4.47521E+14,기타,2026(60일미만)(년생),M,N,어린 나이에도 활발하고 에너지가 넘침. 사교적임.,성주군동물보호센터,경상북도 성주군 선남면 선노로 522 (선남면) ,010-2949-6699,보호중,새끼,dog
4.47519E+14,믹스견,2025(년생),F,U,어린 나이에도 순하고 입질이 없음. 보호자에 대한 의존도가 높음.,청도군동물보호센터,경상북도 청도군 청도읍 중앙로 84-466  동물보호센터,054-371-9267,보호중,새끼,dog
4.47519E+14,믹스견,2025(년생),F,U,호기심 왕성한 새끼로 예민하고 낯선 사람을 경계함. 혼자만의 공간을 선호함.,청도군동물보호센터,경상북도 청도군 청도읍 중앙로 84-466  동물보호센터,054-371-9267,보호중,새끼,dog
4.47519E+14,믹스견,2024(년생),M,U,사람을경계함,청도군동물보호센터,경상북도 청도군 청도읍 중앙로 84-466  동물보호센터,054-371-9267,보호중,성체,dog
4.47519E+14,믹스견,2026(60일미만)(년생),F,U,호기심 왕성한 새끼로 순하고 입질이 없음. 보호자에 대한 의존도가 높음.,청도군동물보호센터,경상북도 청도군 청도읍 중앙로 84-466  동물보호센터,054-371-9267,보호중,새끼,dog
4.47519E+14,믹스견,2025(년생),M,U,어린 나이에도 예민하고 낯선 사람을 경계함. 혼자만의 공간을 선호함.,청도군동물보호센터,경상북도 청도군 청도읍 중앙로 84-466  동물보호센터,054-371-9267,보호중,새끼,dog
4.47513E+14,믹스견,2026(년생),M,N,아직 어리지만 순하고 입질이 없음. 보호자에 대한 의존도가 높음.,경산시유기동물보호소,경상북도 경산시 용성면 사양지길 95 (용성면) ,010-2536-0955,보호중,새끼,dog
4.47513E+14,믹스견,2026(60일미만)(년생),F,N,아직 어리지만 장난기가 많고 놀기를 좋아함. 사람과 함께 있는 것을 즐김.,경산시유기동물보호소,경상북도 경산시 용성면 사양지길 95 (용성면) ,010-2536-0955,보호중,새끼,dog
4.47513E+14,믹스견,2025(년생),M,N,어린 나이에도 장난기가 많고 놀기를 좋아함. 사람과 함께 있는 것을 즐김.,경산시유기동물보호소,경상북도 경산시 용성면 사양지길 95 (용성면) ,010-2536-0955,보호중,새끼,dog
4.47513E+14,믹스견,2025(년생),F,N,호기심 왕성한 새끼로 겁이 많고 소심한 편. 천천히 신뢰를 쌓으면 잘 따름.,경산시유기동물보호소,경상북도 경산시 용성면 사양지길 95 (용성면) ,010-2536-0955,보호중,새끼,dog
4.47513E+14,말티즈,2016(년생),M,Y,나이가 들었지만 온순하고 애교가 많음. 보호자에게 매우 의존적임.,경산시유기동물보호소,경상북도 경산시 용성면 사양지길 95 (용성면) ,010-2536-0955,종료(반환),노령,dog
4.47513E+14,믹스견,2023(년생),F,N,활발하고 에너지가 넘침. 낯선 환경에도 호기심이 많음.,경산시유기동물보호소,경상북도 경산시 용성면 사양지길 95 (용성면) ,010-2536-0955,보호중,성체,dog
4.47513E+14,믹스견,2025(년생),M,N,호기심 왕성한 새끼로 독립적이고 자기 의사 표현이 강함. 한 번 마음을 열면 충실함.,경산시유기동물보호소,경상북도 경산시 용성면 사양지길 95 (용성면) ,010-2536-0955,보호중,새끼,dog
4.47508E+14,믹스견,2024(년생),M,N,순함 / 구충제 투여,구미시 동물보호센터,경상북도 구미시 옥성면 선상동로 1358  애니멀 케어 센터,054-481-5809,보호중,성체,dog
4.47506E+14,믹스견,2024(년생),F,U,"온순하고 조용함, 사람을 따르며 애교부림",김천시 동물보호센터,경상북도 김천시 구성면 남김천대로 3296-22  하강리 44(김천시 유기동물보호센터),054-421-2547,보호중,성체,dog
4.47506E+14,믹스견,2025(년생),F,N,경계심 강하고 공격적임,김천시 동물보호센터,경상북도 김천시 구성면 남김천대로 3296-22  하강리 44(김천시 유기동물보호센터),054-421-2547,보호중,새끼,dog
4.47505E+14,믹스견,2024(년생),F,N,순둥순둥 사람 잘따르는 성격좋은 강아지!! 사상충 양성.,경주동물사랑보호센터,경상북도 경주시 천북면 천북로 8-4  경주시 동물사랑보호센터,010-8889-2883,보호중,성체,dog
4.47505E+14,한국 고양이,2026(년생),F,N,어린 나이에도 활발하고 호기심이 왕성함. 장난감에 관심이 많음.,경주동물사랑보호센터,경상북도 경주시 천북면 천북로 8-4  경주시 동물사랑보호센터,010-8889-2883,보호중,새끼,cat
4.47505E+14,믹스견,2021(년생),M,N,겁이많아 눈치를 보지만 온순한 강아지. 오른쪽 다리 안좋음. 사상충 양성,경주동물사랑보호센터,경상북도 경주시 천북면 천북로 8-4  경주시 동물사랑보호센터,010-8889-2883,종료(반환),성체,dog
4.47505E+14,믹스견,2026(년생),F,N,사람을 좋아하는 온순한 성격의  강아지,경주동물사랑보호센터,경상북도 경주시 천북면 천북로 8-4  경주시 동물사랑보호센터,010-8889-2883,보호중,새끼,dog
4.47505E+14,믹스견,2026(년생),F,N,사람을 좋아하고 엄청 활발한 성격의 강아지!!,경주동물사랑보호센터,경상북도 경주시 천북면 천북로 8-4  경주시 동물사랑보호센터,010-8889-2883,보호중,새끼,dog
4.47505E+14,믹스견,2026(년생),M,N,어린 나이에도 독립적이고 자기 의사 표현이 강함. 한 번 마음을 열면 충실함.,경주동물사랑보호센터,경상북도 경주시 천북면 천북로 8-4  경주시 동물사랑보호센터,010-8889-2883,보호중,새끼,dog
4.47505E+14,푸들,2025(년생),M,N,사람을 엄청 좋아하고 호기심 많은 활발한 푸들!!,경주동물사랑보호센터,경상북도 경주시 천북면 천북로 8-4  경주시 동물사랑보호센터,010-8889-2883,종료(반환),새끼,dog
4.47505E+14,믹스견,2026(년생),F,N,경계심 심해서 사람과의 친화노력이 필요함.,경주동물사랑보호센터,경상북도 경주시 천북면 천북로 8-4  경주시 동물사랑보호센터,010-8889-2883,보호중,새끼,dog
4.47505E+14,믹스견,2023(년생),F,N,사납고 경계심 강함.,경주동물사랑보호센터,경상북도 경주시 천북면 천북로 8-4  경주시 동물사랑보호센터,010-8889-2883,보호중,성체,dog
4.47502E+14,한국 고양이,2026(년생),F,N,호기심 왕성한 새끼로 예민하고 환경 변화에 민감함. 익숙한 환경에서 안정적임.,(사)영일동물플러스,경상북도 포항시 북구 흥해읍 덕장길 224 (흥해읍) ,054-262-8295,보호중,새끼,cat
4.47502E+14,한국 고양이,2026(년생),M,N,호기심 왕성한 새끼로 조용하고 차분함. 보호자 곁에 있는 것을 좋아함.,(사)영일동물플러스,경상북도 포항시 북구 흥해읍 덕장길 224 (흥해읍) ,054-262-8295,보호중,새끼,cat
4.47502E+14,믹스견,2024(년생),M,N,"약간 소심함,목테 착용,겁이 많긴 하나 만질수는 있음 사람을 싫어하진 않는듯함!",(사)영일동물플러스,경상북도 포항시 북구 흥해읍 덕장길 224 (흥해읍) ,054-262-8295,보호중,성체,dog
4.47502E+14,한국 고양이,2026(년생),M,N,어린 나이에도 낯선 사람을 경계하나 익숙해지면 애교가 많음. 혼자 노는 것을 즐김.,(사)영일동물플러스,경상북도 포항시 북구 흥해읍 덕장길 224 (흥해읍) ,054-262-8295,보호중,새끼,cat
4.46496E+14,믹스견,2025(년생),M,U,경계심,학교임시동물보호센터,전라남도 함평군 학교면 송산길 84 (학교면) 월산리 806-1 ,010-5649-3435,보호중,새끼,dog
4.46495E+14,믹스견,2023(년생),M,U,순하며 활발함.,무안군유기동물보호소,전라남도 무안군 무안읍 면주길 99  ,061-450-4495,보호중,성체,dog
4.46495E+14,믹스견,2023(년생),Q,U,순하며 활발함.,무안군유기동물보호소,전라남도 무안군 무안읍 면주길 99  ,061-450-4495,보호중,성체,dog
4.46492E+14,믹스견,2025(년생),M,U,호기심 왕성한 새끼로 독립적이고 자기 의사 표현이 강함. 한 번 마음을 열면 충실함.,강진군 유기견 보호소,"전라남도 강진군 강진읍 초지길 109-62 (강진읍, 강진군상하수도사업소) ",061-430-3237,보호중,새끼,dog
4.46485E+14,믹스견,2024(년생),F,N,"초록목줄,온순함",담양군 동물보호센터,전라남도 담양군 용면 시암골로 280-57 (용면) :용면 두장리 21번지,061-380-2734,보호중,성체,dog
4.46485E+14,믹스견,2026(60일미만)(년생),F,N,"온순함, 종합+코로나백신 접종, 사상충예방약 복용",담양군 동물보호센터,전라남도 담양군 용면 시암골로 280-57 (용면) :용면 두장리 21번지,061-380-2734,보호중,새끼,dog
4.46485E+14,믹스견,2026(60일미만)(년생),M,N,"온순함, 종합+코로나백신 접종, 사상충예방약 복용",담양군 동물보호센터,전라남도 담양군 용면 시암골로 280-57 (용면) :용면 두장리 21번지,061-380-2734,보호중,새끼,dog
4.46485E+14,믹스견,2026(60일미만)(년생),F,N,"온순함, 종합+코로나백신 접종, 사상충예방약 복용",담양군 동물보호센터,전라남도 담양군 용면 시암골로 280-57 (용면) :용면 두장리 21번지,061-380-2734,보호중,새끼,dog
4.46485E+14,믹스견,2026(60일미만)(년생),M,N,"온순함, 종합+코로나백신 접종, 사상충예방약 복용",담양군 동물보호센터,전라남도 담양군 용면 시암골로 280-57 (용면) :용면 두장리 21번지,061-380-2734,보호중,새끼,dog
4.46483E+14,믹스견,2018(년생),F,N,나이가 들었지만 순하고 입질이 없음. 보호자에 대한 의존도가 높음.,나주유기동물보호센터,전라남도 나주시 산포면 내기3길 71-43 [*미고시] ,010-2331-7377,보호중,노령,dog
4.46483E+14,웰시 코기 펨브로크,2022(년생),F,N,주유소주변돌아다님 구조 온순하고사람잘따름,나주유기동물보호센터,전라남도 나주시 산포면 내기3길 71-43 [*미고시] ,010-2331-7377,종료(반환),성체,dog
4.46481E+14,믹스견,2026(60일미만)(년생),M,N,어린 나이에도 독립적이고 자기 의사 표현이 강함. 한 번 마음을 열면 충실함.,반려동물보호센터,전라남도 여수시 여수산단로 292-62 (평여동) 반려동물보호센터,061-659-2474,보호중,새끼,dog
4.46481E+14,믹스견,2026(60일미만)(년생),M,N,어린 나이에도 예민하고 낯선 사람을 경계함. 혼자만의 공간을 선호함.,반려동물보호센터,전라남도 여수시 여수산단로 292-62 (평여동) 반려동물보호센터,061-659-2474,보호중,새끼,dog
4.46481E+14,믹스견,2026(60일미만)(년생),M,N,어린 나이에도 겁이 많고 소심한 편. 천천히 신뢰를 쌓으면 잘 따름.,반려동물보호센터,전라남도 여수시 여수산단로 292-62 (평여동) 반려동물보호센터,061-659-2474,보호중,새끼,dog
4.46481E+14,믹스견,2025(년생),M,N,경계심 있음,반려동물보호센터,전라남도 여수시 여수산단로 292-62 (평여동) 반려동물보호센터,061-659-2474,보호중,새끼,dog
4.46481E+14,기타축종,2026(년생),Q,N,어린 나이에도 겁이 많으나 천천히 적응함. 예민한 편.,반려동물보호센터,전라남도 여수시 여수산단로 292-62 (평여동) 반려동물보호센터,061-659-2474,보호중,새끼,dog
4.45479E+14,믹스견,2018(년생),F,N,노령임에도 경계심이 있으나 천천히 마음을 열어감. 혼자 있는 것을 무서워함.,부안군 동물보호센터,전북특별자치도 부안군 주산면 주산로 369  부안군 동물보호센터,063-580-4445,보호중,노령,dog
4.45479E+14,믹스견,2026(60일미만)(년생),M,N,호기심 왕성한 새끼로 온순하고 사람을 잘 따름. 겁이 약간 있으나 금방 적응함.,부안군 동물보호센터,전북특별자치도 부안군 주산면 주산로 369  부안군 동물보호센터,063-580-4445,보호중,새끼,dog
4.45479E+14,믹스견,2026(60일미만)(년생),M,N,어린 나이에도 온순하고 사람을 잘 따름. 겁이 약간 있으나 금방 적응함.,부안군 동물보호센터,전북특별자치도 부안군 주산면 주산로 369  부안군 동물보호센터,063-580-4445,보호중,새끼,dog
4.45479E+14,믹스견,2026(60일미만)(년생),F,N,호기심 왕성한 새끼로 예민하고 낯선 사람을 경계함. 혼자만의 공간을 선호함.,부안군 동물보호센터,전북특별자치도 부안군 주산면 주산로 369  부안군 동물보호센터,063-580-4445,보호중,새끼,dog
4.45479E+14,믹스견,2026(60일미만)(년생),F,N,호기심 왕성한 새끼로 경계심이 있으나 천천히 마음을 열어감. 혼자 있는 것을 무서워함.,부안군 동물보호센터,전북특별자치도 부안군 주산면 주산로 369  부안군 동물보호센터,063-580-4445,보호중,새끼,dog
4.45479E+14,믹스견,2026(60일미만)(년생),F,N,아직 어리지만 온순하고 사람을 잘 따름. 겁이 약간 있으나 금방 적응함.,부안군 동물보호센터,전북특별자치도 부안군 주산면 주산로 369  부안군 동물보호센터,063-580-4445,보호중,새끼,dog
4.45479E+14,믹스견,2026(60일미만)(년생),F,N,아직 어리지만 예민하고 낯선 사람을 경계함. 혼자만의 공간을 선호함.,부안군 동물보호센터,전북특별자치도 부안군 주산면 주산로 369  부안군 동물보호센터,063-580-4445,보호중,새끼,dog
4.45479E+14,믹스견,2022(년생),F,N,온순하고 사람을 잘 따름. 겁이 약간 있으나 금방 적응함.,부안군 동물보호센터,전북특별자치도 부안군 주산면 주산로 369  부안군 동물보호센터,063-580-4445,보호중,성체,dog
4.4547E+14,믹스견,2026(60일미만)(년생),M,N,쉬엽고 순한 성격을 가진 강아지 입니다.,인월동물병원,전북특별자치도 남원시 인월면 인월로 64  ,063-636-2873,보호중,새끼,dog
4.4547E+14,믹스견,2026(60일미만)(년생),M,N,쉬엽고 순한 성격을 가진 강아지 입니다.,인월동물병원,전북특별자치도 남원시 인월면 인월로 64  ,063-636-2873,보호중,새끼,dog
4.4547E+14,믹스견,2026(60일미만)(년생),M,N,활발하고 앙칼진 목소리를 가지고 있는 귀여운 강아지 입니다.,인월동물병원,전북특별자치도 남원시 인월면 인월로 64  ,063-636-2873,보호중,새끼,dog
4.4547E+14,믹스견,2026(60일미만)(년생),M,N,순해서 사람을 잘 따르는 귀여운 강아지 입니다.,인월동물병원,전북특별자치도 남원시 인월면 인월로 64  ,063-636-2873,보호중,새끼,dog
4.4547E+14,믹스견,2026(60일미만)(년생),F,N,순해서 사람을 잘 따르는 귀여운 강아지 입니다.,인월동물병원,전북특별자치도 남원시 인월면 인월로 64  ,063-636-2873,보호중,새끼,dog
4.4547E+14,믹스견,2025(년생),M,N,호기심 왕성한 새끼로 활발하고 에너지가 넘침. 낯선 환경에도 호기심이 많음.,하나동물병원,전북특별자치도 남원시 왕정동 67 ,063-634-7582,보호중,새끼,dog
4.4547E+14,믹스견,2026(60일미만)(년생),M,N,활발하고 적극적이라서 친해지기 쉬운 강아지 입니다.,하나동물병원,전북특별자치도 남원시 왕정동 67 ,063-634-7582,보호중,새끼,dog
4.4547E+14,믹스견,2026(60일미만)(년생),M,N,겁이 많고 소심해 귀여운 강아지 입니다.,하나동물병원,전북특별자치도 남원시 왕정동 67 ,063-634-7582,보호중,새끼,dog
4.4547E+14,믹스견,2026(60일미만)(년생),F,N,겁이 많고 소심해 귀여운 강아지 입니다.,하나동물병원,전북특별자치도 남원시 왕정동 67 ,063-634-7582,보호중,새끼,dog
4.4547E+14,믹스견,2026(60일미만)(년생),F,N,겁은 많지만 활발한 강아지 입니다.,하나동물병원,전북특별자치도 남원시 왕정동 67 ,063-634-7582,보호중,새끼,dog
4.4547E+14,믹스견,2026(60일미만)(년생),F,N,아직 어리지만 예민하고 낯선 사람을 경계함. 혼자만의 공간을 선호함.,하나동물병원,전북특별자치도 남원시 왕정동 67 ,063-634-7582,보호중,새끼,dog
4.4547E+14,믹스견,2026(60일미만)(년생),F,N,순해 사람을 잘 따라 금방 친해질 수 있는 강아지 입니다.,하나동물병원,전북특별자치도 남원시 왕정동 67 ,063-634-7582,보호중,새끼,dog
4.4547E+14,믹스견,2026(60일미만)(년생),M,N,호기심 왕성한 새끼로 장난기가 많고 놀기를 좋아함. 사람과 함께 있는 것을 즐김.,하나동물병원,전북특별자치도 남원시 왕정동 67 ,063-634-7582,보호중,새끼,dog
4.4547E+14,믹스견,2026(60일미만)(년생),M,N,작고 소심해 사람을 잘 따르는 성격의 강아지 입니다.,하나동물병원,전북특별자치도 남원시 왕정동 67 ,063-634-7582,보호중,새끼,dog
4.45469E+14,믹스견,2022(년생),F,N,약간의 경계심있음,정읍시 동물보호소,전북특별자치도 정읍시 2산단5길 37-1 (하북동) ,063-535-6295,보호중,성체,dog
4.45468E+14,믹스견,2018(년생),M,N,"빨간 목테 착용, 사람을 매우 좋아함. 내장칩이 있어 연락 예정",익산유기동물보호소,전북특별자치도 익산시 삼기면 황금로 342-17  ,063-855-1214,보호중,노령,dog
4.45468E+14,믹스견,2025(년생),F,N,아직 어리지만 겁이 많고 소심한 편. 천천히 신뢰를 쌓으면 잘 따름.,익산유기동물보호소,전북특별자치도 익산시 삼기면 황금로 342-17  ,063-855-1214,보호중,새끼,dog
4.45468E+14,믹스견,2022(년생),F,N,겁이 많고 소심한 편. 천천히 신뢰를 쌓으면 잘 따름.,익산유기동물보호소,전북특별자치도 익산시 삼기면 황금로 342-17  ,063-855-1214,보호중,성체,dog
4.45464E+14,믹스견,2019(년생),F,U,독립적이고 자기 의사 표현이 강함. 한 번 마음을 열면 충실함.,박영재동물병원,전라북도 전주시 완산구 전주천서로 111 (서서학동) ,063-284-7774,보호중,성체,dog
4.45464E+14,믹스견,2021(년생),Q,U,겁이 많고 경계심이 있음,효자동물병원,전라북도 전주시 완산구 백제대로 121 (효자동1가) ,063-224-6672,보호중,성체,dog
4.45464E+14,한국 고양이,2026(60일미만)(년생),F,N,호기심 왕성한 새끼로 겁이 많고 숨는 것을 좋아함. 안전한 공간에서만 활동함.,효자동물병원,전라북도 전주시 완산구 백제대로 121 (효자동1가) ,063-224-6672,보호중,새끼,cat
4.45464E+14,한국 고양이,2026(60일미만)(년생),F,N,호기심 왕성한 새끼로 활발하고 호기심이 왕성함. 장난감에 관심이 많음.,효자동물병원,전라북도 전주시 완산구 백제대로 121 (효자동1가) ,063-224-6672,보호중,새끼,cat
4.45464E+14,한국 고양이,2026(60일미만)(년생),F,N,어린 나이에도 낯선 사람을 경계하나 익숙해지면 애교가 많음. 혼자 노는 것을 즐김.,효자동물병원,전라북도 전주시 완산구 백제대로 121 (효자동1가) ,063-224-6672,보호중,새끼,cat
4.45464E+14,말티즈,2020(년생),M,Y,순하고 활발함,효자동물병원,전라북도 전주시 완산구 백제대로 121 (효자동1가) ,063-224-6672,종료(반환),성체,dog
4.45464E+14,한국 고양이,2026(60일미만)(년생),F,N,호기심 왕성한 새끼로 조용하고 차분함. 보호자 곁에 있는 것을 좋아함.,효자동물병원,전라북도 전주시 완산구 백제대로 121 (효자동1가) ,063-224-6672,보호중,새끼,cat
4.44568E+14,기타축종,2026(년생),M,U,"순함, 사람 잘따름,광견병 백신 완료(2026/03/30)",당진시동물보호소,충청남도 당진시 고대면 삼포길 180  ,041-356-8210,종료(반환),새끼,dog
4.44568E+14,믹스견,2025(년생),M,U,어린 나이에도 순하고 입질이 없음. 보호자에 대한 의존도가 높음.,당진시동물보호소,충청남도 당진시 고대면 삼포길 180  ,041-356-8210,종료(자연사),새끼,dog
4.44568E+14,프렌치 불독,2018(년생),M,N,"순함, 보호소 주차장에 유기,남색 보라색 리드줄 착용",당진시동물보호소,충청남도 당진시 고대면 삼포길 180  ,041-356-8210,보호중,노령,dog
4.44568E+14,믹스견,2025(년생),F,U,순함,당진시동물보호소,충청남도 당진시 고대면 삼포길 180  ,041-356-8210,종료(반환),새끼,dog
4.44462E+14,믹스견,2024(년생),M,N,순하고 얌전함,최동물병원,충청남도 태안군 태안읍 남문리 504-6,041-672-0346,보호중,성체,dog
4.44462E+14,믹스견,2026(년생),M,N,겁이 많음,최동물병원,충청남도 태안군 태안읍 남문리 504-6,041-672-0346,보호중,새끼,dog
4.44462E+14,믹스견,2026(년생),M,N,겁이 많음,최동물병원,충청남도 태안군 태안읍 남문리 504-6,041-672-0346,보호중,새끼,dog
4.44462E+14,믹스견,2026(년생),F,N,겁이 많음,최동물병원,충청남도 태안군 태안읍 남문리 504-6,041-672-0346,보호중,새끼,dog
4.44461E+14,동경견,2026(60일미만)(년생),F,U,(입양전제 임시보호중) 빨강 목줄. 곰돌이 같음. 수줍지만 부르면 다가와서 애교부림,예산임시동물보호센터,충청남도 예산군 예산읍 군청로 22  ,041-339-7838,보호중,새끼,dog
4.44449E+14,푸들,2017(년생),M,Y,"칩있음, 반복유실견, x-ray상 좌측후지 대퇴골두 탈구, 매우 순함",천안시 동물보호센터,"충청남도 천안시 동남구 목천읍 충절로 577  문의전화 : 입양(010-5913-5119), 구조(010-4999-6119)",010-5913-5119,종료(반환),노령,dog
4.43571E+14,포메라니안,2016(년생),M,Y,나이가 들었지만 호기심이 왕성하고 에너지가 넘침. 낯선 사람에게도 쉽게 다가감.,반려동물보호센터,충청북도 청주시 흥덕구 강내면 서부로 411-23  청주시 반려동물 보호센터,043-201-2298,보호중,노령,dog
4.43571E+14,믹스견,2022(년생),F,U,"쇠목줄 + 하늘색 하네스, 코코아색 옷과 목도리 착용, 통통함, 겁이 매우 많아 으르릉 거림",반려동물보호센터,충청북도 청주시 흥덕구 강내면 서부로 411-23  청주시 반려동물 보호센터,043-201-2298,종료(반환),성체,dog
4.43557E+14,믹스견,2023(년생),M,U,겁이 많고 소심한 편. 천천히 신뢰를 쌓으면 잘 따름.,가정견훈련소,충청북도 증평군 도안면 입장길 239  ,010-3169-1151,보호중,성체,dog
4.43447E+14,믹스견,2023(년생),F,N,성격이 온순한 편입니다,음성군 동물보호센터,충청북도 음성군 삼성면 대금로 715-5  ,043-877-3081,보호중,성체,dog
4.43443E+14,코카 스파니엘,2016(년생),M,Y,"[관리번호083] 이원면 개심리에서 발견, 순함",옥천동물병원,"충청북도 옥천군 옥천읍 삼금로 53 (옥천읍, 동물병원) 옥천동물병원",010-8843-8844,보호중,노령,dog
4.4344E+14,믹스견,2026(년생),M,N,3개월추정 온순함,제천시 동물보호센터,충청북도 제천시 금성면 적성로8길 51 (금성면) ,043-647-0059,보호중,새끼,dog
4.43439E+14,믹스견,2024(년생),M,U,"길거리배회, 겁있고 순함,사상충음성",충주시동물보호센터,충청북도 충주시 중앙탑면 일곱실길 70 (중앙탑면) ,043-851-3168,보호중,성체,dog
4.42434E+14,믹스견,2023(년생),F,N,독립적이고 자기 의사 표현이 강함. 한 번 마음을 열면 충실함.,고성군 동물보호센터,강원특별자치도 고성군 간성읍 진부령로 2768-10  ,033-680-4173,보호중,성체,dog
4.42434E+14,믹스견,2023(년생),M,N,순함.,고성군 동물보호센터,강원특별자치도 고성군 간성읍 진부령로 2768-10  ,033-680-4173,보호중,성체,dog
4.42434E+14,믹스견,2026(60일미만)(년생),M,N,귀엽고 순함,고성군 동물보호센터,강원특별자치도 고성군 간성읍 진부령로 2768-10  ,033-680-4172,보호중,새끼,dog
4.42434E+14,믹스견,2026(60일미만)(년생),F,N,귀엽고 순함,고성군 동물보호센터,강원특별자치도 고성군 간성읍 진부령로 2768-10  ,033-680-4172,보호중,새끼,dog
4.42434E+14,믹스견,2026(60일미만)(년생),M,N,귀엽고 순함,고성군 동물보호센터,강원특별자치도 고성군 간성읍 진부령로 2768-10  ,033-680-4172,보호중,새끼,dog
4.42434E+14,믹스견,2026(60일미만)(년생),F,N,귀엽고 순함,고성군 동물보호센터,강원특별자치도 고성군 간성읍 진부령로 2768-10  ,033-680-4172,보호중,새끼,dog
4.42432E+14,믹스견,2020(년생),M,U,사람을 좋아하고 잘 따름,양구군유기동물보호소,강원도 양구군 국토정중앙면 삼팔선로 680  유기동물보호소,033-480-7781,보호중,성체,dog
4.42431E+14,믹스견,2023(년생),F,U,매우 온순하며 사람을 좋아함.,화천군농업기술센터,강원도 화천군 상서면 영서로 6387-9  화천농업기술센터,033-440-2941,보호중,성체,dog
4.42431E+14,믹스견,2023(년생),M,U,매우 온순하며 사람을 좋아함.,화천군농업기술센터,강원도 화천군 상서면 영서로 6387-9  화천농업기술센터,033-440-2941,보호중,성체,dog
4.4243E+14,믹스견,2022(년생),M,U,경계심이 있으며 순함,철원군,강원도 철원군 동송읍 장흥로 311  ,033-450-5394,보호중,성체,dog
4.4243E+14,믹스견,2021(년생),Q,U,경계심이 심하며 입질함,철원군,강원도 철원군 동송읍 장흥로 311  ,033-450-5394,보호중,성체,dog
4.4243E+14,믹스견,2023(년생),F,U,경계심이 엄청 심함,철원군,강원도 철원군 동송읍 장흥로 311  ,033-450-5394,보호중,성체,dog
4.42423E+14,기타축종,2025(년생),Q,N,어린 나이에도 겁이 많으나 천천히 적응함. 예민한 편.,속초시유기동물보호소,강원도 속초시 하도문길 103 (대포동) ,033-636-2519,보호중,새끼,dog
4.41554E+14,라브라도 리트리버,2024(년생),M,N,"3-21, 칩없음, 목줄착용, 산만한 덩치에 온순한 성격, 힘이 좋음",광주TNR동물병원초월,경기도 광주시 초월읍 현산로385번길 74-12 (초월읍) ,031-798-7581,보호중,성체,dog
4.41554E+14,믹스견,2024(년생),F,N,예민하고 낯선 사람을 경계함. 혼자만의 공간을 선호함.,광주TNR동물병원초월,경기도 광주시 초월읍 현산로385번길 74-12 (초월읍) ,031-798-7581,보호중,성체,dog
4.41553E+14,믹스견,2026(년생),F,N,겁 많은 귀여운 아기강아지/겁은 많지만 만지면 가만히 있음/칩 없음,화성시민동물보호센터,경기도 화성시 서신면 전곡항로 492  ,010-3969-1034,보호중,새끼,dog
4.41553E+14,시츄,2022(년생),M,U,순하고 사람 좋아하는 귀여운 시츄 추정/칩 없음,화성시민동물보호센터,경기도 화성시 서신면 전곡항로 492  ,010-3969-1034,보호중,성체,dog
4.41553E+14,믹스견,2026(년생),F,N,겁이 엄청 많은 1살 미만의 검정 믹스견/곰 같은 외모/다리 짧은편/귀여움,화성시민동물보호센터,경기도 화성시 서신면 전곡항로 492  ,010-3969-1034,보호중,새끼,dog
4.41553E+14,믹스견,2026(년생),F,N,겁 많은 편인 1살 미만의 원숭이 시기 믹스견/귀가 큰편,화성시민동물보호센터,경기도 화성시 서신면 전곡항로 492  ,010-3969-1034,보호중,새끼,dog
4.41553E+14,믹스견,2026(년생),M,N,사람 좋아하고 순한 성격의 백구/파란 목줄 착용중/칩 없음/다리짧고 귀여움,화성시민동물보호센터,경기도 화성시 서신면 전곡항로 492  ,010-3969-1034,보호중,새끼,dog
4.41408E+14,말티즈,2022(년생),M,N,순함,안성시동물보호센터,경기도 안성시 보개원삼로 157 (가사동) 미래동물병원,031-673-5491,보호중,성체,dog
4.41408E+14,믹스견,2026(년생),F,N,순함/사진상 목줄,안성시동물보호센터,경기도 안성시 보개원삼로 157 (가사동) 미래동물병원,031-673-5491,보호중,새끼,dog
4.41407E+14,믹스견,2026(60일미만)(년생),F,N,매우온순함,위더스 동물보호센터,경기도 여주시 여양2로 42 (천송동) ,031-882-4381,보호중,새끼,dog
4.41407E+14,믹스견,2026(60일미만)(년생),M,N,"사람을 좋아하며, 매우온순함",위더스 동물보호센터,경기도 여주시 여양2로 42 (천송동) ,031-882-4381,보호중,새끼,dog
4.41407E+14,믹스견,2026(60일미만)(년생),M,N,"사람을 좋아하며, 매우온순함",위더스 동물보호센터,경기도 여주시 여양2로 42 (천송동) ,031-882-4381,보호중,새끼,dog
4.41407E+14,믹스견,2026(60일미만)(년생),F,N,"사람을 좋아하며, 매우온순함",위더스 동물보호센터,경기도 여주시 여양2로 42 (천송동) ,031-882-4381,보호중,새끼,dog
4.41407E+14,믹스견,2026(60일미만)(년생),M,N,"사람을 좋아하며, 매우온순함",위더스 동물보호센터,경기도 여주시 여양2로 42 (천송동) ,031-882-4381,보호중,새끼,dog
4.41407E+14,믹스견,2026(60일미만)(년생),F,N,"사람을 좋아하며, 매우온순함",위더스 동물보호센터,경기도 여주시 여양2로 42 (천송동) ,031-882-4381,보호중,새끼,dog
4.41407E+14,믹스견,2026(60일미만)(년생),F,N,"사람을 좋아하며, 매우온순함",위더스 동물보호센터,경기도 여주시 여양2로 42 (천송동) ,031-882-4381,보호중,새끼,dog
4.41402E+14,말티즈,2016(년생),F,U,"몸통미용되어있음,순함,칩있음",한국야생동물보호협회,경기도 안산시 상록구 청곡길 50 (부곡동) ,031-296-0124,보호중,노령,dog
4.41401E+14,보더 콜리,2021(년생),M,N,에너지가 넘치고 집중력이 강함. 목표 지향적인 성격.,시흥동물누리보호센터,경기도 시흥시 뒷방울길 218 (정왕동) ,031-310-6945,종료(반환),성체,dog
4.41401E+14,믹스견,2025(년생),M,N,어린 나이에도 순하고 입질이 없음. 보호자에 대한 의존도가 높음.,시흥동물누리보호센터,경기도 시흥시 뒷방울길 218 (정왕동) ,031-310-6945,종료(반환),새끼,dog
4.41401E+14,말티즈,2021(년생),M,Y,겁이 많고 낯선 환경을 무서워함. 익숙한 사람에게는 매우 다정함.,시흥동물누리보호센터,경기도 시흥시 뒷방울길 218 (정왕동) ,031-310-6945,종료(반환),성체,dog
4.41401E+14,믹스견,2026(년생),M,N,성격 온순하고 착함. 교통사고 추정 부상 치료 요함. ,시흥동물누리보호센터,경기도 시흥시 뒷방울길 218 (정왕동) ,031-310-6945,보호중,새끼,dog
4.41401E+14,믹스견,2021(년생),M,N,순하고 입질이 없음. 보호자에 대한 의존도가 높음.,시흥동물누리보호센터,경기도 시흥시 뒷방울길 218 (정왕동) ,031-310-6945,종료(반환),성체,dog
4.41386E+14,한국 고양이,2023(년생),M,N,"입소당시 비강출혈, 한쪽 뒷다리 못씀 경계심 많음",24시아이동물메디컬,경기도 부천시 오정구 소사로 779 (원종동) 201호,032-677-5262,보호중,성체,cat
4.41386E+14,한국 고양이,2026(60일미만)(년생),M,N,아직 어리지만 활발하고 호기심이 왕성함. 장난감에 관심이 많음.,24시아이동물메디컬,경기도 부천시 오정구 소사로 779 (원종동) 201호,032-677-5262,보호중,새끼,cat
4.41383E+14,푸들,2023(년생),M,Y,"형광주황색 하네스 착용, 순함",한국야생동물보호협회,경기도 안산시 상록구 청곡길 50 (부곡동) .,031-296-0124,보호중,성체,dog
4.41383E+14,말티즈,2023(년생),M,Y,"핑크색 하네스 착용, 순함",한국야생동물보호협회,경기도 안산시 상록구 청곡길 50 (부곡동) .,031-296-0124,보호중,성체,dog
4.41378E+14,말티즈,2014(년생),M,U,나이가 들었지만 온순하고 애교가 많음. 보호자에게 매우 의존적임.,펫앤쉘터동물병원,"경기도 성남시 분당구 불정로 266 (수내동, 유신제일조합) ",031-714-8392,보호중,노령,dog
4.31369E+14,한국 고양이,2024(년생),F,U,조용하고 차분함. 보호자 곁에 있는 것을 좋아함.,산타클라라동물병원,울산광역시 중구 다운로 1 (다운동) ,052-244-4296,보호중,성체,cat
4.31369E+14,한국 고양이,2025(년생),F,U,아직 어리지만 독립적이고 자기 영역 의식이 강함. 조용하고 관찰하는 것을 좋아함.,산타클라라동물병원,울산광역시 중구 다운로 1 (다운동) ,052-244-4296,보호중,새끼,cat
4.31369E+14,한국 고양이,2025(년생),M,Y,호기심 왕성한 새끼로 독립적이고 자기 영역 의식이 강함. 조용하고 관찰하는 것을 좋아함.,산타클라라동물병원,울산광역시 중구 다운로 1 (다운동) ,052-244-4296,보호중,새끼,cat
4.31369E+14,한국 고양이,2024(년생),M,Y,활발하고 호기심이 왕성함. 장난감에 관심이 많음.,산타클라라동물병원,울산광역시 중구 다운로 1 (다운동) ,052-244-4296,보호중,성체,cat
4.29363E+14,믹스견,2024(년생),F,U,"26-0168 누리, 심한경계로 칩,나이 확인 보류",광주동물보호센터,광주광역시 북구 본촌마을길 25-1 (본촌동) 광주동물보호센터,062-613-6770,보호중,성체,dog
4.29363E+14,믹스견,2024(년생),Q,U,독립적이고 자기 의사 표현이 강함. 한 번 마음을 열면 충실함.,광주동물보호센터,광주광역시 북구 본촌마을길 25-1 (본촌동) 광주동물보호센터,062-613-6770,보호중,성체,dog
4.28357E+14,한국 고양이,2026(년생),M,N,어린 나이에도 활발하고 호기심이 왕성함. 장난감에 관심이 많음.,강화군 동물보호센터,인천광역시 강화군 강화읍 강화대로 254-1  ,010-2797-3786,보호중,새끼,cat
4.28354E+14,치와와,2016(년생),F,N,순하고 미용되어 있는 상태로 구조됨 ,조재진동물병원,인천광역시 부평구 원적로 419 (산곡동) ,032-518-3800,보호중,노령,dog
4.27514E+14,믹스견,2026(60일미만)(년생),F,N,순하고 사람 잘 따름,군위종합동물병원,대구광역시 군위군 군위읍 군청로 49-18  1층,010-5121-3193,보호중,새끼,dog
4.27514E+14,믹스견,2026(60일미만)(년생),F,N,순하고 사람 잘 따름,군위종합동물병원,대구광역시 군위군 군위읍 군청로 49-18  1층,010-5121-3193,보호중,새끼,dog
4.27514E+14,믹스견,2026(60일미만)(년생),F,N,순하고 사람 잘 따름,군위종합동물병원,대구광역시 군위군 군위읍 군청로 49-18  1층,010-5121-3193,보호중,새끼,dog
4.27514E+14,믹스견,2026(60일미만)(년생),F,N,순하고 사람 잘 따름,군위종합동물병원,대구광역시 군위군 군위읍 군청로 49-18  1층,010-5121-3193,보호중,새끼,dog
4.27514E+14,믹스견,2026(60일미만)(년생),M,N,순하고 사람 잘 따름,군위종합동물병원,대구광역시 군위군 군위읍 군청로 49-18  1층,010-5121-3193,보호중,새끼,dog
4.27514E+14,믹스견,2026(60일미만)(년생),M,N,순하고 사람 잘 따름,군위종합동물병원,대구광역시 군위군 군위읍 군청로 49-18  1층,010-5121-3193,보호중,새끼,dog
4.27348E+14,시베리안 허스키,2019(년생),F,U,온순,동인동물병원,대구광역시 중구 동인동4가 국채보상로 724 (동인동4가) 가창면 관할,053-424-4258,보호중,성체,dog
4.27348E+14,한국 고양이,2026(년생),F,N,호기심 왕성한 새끼로 활발하고 호기심이 왕성함. 장난감에 관심이 많음.,119동물병원,대구광역시 달성군 다사읍 달구벌대로 893 (다사읍) ,070-8028-1195,종료(자연사),새끼,cat
4.27348E+14,믹스견,2026(년생),F,N,어린 나이에도 순하고 입질이 없음. 보호자에 대한 의존도가 높음.,화원연합동물병원,대구광역시 달성군 화원읍 사문진로 447 (화원읍) 화원읍 관할,053-634-7975,보호중,새끼,dog
4.27346E+14,한국 고양이,2024(년생),M,Y,순하고 손을 타요,신세계동물병원,대구광역시 수성구 수성동1가 명덕로 393 (수성동1가) ,053-751-6693,보호중,성체,cat
4.27346E+14,기타축종,2025(년생),F,N,호기심 왕성한 새끼로 겁이 많으나 천천히 적응함. 예민한 편.,제니스동물병원,대구광역시 수성구 달구벌대로 2475 (범어동) ,053-756-8293,보호중,새끼,dog
4.27346E+14,한국 고양이,2026(60일미만)(년생),Q,N,호기심 왕성한 새끼로 겁이 많고 숨는 것을 좋아함. 안전한 공간에서만 활동함.,허동물병원,대구광역시 수성구 수성동2가 명덕로 421 (수성동2가) 허동물병원,053-752-7535,보호중,새끼,cat
4.26337E+14,한국 고양이,2022(년생),F,N,활발하고 호기심이 왕성함. 장난감에 관심이 많음.,청조동물병원,부산광역시 연제구 온천천남로 4 (연산동) ,051-503-0688,보호중,성체,cat
4.26337E+14,웰시 코기 카디건,2023(년생),M,N,양호(온순),청조동물병원,부산광역시 연제구 온천천남로 4 (연산동) ,051-503-0688,보호중,성체,dog
4.26331E+14,페르시안,2021(년생),Q,U,"심한 털 엉킴, 핑크색 옷 착용, 순함, 연회색",(사)동부동물보호협회,부산광역시 해운대구 송정2로13번길 46 (송정동) ,051-701-7599,보호중,성체,dog
4.26331E+14,믹스묘,2026(년생),F,U,호기심 왕성한 새끼로 독립적이고 자유로운 성격. 자기 페이스대로 생활함.,(사)동부동물보호협회,부산광역시 해운대구 송정2로13번길 46 (송정동) ,051-701-7599,보호중,새끼,cat
4.11324E+14,비숑 프리제,2021(년생),F,N,명랑하고 사교적임. 누구에게나 친근하게 다가감.,강동리본센터(reborn),서울특별시 강동구 양재대로81길 73 (성내동) ,070-4163-7350,종료(반환),성체,dog
4.29362E+14,한국 고양이,2026(60일미만)(년생),F,N,어린 나이에도 낯선 사람을 경계하나 익숙해지면 애교가 많음. 혼자 노는 것을 즐김.,광주동물보호센터,광주광역시 북구 본촌마을길 25-1 (본촌동) 광주동물보호센터,062-613-6770,보호중,새끼,cat
4.29362E+14,한국 고양이,2026(60일미만)(년생),M,N,아직 어리지만 낯선 사람을 경계하나 익숙해지면 애교가 많음. 혼자 노는 것을 즐김.,광주동물보호센터,광주광역시 북구 본촌마을길 25-1 (본촌동) 광주동물보호센터,062-613-6770,보호중,새끼,cat
4.29362E+14,한국 고양이,2022(년생),M,N,독립적이고 자기 영역 의식이 강함. 조용하고 관찰하는 것을 좋아함.,광주동물보호센터,광주광역시 북구 본촌마을길 25-1 (본촌동) 광주동물보호센터,062-613-6770,보호중,성체,cat
4.47511E+14,믹스견,2025(년생),F,N,맨몸상태 온순함 ,상주시 동물보호센터,경상북도 상주시 사벌국면 상풍로 124  ,010-6682-1198,보호중,새끼,dog
4.47511E+14,믹스견,2025(년생),F,N,맨몸상태 온순함 ,상주시 동물보호센터,경상북도 상주시 사벌국면 상풍로 124  ,010-6682-1198,보호중,새끼,dog
4.47511E+14,믹스견,2026(년생),F,N,맨몸상태 온순함 ,상주시 동물보호센터,경상북도 상주시 사벌국면 상풍로 124  ,010-6682-1198,보호중,새끼,dog
4.47511E+14,믹스견,2025(년생),F,N,맨몸상태 온순함 ,상주시 동물보호센터,경상북도 상주시 사벌국면 상풍로 124  ,010-6682-1198,보호중,새끼,dog
4.46501E+14,믹스견,2026(60일미만)(년생),M,N,어린 나이에도 독립적이고 자기 의사 표현이 강함. 한 번 마음을 열면 충실함.,신안군유기동물보호소,전라남도 무안군 삼향읍 석매길 36  ,010-9678-9966,보호중,새끼,dog
4.46501E+14,믹스견,2026(60일미만)(년생),M,N,어린 나이에도 순하고 입질이 없음. 보호자에 대한 의존도가 높음.,신안군유기동물보호소,전라남도 무안군 삼향읍 석매길 36  ,010-9678-9966,보호중,새끼,dog
4.42426E+14,믹스견,2026(년생),F,N,"3개월(3.29.), 애교가 많고 사람을 좋아함",횡성반려동물보호센터,강원특별자치도 횡성군 우천면 한우로 1109  ,033-340-2395,보호중,새끼,dog
4.11324E+14,페르시안-페르시안 친칠라,2024(년생),M,Y,온순함,둔촌동물병원,서울특별시 강동구 양재대로 1385 (성내동) 둔촌동물병원,02-474-5100,보호중,성체,dog
4.11324E+14,페르시안-페르시안 친칠라,2025(년생),F,U,온순함,둔촌동물병원,서울특별시 강동구 양재대로 1385 (성내동) 둔촌동물병원,02-474-5100,보호중,새끼,dog
4.48535E+14,믹스견,2026(년생),M,U,아직 어리지만 장난기가 많고 놀기를 좋아함. 사람과 함께 있는 것을 즐김.,(사)동물보호관리협회,부산광역시 강서구 가락대로1283번길 25-2 (봉림동) ,051-971-6208,보호중,새끼,dog
4.48535E+14,믹스견,2026(년생),F,U,아직 어리지만 경계심이 있으나 천천히 마음을 열어감. 혼자 있는 것을 무서워함.,(사)동물보호관리협회,부산광역시 강서구 가락대로1283번길 25-2 (봉림동) ,051-971-6208,보호중,새끼,dog
4.48535E+14,믹스견,2026(년생),M,U,호기심 왕성한 새끼로 온순하고 사람을 잘 따름. 겁이 약간 있으나 금방 적응함.,(사)동물보호관리협회,부산광역시 강서구 가락대로1283번길 25-2 (봉림동) ,051-971-6208,보호중,새끼,dog
4.48535E+14,믹스견,2026(년생),M,U,호기심 왕성한 새끼로 장난기가 많고 놀기를 좋아함. 사람과 함께 있는 것을 즐김.,(사)동물보호관리협회,부산광역시 강서구 가락대로1283번길 25-2 (봉림동) ,051-971-6208,보호중,새끼,dog
4.48535E+14,믹스견,2026(년생),M,U,아직 어리지만 온순하고 사람을 잘 따름. 겁이 약간 있으나 금방 적응함.,(사)동물보호관리협회,부산광역시 강서구 가락대로1283번길 25-2 (봉림동) ,051-971-6208,보호중,새끼,dog
4.47512E+14,믹스견,2026(60일미만)(년생),M,N,호기심 왕성한 새끼로 순하고 입질이 없음. 보호자에 대한 의존도가 높음.,종합축산,경상북도 문경시 중앙로 170 (흥덕동) 종합축산,054-552-2233,보호중,새끼,dog
4.47512E+14,믹스견,2026(60일미만)(년생),F,N,어린 나이에도 순하고 입질이 없음. 보호자에 대한 의존도가 높음.,종합축산,경상북도 문경시 중앙로 170 (흥덕동) 종합축산,054-552-2233,보호중,새끼,dog
4.47512E+14,믹스견,2026(60일미만)(년생),F,N,호기심 왕성한 새끼로 활발하고 에너지가 넘침. 낯선 환경에도 호기심이 많음.,종합축산,경상북도 문경시 중앙로 170 (흥덕동) 종합축산,054-552-2233,보호중,새끼,dog
4.47512E+14,믹스견,2026(60일미만)(년생),F,N,호기심 왕성한 새끼로 독립적이고 자기 의사 표현이 강함. 한 번 마음을 열면 충실함.,종합축산,경상북도 문경시 중앙로 170 (흥덕동) 종합축산,054-552-2233,보호중,새끼,dog
4.47512E+14,믹스견,2026(60일미만)(년생),M,N,아직 어리지만 순하고 입질이 없음. 보호자에 대한 의존도가 높음.,종합축산,경상북도 문경시 중앙로 170 (흥덕동) 종합축산,054-552-2233,보호중,새끼,dog
4.47509E+14,치와와,2015(년생),F,U,"순함, 사람 잘 따름, 민원인이 발견하여 동물보호센터로 데려다 주심",영주시 동물보호센터,경상북도 영주시 장수면 반구로 143 [*미고시] 영주시동물보호센터,054-631-3997,보호중,노령,dog
4.46492E+14,믹스견,2025(년생),F,U,기질이 온순하여 사람을 잘 따르고 얌전함,강진군 유기견 보호소,"전라남도 강진군 강진읍 초지길 109-62 (강진읍, 강진군상하수도사업소) ",061-430-3237,보호중,새끼,dog
4.46483E+14,푸들,2022(년생),M,N,감수성이 풍부하고 보호자에게 애착이 강함. 새로운 것을 잘 배움.,나주유기동물보호센터,전라남도 나주시 산포면 내기3길 71-43 [*미고시] ,010-2331-7377,종료(반환),성체,dog
4.45479E+14,믹스견,2021(년생),F,N,경계심이 있으나 천천히 마음을 열어감. 혼자 있는 것을 무서워함.,부안군 동물보호센터,전북특별자치도 부안군 주산면 주산로 369  부안군 동물보호센터,063-580-4445,보호중,성체,dog
4.45468E+14,믹스견,2023(년생),M,N,녹색 목테 착용하고 있으며 겁이 많고 사나운 편임,익산유기동물보호소,전북특별자치도 익산시 삼기면 황금로 342-17  ,063-855-1214,보호중,성체,dog
4.45468E+14,믹스견,2021(년생),M,N,마른 편이며 겁이 많고 사나운 편임,익산유기동물보호소,전북특별자치도 익산시 삼기면 황금로 342-17  ,063-855-1214,보호중,성체,dog
4.45468E+14,믹스견,2023(년생),M,N,겁이 많고 사나운 편임,익산유기동물보호소,전북특별자치도 익산시 삼기면 황금로 342-17  ,063-855-1214,보호중,성체,dog
4.45467E+14,브리티시 쇼트헤어,2024(년생),M,N,2살추정 순함,군산유기동물보호센터,전북특별자치도 군산시 대야면 보덕안정길 124  ,063-451-2975,보호중,성체,dog
4.45467E+14,페르시안,2024(년생),M,N,2살추정 순함,군산유기동물보호센터,전북특별자치도 군산시 대야면 보덕안정길 124  ,063-451-2975,보호중,성체,dog
4.45467E+14,골든 리트리버,2016(년생),F,U,10살추정 순함 칩x,군산유기동물보호센터,전북특별자치도 군산시 대야면 보덕안정길 124  ,063-451-2975,종료(반환),노령,dog
4.44453E+14,한국 고양이,2024(년생),M,N,"경계 심함, 입소 당시 등 부상",서산시 동물보호센터,충청남도 서산시 인지면 무학재1길 99  ,041-660-2040,보호중,성체,cat
4.42419E+14,요크셔 테리어,2014(년생),M,N,조용하고 안정적이며 활발하고 자기 주장이 강함. 호기심이 많고 탐색하기를 좋아함.,원주시동물보호센터,강원특별자치도 원주시 호저면 칠봉로 109-17  ,033-731-1119,보호중,노령,dog
4.41553E+14,푸들,2017(년생),F,U,순하고 얌전한 성격의 푸들/털 미용이 이쁘게 되어있음/한쪽 눈이 안좋은듯함/귀여움,화성시민동물보호센터,경기도 화성시 서신면 전곡항로 492  ,010-3969-1034,보호중,노령,dog
4.41409E+14,믹스견,2021(년생),M,Y,온순. 활발. 사람 좋아함. 눈 약간 충혈. 꼬리 단미 안됨. 털 상태 양호. ,한국동물구조관리협회,경기도 양주시 남면 감악산로 63-37 (남면) ,031-867-9119,보호중,성체,dog
4.41398E+14,기타축종,2026(년생),Q,U,호기심 왕성한 새끼로 온순하고 순함. 사람을 잘 따름.,한국동물구조관리협회,경기도 양주시 남면 감악산로 63-37  ,031-867-9119,보호중,새끼,dog
4.41374E+14,기타축종,2026(60일미만)(년생),Q,U,호기심 왕성한 새끼로 겁이 많으나 천천히 적응함. 예민한 편.,수원시 동물보호센터,"경기도 수원시 영통구 광교호수로 234 (하동, 수원시 동물보호센터) 하동 40-10",031-5191-3557,보호중,새끼,dog
4.41374E+14,기타축종,2026(60일미만)(년생),Q,U,호기심 왕성한 새끼로 겁이 많으나 천천히 적응함. 예민한 편.,수원시 동물보호센터,"경기도 수원시 영통구 광교호수로 234 (하동, 수원시 동물보호센터) 하동 40-10",031-5191-3557,보호중,새끼,dog
4.41374E+14,기타축종,2026(60일미만)(년생),Q,U,아직 어리지만 겁이 많으나 천천히 적응함. 예민한 편.,수원시 동물보호센터,"경기도 수원시 영통구 광교호수로 234 (하동, 수원시 동물보호센터) 하동 40-10",031-5191-3557,보호중,새끼,dog
4.41374E+14,기타축종,2026(60일미만)(년생),Q,U,어린 나이에도 온순하고 순함. 사람을 잘 따름.,수원시 동물보호센터,"경기도 수원시 영통구 광교호수로 234 (하동, 수원시 동물보호센터) 하동 40-10",031-5191-3557,보호중,새끼,dog
4.41374E+14,기타축종,2026(60일미만)(년생),Q,U,아직 어리지만 활발하고 호기심이 많음. 탐색하기를 좋아함.,수원시 동물보호센터,"경기도 수원시 영통구 광교호수로 234 (하동, 수원시 동물보호센터) 하동 40-10",031-5191-3557,보호중,새끼,dog
4.41374E+14,기타축종,2026(60일미만)(년생),Q,U,어린 나이에도 겁이 많으나 천천히 적응함. 예민한 편.,수원시 동물보호센터,"경기도 수원시 영통구 광교호수로 234 (하동, 수원시 동물보호센터) 하동 40-10",031-5191-3557,보호중,새끼,dog
4.41374E+14,기타축종,2026(60일미만)(년생),Q,U,어린 나이에도 활발하고 호기심이 많음. 탐색하기를 좋아함.,수원시 동물보호센터,"경기도 수원시 영통구 광교호수로 234 (하동, 수원시 동물보호센터) 하동 40-10",031-5191-3557,보호중,새끼,dog
4.41374E+14,기타축종,2026(60일미만)(년생),Q,U,아직 어리지만 온순하고 순함. 사람을 잘 따름.,수원시 동물보호센터,"경기도 수원시 영통구 광교호수로 234 (하동, 수원시 동물보호센터) 하동 40-10",031-5191-3557,보호중,새끼,dog
4.41374E+14,기타축종,2026(60일미만)(년생),Q,U,호기심 왕성한 새끼로 활발하고 호기심이 많음. 탐색하기를 좋아함.,수원시 동물보호센터,"경기도 수원시 영통구 광교호수로 234 (하동, 수원시 동물보호센터) 하동 40-10",031-5191-3557,보호중,새끼,dog
4.41374E+14,기타축종,2026(60일미만)(년생),Q,U,호기심 왕성한 새끼로 온순하고 순함. 사람을 잘 따름.,수원시 동물보호센터,"경기도 수원시 영통구 광교호수로 234 (하동, 수원시 동물보호센터) 하동 40-10",031-5191-3557,보호중,새끼,dog
4.41374E+14,기타축종,2026(60일미만)(년생),Q,U,어린 나이에도 온순하고 순함. 사람을 잘 따름.,수원시 동물보호센터,"경기도 수원시 영통구 광교호수로 234 (하동, 수원시 동물보호센터) 하동 40-10",031-5191-3557,보호중,새끼,dog
4.41374E+14,믹스견,2018(년생),F,U,조용하고 안정적이며 온순하고 사람을 잘 따름. 겁이 약간 있으나 금방 적응함.,수원시 동물보호센터,"경기도 수원시 영통구 광교호수로 234 (하동, 수원시 동물보호센터) 하동 40-10",031-5191-3557,보호중,노령,dog
4.31373E+14,믹스견,2025(년생),M,N,"활발하고 애교넘침, 1살안되어보임, 사람을 엄청 좋아함, 민원인이 직접 데려옴",울산유기동물보호센터,울산광역시 울주군 온양읍 발리 1144,052-238-6113,보호중,새끼,dog
4.31373E+14,믹스견,2025(년생),F,N,경계심 약간 있음,울산유기동물보호센터,울산광역시 울주군 온양읍 발리 1144,052-238-6113,보호중,새끼,dog
4.30364E+14,요크셔 테리어,2016(년생),M,U,나이가 들었지만 보호자에게 애착이 강함. 낯선 사람에게는 경계함.,대전동물보호센터,대전광역시 유성구 금남구즉로 1234 (금고동) 대전광역시 동물보호센터,042-270-7239,보호중,노령,dog
4.29363E+14,푸들,2018(년생),F,U,26-0166 덕선 내장칩없음 순함,광주동물보호센터,광주광역시 북구 본촌마을길 25-1 (본촌동) 광주동물보호센터,062-613-6770,종료(반환),노령,dog
4.28357E+14,시츄,2022(년생),M,N,애교가 많고 사람을 잘 따름. 낯선 환경에 적응을 잘 함.,베스트동물병원,"인천광역시 강화군 강화읍 강화대로 217 (강화읍, 린나이보일러) ",032-934-9340,종료(반환),성체,dog
4.28354E+14,믹스견,2022(년생),F,Y,"온순함,조용함",늘푸른동물병원,인천광역시 부평구 후정동로 60 (삼산동) ,032-507-0075,보호중,성체,dog
4.28353E+14,푸들,2025(년생),M,Y,어린 나이에도 활발하고 장난기가 많음. 주목받는 것을 즐김.,시민동물병원,인천광역시 부평구 경인로 855 (부평동) ,032-426-4545,종료(반환),새끼,dog
4.28353E+14,스코티시폴드,2025(년생),M,Y,어린 나이에도 독립적이고 자기 페이스대로 생활함. 적응력이 좋음.,시민동물병원,인천광역시 부평구 경인로 855 (부평동) ,032-426-4545,보호중,새끼,dog
4.28351E+14,한국 고양이,2024(년생),M,N,활발하고 호기심이 왕성함. 장난감에 관심이 많음.,경동동물병원,인천광역시 중구 개항로 68 (경동) ,032-765-9988,보호중,성체,cat
4.27343E+14,푸들,2020(년생),F,U,감수성이 풍부하고 보호자에게 애착이 강함. 새로운 것을 잘 배움.,대구시수의사회(삼성),대구광역시 서구 서대구로 24 (내당동) ,053-556-8575,보호중,성체,dog
4.27343E+14,푸들,2016(년생),M,N,노령임에도 영리하고 훈련 능력이 뛰어남. 사람을 매우 좋아하고 붙임성이 있음.,대구시수의사회(삼성),대구광역시 서구 서대구로 24 (내당동) ,053-556-8575,보호중,노령,dog
4.2634E+14,한국 고양이,2026(60일미만)(년생),Q,N,호기심 왕성한 새끼로 낯선 사람을 경계하나 익숙해지면 애교가 많음. 혼자 노는 것을 즐김.,사단법인 동부,부산광역시 해운대구 송정2로13번길 46 (송정동) ,051-701-7599,보호중,새끼,cat
4.2634E+14,한국 고양이,2026(60일미만)(년생),M,N,호기심 왕성한 새끼로 조용하고 차분함. 보호자 곁에 있는 것을 좋아함.,사단법인 동부,부산광역시 해운대구 송정2로13번길 46 (송정동) ,051-701-7599,보호중,새끼,cat
4.2633E+14,믹스묘,2024(년생),M,N,낯선 환경에 예민하게 반응함. 안정되면 애교가 넘침.,(사)동부동물보호협회,부산광역시 해운대구 송정2로13번길 46 (송정동) ,051-701-7599,종료(자연사),성체,cat
4.11317E+14,푸들,2023(년생),F,U,경계. 방어적 입질. 겁 많음. 치석 약간. 눈곱. 꼬리 단미 안됨. 털 상태 양호. ,한국동물구조관리협회,경기도 양주시 남면 감악산로 63-37 (남면) ,031-867-9119,보호중,성체,dog
4.11316E+14,믹스견,2022(년생),F,U,호기심 있지만 겁 많음. 방어적 입질. 꼬리 단미 안됨. 털 상태 양호. ,한국동물구조관리협회,경기도 양주시 남면 감악산로 63-37  ,031-867-9119,보호중,성체,dog
4.1131E+14,웰시 코기 펨브로크,2022(년생),M,N,온순. 활발. 사람 좋아함. 파란색 하네스. 치석 많음. 꼬리 단미. 털 상태 양호. ,한국동물구조관리협회,경기도 양주시 남면 감악산로 63-37 (남면) ,031-868-2851,보호중,성체,dog
4.11307E+14,한국 고양이,2022(년생),M,Y,겁이 많고 숨는 것을 좋아함. 안전한 공간에서만 활동함.,한국동물구조관리협회,경기도 양주시 남면 감악산로 63-37 (남면) ,031-867-9119,보호중,성체,cat
4.113E+14,한국 고양이,2023(년생),M,N,겁이 많고 숨는 것을 좋아함. 안전한 공간에서만 활동함.,한국동물구조관리협회,경기도 양주시 남면 감악산로 63-37 (남면) ,031-867-9119,종료(자연사),성체,cat
4.48567E+14,믹스견,2024(년생),F,N,"사진도 잘 찍고, 목줄에 거부반응도 없고 너무 순해요",창원동물보호센터,경상남도 창원시 성산구 공단로474번길 117 (상복동) 창원동물보호센터,055-225-5701,종료(반환),성체,dog
4.48547E+14,믹스견,2024(년생),F,N,경계심많음,거창군 동물보호소,경상남도 거창군 거창읍 가실길 203  ,010-2617-6245,보호중,성체,dog
4.48541E+14,한국 고양이,2022(년생),M,Y,활발하고 호기심이 왕성함. 장난감에 관심이 많음.,창녕 유기동물보호소,경상남도 창녕군 고암면 창밀로 335-26 (고암면) 고암면 억만리 28,010-5488-5003,보호중,성체,cat
4.48541E+14,믹스견,2026(60일미만)(년생),F,N,호기심 왕성한 새끼로 겁이 많고 소심한 편. 천천히 신뢰를 쌓으면 잘 따름.,창녕 유기동물보호소,경상남도 창녕군 고암면 창밀로 335-26 (고암면) 고암면 억만리 28,010-5488-5003,보호중,새끼,dog
4.48541E+14,믹스견,2022(년생),F,N,독립적이고 자기 의사 표현이 강함. 한 번 마음을 열면 충실함.,창녕 유기동물보호소,경상남도 창녕군 고암면 창밀로 335-26 (고암면) 고암면 억만리 28,010-5488-5003,보호중,성체,dog
4.48531E+14,믹스견,2026(년생),F,N,사람 무서워하지만 넘 귀여운 아기강아지 ( 도랑에 빠져 있었다고 합니다),진주시동물보호센터,"경상남도 진주시 집현면 신당길207번길 22 (집현면, 지역농업개발시설) ",055-749-6134,보호중,새끼,dog
4.47513E+14,푸들,2024(년생),M,Y,활발하고 장난기가 많음. 주목받는 것을 즐김.,경산시유기동물보호소,경상북도 경산시 용성면 사양지길 95 (용성면) ,010-2536-0955,종료(반환),성체,dog
4.47513E+14,믹스견,2025(년생),F,N,아직 어리지만 독립적이고 자기 의사 표현이 강함. 한 번 마음을 열면 충실함.,경산시유기동물보호소,경상북도 경산시 용성면 사양지길 95 (용성면) ,010-2536-0955,보호중,새끼,dog
4.47513E+14,믹스견,2025(년생),F,N,아직 어리지만 독립적이고 자기 의사 표현이 강함. 한 번 마음을 열면 충실함.,경산시유기동물보호소,경상북도 경산시 용성면 사양지길 95 (용성면) ,010-2536-0955,보호중,새끼,dog
4.47513E+14,믹스견,2025(년생),F,N,호기심 왕성한 새끼로 겁이 많고 소심한 편. 천천히 신뢰를 쌓으면 잘 따름.,경산시유기동물보호소,경상북도 경산시 용성면 사양지길 95 (용성면) ,010-2536-0955,보호중,새끼,dog
4.47513E+14,믹스견,2025(년생),F,N,호기심 왕성한 새끼로 순하고 입질이 없음. 보호자에 대한 의존도가 높음.,경산시유기동물보호소,경상북도 경산시 용성면 사양지길 95 (용성면) ,010-2536-0955,보호중,새끼,dog
4.47513E+14,믹스견,2022(년생),F,N,독립적이고 자기 의사 표현이 강함. 한 번 마음을 열면 충실함.,경산시유기동물보호소,경상북도 경산시 용성면 사양지길 95 (용성면) ,010-2536-0955,보호중,성체,dog
4.47513E+14,믹스견,2025(년생),F,N,어린 나이에도 활발하고 에너지가 넘침. 낯선 환경에도 호기심이 많음.,경산시유기동물보호소,경상북도 경산시 용성면 사양지길 95 (용성면) ,010-2536-0955,보호중,새끼,dog
4.47511E+14,믹스견,2025(년생),F,N,맨몸상태 온순함 ,상주시 동물보호센터,경상북도 상주시 사벌국면 상풍로 124  ,010-6682-1198,보호중,새끼,dog
4.47511E+14,믹스견,2026(60일미만)(년생),F,N,맨몸상태 온순함 ,상주시 동물보호센터,경상북도 상주시 사벌국면 상풍로 124  ,010-6682-1198,보호중,새끼,dog
4.47511E+14,믹스견,2026(60일미만)(년생),F,N,맨몸상태 온순함 ,상주시 동물보호센터,경상북도 상주시 사벌국면 상풍로 124  ,010-6682-1198,보호중,새끼,dog
4.47511E+14,믹스견,2026(60일미만)(년생),M,N,맨몸상태 온순함 ,상주시 동물보호센터,경상북도 상주시 사벌국면 상풍로 124  ,010-6682-1198,보호중,새끼,dog
4.47511E+14,믹스견,2026(년생),F,N,맨몸상태 온순함 ,상주시 동물보호센터,경상북도 상주시 사벌국면 상풍로 124  ,010-6682-1198,보호중,새끼,dog
4.47511E+14,믹스견,2025(년생),F,N,맨몸상태 온순함 ,상주시 동물보호센터,경상북도 상주시 사벌국면 상풍로 124  ,010-6682-1198,보호중,새끼,dog
4.47511E+14,믹스견,2024(년생),F,N,맨몸상태 온순함 ,상주시 동물보호센터,경상북도 상주시 사벌국면 상풍로 124  ,010-6682-1198,보호중,성체,dog
4.47511E+14,믹스견,2025(년생),F,N,맨몸상태 온순함 ,상주시 동물보호센터,경상북도 상주시 사벌국면 상풍로 124  ,010-6682-1198,보호중,새끼,dog
4.47511E+14,믹스견,2024(년생),F,N,맨몸상태 온순함 ,상주시 동물보호센터,경상북도 상주시 사벌국면 상풍로 124  ,010-6682-1198,보호중,성체,dog
4.47511E+14,믹스견,2026(60일미만)(년생),F,N,맨몸상태 온순함 ,상주시 동물보호센터,경상북도 상주시 사벌국면 상풍로 124  ,010-6682-1198,보호중,새끼,dog
4.47511E+14,믹스견,2026(60일미만)(년생),F,N,맨몸상태 온순함 ,상주시 동물보호센터,경상북도 상주시 사벌국면 상풍로 124  ,010-6682-1198,보호중,새끼,dog
4.47511E+14,믹스견,2026(60일미만)(년생),F,N,맨몸상태 온순함 ,상주시 동물보호센터,경상북도 상주시 사벌국면 상풍로 124  ,010-6682-1198,보호중,새끼,dog
4.47511E+14,믹스견,2026(60일미만)(년생),F,N,맨몸상태 온순함 ,상주시 동물보호센터,경상북도 상주시 사벌국면 상풍로 124  ,010-6682-1198,보호중,새끼,dog
4.47511E+14,믹스견,2026(60일미만)(년생),F,N,맨몸상태 온순함 ,상주시 동물보호센터,경상북도 상주시 사벌국면 상풍로 124  ,010-6682-1198,보호중,새끼,dog
4.47511E+14,믹스견,2026(60일미만)(년생),F,N,맨몸상태 온순함 ,상주시 동물보호센터,경상북도 상주시 사벌국면 상풍로 124  ,010-6682-1198,보호중,새끼,dog
4.47511E+14,믹스견,2024(년생),M,N,맨몸상태 온순함 ,상주시 동물보호센터,경상북도 상주시 사벌국면 상풍로 124  ,010-6682-1198,보호중,성체,dog
4.47507E+14,스탠다드 푸들,2024(년생),F,N,마른체형 영양결핍 피부케어필요 매우순함,유기동물보호센터,경상북도 안동시 서후면 풍산태사로 3252-29 (서후면) ,010-7703-1999,보호중,성체,dog
4.47502E+14,한국 고양이,2026(60일미만)(년생),M,N,아직 어리지만 예민하고 환경 변화에 민감함. 익숙한 환경에서 안정적임.,(사)영일동물플러스,경상북도 포항시 북구 흥해읍 덕장길 224 (흥해읍) ,054-262-8295,보호중,새끼,cat
4.47502E+14,한국 고양이,2026(60일미만)(년생),F,N,아직 어리지만 활발하고 호기심이 왕성함. 장난감에 관심이 많음.,(사)영일동물플러스,경상북도 포항시 북구 흥해읍 덕장길 224 (흥해읍) ,054-262-8295,보호중,새끼,cat
4.47502E+14,한국 고양이,2026(60일미만)(년생),F,N,어린 나이에도 예민하고 환경 변화에 민감함. 익숙한 환경에서 안정적임.,(사)영일동물플러스,경상북도 포항시 북구 흥해읍 덕장길 224 (흥해읍) ,054-262-8295,보호중,새끼,cat
4.47502E+14,한국 고양이,2026(60일미만)(년생),F,N,아직 어리지만 독립적이고 자기 영역 의식이 강함. 조용하고 관찰하는 것을 좋아함.,(사)영일동물플러스,경상북도 포항시 북구 흥해읍 덕장길 224 (흥해읍) ,054-262-8295,보호중,새끼,cat
4.47502E+14,한국 고양이,2026(60일미만)(년생),M,N,아직 어리지만 겁이 많고 숨는 것을 좋아함. 안전한 공간에서만 활동함.,(사)영일동물플러스,경상북도 포항시 북구 흥해읍 덕장길 224 (흥해읍) ,054-262-8295,보호중,새끼,cat
4.47502E+14,한국 고양이,2026(60일미만)(년생),M,N,어린 나이에도 겁이 많고 숨는 것을 좋아함. 안전한 공간에서만 활동함.,(사)영일동물플러스,경상북도 포항시 북구 흥해읍 덕장길 224 (흥해읍) ,054-262-8295,보호중,새끼,cat
4.47502E+14,한국 고양이,2026(60일미만)(년생),F,N,어린 나이에도 겁이 많고 숨는 것을 좋아함. 안전한 공간에서만 활동함.,(사)영일동물플러스,경상북도 포항시 북구 흥해읍 덕장길 224 (흥해읍) ,054-262-8295,보호중,새끼,cat
4.46496E+14,믹스견,2025(년생),M,U,경계심,학교임시동물보호센터,전라남도 함평군 학교면 송산길 84 (학교면) 월산리 806-1 ,010-5649-3435,보호중,새끼,dog
4.43571E+14,믹스견,2025(년생),F,U,"4R7, 낡은 목줄 착용, 겁조금있으나 사람을 좋아하고 순함",반려동물보호센터,충청북도 청주시 흥덕구 강내면 서부로 411-23  청주시 반려동물 보호센터,043-201-2298,보호중,새끼,dog
4.42434E+14,진도견,2022(년생),M,U,순함 토종진돗개 국견협회,고성군 동물보호센터,강원특별자치도 고성군 간성읍 진부령로 2768-10  ,033-680-4172,보호중,성체,dog
4.42434E+14,진도견,2026(60일미만)(년생),F,U,순하고 듬직함 토종진돗개 국견협회,고성군 동물보호센터,강원특별자치도 고성군 간성읍 진부령로 2768-10  ,033-680-4172,보호중,새끼,dog
4.41399E+14,비글,2018(년생),F,N,경계가 있으며 겁이 많음,남양주시동물보호센터,경기도 남양주시 경강로163번길 32-27 (이패동) ,031-590-2785,보호중,노령,dog
4.41399E+14,믹스견,2024(년생),F,N,순하고 귀여우며 사람을 좋아함,남양주시동물보호센터,경기도 남양주시 경강로163번길 32-27 (이패동) ,031-590-2785,종료(반환),성체,dog
4.41394E+14,한국 고양이,2025(년생),Q,U,아직 어리지만 예민하고 환경 변화에 민감함. 익숙한 환경에서 안정적임.,고양시동물보호센터,"경기도 고양시 덕양구 고양대로 1695 (원흥동, 고양시 농업기술센터) 고양시동물보호센터",031-962-3232,보호중,새끼,cat
4.41378E+14,한국 고양이,2026(년생),F,U,호기심 왕성한 새끼로 활발하고 호기심이 왕성함. 장난감에 관심이 많음.,펫앤쉘터동물병원,"경기도 성남시 분당구 불정로 266 (수내동, 유신제일조합) ",031-714-8392,보호중,새끼,cat
4.29362E+14,미니어쳐 핀셔,2016(년생),F,U,나이가 들었지만 온순하고 순함. 사람을 잘 따름.,광주동물보호센터,광주광역시 북구 본촌마을길 25-1 (본촌동) 광주동물보호센터,062-613-6770,보호중,노령,dog
4.29361E+14,믹스견,2023(년생),M,N,순하고 입질이 없음. 보호자에 대한 의존도가 높음.,광주동물보호센터,광주광역시 북구 본촌마을길 25-1 (본촌동) 광주동물보호센터,062-613-6770,종료(반환),성체,dog
4.29359E+14,믹스견,2026(60일미만)(년생),F,U,어린 나이에도 장난기가 많고 놀기를 좋아함. 사람과 함께 있는 것을 즐김.,광주동물보호센터,광주광역시 북구 본촌마을길 25-1 (본촌동) 광주동물보호센터,062-613-6770,보호중,새끼,dog
4.11312E+14,포메라니안,2012(년생),F,N,조용하고 안정적이며 호기심이 왕성하고 에너지가 넘침. 낯선 사람에게도 쉽게 다가감.,내품애센터,서울특별시 서대문구 모래내로 333 (홍은동) ,02-330-3821,종료(반환),노령,dog
4.44454E+14,프렌치 불독,2025(년생),M,N,어린 나이에도 온순하고 느긋한 성격. 사람과 함께 있는 것을 즐김.,논산시 동물보호센터,충청남도 논산시 계백로665번길 100 (등화동) 논산시 동물보호센터,041-746-8470,보호중,새끼,dog
4.43445E+14,믹스견,2016(년생),F,U,조용하고 안정적이며 장난기가 많고 놀기를 좋아함. 사람과 함께 있는 것을 즐김.,증평 가정견 훈련소,충청북도 증평군 도안면 입장길 239  ,010-3169-1151,보호중,노령,dog
4.42424E+14,요크셔 테리어,2016(년생),M,N,순함,삼척시동물보호센터,강원도 삼척시 미로면 동안로 86-45  ,033-571-2610,보호중,노령,dog
4.30368E+14,라브라도 리트리버,2023(년생),M,U,활발하고 장난기가 넘침. 훈련을 즐김.,대전동물보호센터,대전광역시 유성구 금남구즉로 1234 (금고동) 대전광역시 동물보호센터,042-270-7239,보호중,성체,dog
4.30367E+14,기타축종,2025(년생),Q,U,어린 나이에도 활발하고 호기심이 많음. 탐색하기를 좋아함.,대전동물보호센터,대전광역시 유성구 금남구즉로 1234 (금고동) 대전광역시 동물보호센터,042-270-7239,보호중,새끼,dog
4.26334E+14,한국 고양이,2024(년생),M,N,"교통사고로인한부상,기력없음,예민함",부산동물보호센터,부산광역시 강서구 맥도강변길 752-15 (대저2동) ,051-832-7119,보호중,성체,cat
4.26334E+14,믹스견,2022(년생),M,N,"온순함,목걸이를하고있음,블랙탄무늬",부산동물보호센터,부산광역시 강서구 맥도강변길 752-15 (대저2동) ,051-832-7119,보호중,성체,dog
4.47525E+14,믹스견,2023(년생),M,U,온순하고 친근함,울진군동물보호센터,경상북도 울진군 울진읍 대흥신림로 916-37  ,054-789-6795,보호중,성체,dog
4.46499E+14,믹스견,2025(년생),F,N,어린 나이에도 독립적이고 자기 의사 표현이 강함. 한 번 마음을 열면 충실함.,유기동물임시보호센터,전라남도 완도군 신지면 신지로6번길 23-89 (신지면) ,061-550-5749,보호중,새끼,dog
4.46494E+14,믹스견,2026(60일미만)(년생),M,N,아직 어리지만 경계심이 있으나 천천히 마음을 열어감. 혼자 있는 것을 무서워함.,유기동물 삼호 보호소,전라남도 영암군 삼호읍 녹색로 1117-49 (삼호읍) 영암유기동물 삼호보호소,010-9599-5400,보호중,새끼,dog
4.46494E+14,믹스견,2026(60일미만)(년생),M,N,호기심 왕성한 새끼로 독립적이고 자기 의사 표현이 강함. 한 번 마음을 열면 충실함.,유기동물 삼호 보호소,전라남도 영암군 삼호읍 녹색로 1117-49 (삼호읍) 영암유기동물 삼호보호소,010-9599-5400,보호중,새끼,dog
4.46494E+14,믹스견,2026(60일미만)(년생),M,N,호기심 왕성한 새끼로 겁이 많고 소심한 편. 천천히 신뢰를 쌓으면 잘 따름.,유기동물 삼호 보호소,전라남도 영암군 삼호읍 녹색로 1117-49 (삼호읍) 영암유기동물 삼호보호소,010-9599-5400,보호중,새끼,dog
4.46494E+14,믹스견,2026(60일미만)(년생),M,N,호기심 왕성한 새끼로 장난기가 많고 놀기를 좋아함. 사람과 함께 있는 것을 즐김.,유기동물 삼호 보호소,전라남도 영암군 삼호읍 녹색로 1117-49 (삼호읍) 영암유기동물 삼호보호소,010-9599-5400,보호중,새끼,dog
4.46494E+14,믹스견,2026(60일미만)(년생),M,N,아직 어리지만 장난기가 많고 놀기를 좋아함. 사람과 함께 있는 것을 즐김.,유기동물 삼호 보호소,전라남도 영암군 삼호읍 녹색로 1117-49 (삼호읍) 영암유기동물 삼호보호소,010-9599-5400,보호중,새끼,dog
4.46494E+14,믹스견,2026(60일미만)(년생),F,N,어린 나이에도 독립적이고 자기 의사 표현이 강함. 한 번 마음을 열면 충실함.,유기동물 삼호 보호소,전라남도 영암군 삼호읍 녹색로 1117-49 (삼호읍) 영암유기동물 삼호보호소,010-9599-5400,보호중,새끼,dog
4.46494E+14,믹스견,2026(60일미만)(년생),F,N,호기심 왕성한 새끼로 온순하고 사람을 잘 따름. 겁이 약간 있으나 금방 적응함.,유기동물 삼호 보호소,전라남도 영암군 삼호읍 녹색로 1117-49 (삼호읍) 영암유기동물 삼호보호소,010-9599-5400,보호중,새끼,dog
4.46494E+14,믹스견,2026(60일미만)(년생),F,N,호기심 왕성한 새끼로 온순하고 사람을 잘 따름. 겁이 약간 있으나 금방 적응함.,유기동물 삼호 보호소,전라남도 영암군 삼호읍 녹색로 1117-49 (삼호읍) 영암유기동물 삼호보호소,010-9599-5400,보호중,새끼,dog
4.46494E+14,믹스견,2022(년생),F,N,새끼에 대한 애정이 높아서 약간의 경계심,유기동물 삼호 보호소,전라남도 영암군 삼호읍 녹색로 1117-49 (삼호읍) 영암유기동물 삼호보호소,010-9599-5400,보호중,성체,dog
4.45468E+14,믹스견,2026(년생),M,N,호기심 왕성한 새끼로 예민하고 낯선 사람을 경계함. 혼자만의 공간을 선호함.,익산유기동물보호소,전북특별자치도 익산시 삼기면 황금로 342-17  ,063-855-1214,보호중,새끼,dog
4.45468E+14,믹스견,2021(년생),F,N,녹색 목테를 하고있으며 순한편임. 젖이 불어있음.,익산유기동물보호소,전북특별자치도 익산시 삼기면 황금로 342-17  ,063-855-1214,보호중,성체,dog
4.45468E+14,믹스견,2023(년생),M,N,사람 경계심없고 순함.,익산유기동물보호소,전북특별자치도 익산시 삼기면 황금로 342-17  ,063-855-1214,보호중,성체,dog
4.45468E+14,믹스견,2025(년생),M,N,경계심은 살짝 있지만 순한편임.,익산유기동물보호소,전북특별자치도 익산시 삼기면 황금로 342-17  ,063-855-1214,보호중,새끼,dog
4.45467E+14,믹스견,2017(년생),M,U,조용하고 안정적이며 활발하고 에너지가 넘침. 낯선 환경에도 호기심이 많음.,군산유기동물보호센터,전북특별자치도 군산시 대야면 보덕안정길 124  ,063-451-2975,보호중,노령,dog
4.45467E+14,기타,2021(년생),M,N,온순하고 순함. 사람을 잘 따름.,군산유기동물보호센터,전북특별자치도 군산시 대야면 보덕안정길 124  ,063-451-2975,보호중,성체,dog
4.44453E+14,믹스견,2026(60일미만)(년생),F,U,"매우 순함, 입소 당시 1개월령 추정",서산시 동물보호센터,충청남도 서산시 인지면 무학재1길 99  ,041-660-2040,보호중,새끼,dog
4.44453E+14,믹스견,2024(년생),F,U,"매우 순함, 목줄 착용",서산시 동물보호센터,충청남도 서산시 인지면 무학재1길 99  ,041-660-2040,보호중,성체,dog
4.44452E+14,믹스견,2026(년생),M,N,호기심 왕성한 새끼로 겁이 많고 소심한 편. 천천히 신뢰를 쌓으면 잘 따름.,아산동물복지지원센터,충청남도 아산시 환경공원로 158 (배미동) ,041-530-6200,종료(반환),새끼,dog
4.44452E+14,믹스견,2026(년생),F,N,아직 어리지만 활발하고 에너지가 넘침. 낯선 환경에도 호기심이 많음.,아산동물복지지원센터,충청남도 아산시 환경공원로 158 (배미동) ,041-530-6200,종료(반환),새끼,dog
4.43442E+14,포메라니안,2026(60일미만)(년생),F,U,어린 나이에도 호기심이 왕성하고 에너지가 넘침. 낯선 사람에게도 쉽게 다가감.,보은군동물보호센터,충청북도 보은군 보은읍 뱃들로 47  ,043-540-3643,보호중,새끼,dog
4.4156E+14,믹스견,2022(년생),F,U,경계. 겁 있음. 방어적 입질. 진드기 오염. 눈곱. 가슴 부위 흰 털. 꼬리 단미 안됨. 털 상태 양호. ,한국동물구조관리협회,경기도 양주시 남면 감악산로 63-37  ,031-867-9119,보호중,성체,dog
4.4156E+14,믹스견,2025(년생),M,N,온순. 얌전. 약간 겁 있음. 눈곱. 가슴 부위 흰 털. 꼬리 단미 안됨. 털 약간 때탐. ,한국동물구조관리협회,경기도 양주시 남면 감악산로 63-37  ,031-867-9119,보호중,새끼,dog
4.4156E+14,믹스견,2026(년생),M,N,온순. 얌전. 약간 겁 있음. 부정 교합. 진드기 오염. 꼬리 단미 안됨. 털 상태 양호. ,한국동물구조관리협회,경기도 양주시 남면 감악산로 63-37  ,031-867-9119,보호중,새끼,dog
4.4156E+14,믹스견,2025(년생),F,U,겁 많음. 방어적 입질. 턱부터 배까지 흰 털. 발 끝 흰 털. 진드기 오염. 꼬리 단미 안됨. 털 상태 양호. ,한국동물구조관리협회,경기도 양주시 남면 감악산로 63-37  ,031-867-9119,보호중,새끼,dog
4.4156E+14,믹스견,2023(년생),M,N,경계.겁.방어적입질.우측슬개골.회색후드.방울달린목줄.빨/초/회색 리드줄에 담요로 매듭. 꼬리 단미.,한국동물구조관리협회,경기도 양주시 남면 감악산로 63-37  ,031-867-9119,보호중,성체,dog
4.41414E+14,믹스견,2021(년생),F,U,목줄 싫어함. 얌전하지만 돌발성 입질. 유선 발달. 꼬리 단미 안됨. 털 상태 양호. ,한국동물구조관리협회,경기도 양주시 남면 감악산로 63-37 ,031-867-9119,보호중,성체,dog
4.41414E+14,믹스견,2021(년생),M,N,온순. 활발. 겁 조금 있지만 사람 좋아함. 파란 바탕 노란 줄 목줄. 꼬리 단미 안됨. 털 상태 양호. ,한국동물구조관리협회,경기도 양주시 남면 감악산로 63-37 ,031-867-9119,보호중,성체,dog
4.41414E+14,믹스견,2026(60일미만)(년생),F,U,온순. 활발. 사람 좋아함. 유치 자라는 중. 꼬리 단미 안됨. 털 상태 양호. ,한국동물구조관리협회,경기도 양주시 남면 감악산로 63-37 ,031-867-9119,보호중,새끼,dog
4.41392E+14,한국 고양이,2023(년생),F,U,경계. 예민. 이표. 혈뇨. 척추 골절. 양 후지 기립 못함. 콧물. 좌측 어깨 탈모/상처. ,한국동물구조관리협회,경기도 양주시 남면 감악산로 63-37 ,031-867-9119,보호중,성체,cat
4.41391E+14,푸들,2023(년생),F,U,활발하고 장난기가 많음. 주목받는 것을 즐김.,평택시동물보호센터,경기도 평택시 청북읍 청북로 497  ,031-8024-8080,보호중,성체,dog
4.41374E+14,사모예드,2024(년생),M,N,온순하고 느긋함. 누구에게나 친절함.,수원시 동물보호센터,"경기도 수원시 영통구 광교호수로 234 (하동, 수원시 동물보호센터) 하동 40-10",031-5191-3557,보호중,성체,dog
4.31372E+14,한국 고양이,2026(60일미만)(년생),M,N,아직 어리지만 겁이 많고 숨는 것을 좋아함. 안전한 공간에서만 활동함.,울산유기동물보호센터,울산광역시 울주군 온양읍 화산발리로 543  ,052-238-6113,보호중,새끼,cat
4.31369E+14,믹스견,2017(년생),F,N,"말랐음, 겁많음",울산유기동물보호센터,울산광역시 울주군 온양읍 화산발리로 543 (온양읍) ,052-238-6113,보호중,노령,dog
4.30364E+14,푸들,2025(년생),F,U,호기심 왕성한 새끼로 감수성이 풍부하고 보호자에게 애착이 강함. 새로운 것을 잘 배움.,대전동물보호센터,대전광역시 유성구 금남구즉로 1234 (금고동) 대전광역시 동물보호센터,042-270-7239,보호중,새끼,dog
4.28357E+14,프렌치 불독,2025(년생),F,N,온순하고 사람좋아함.,강화군 동물보호센터,인천광역시 강화군 강화읍 강화대로 254-1  ,010-2797-3786,종료(반환),새끼,dog
4.28356E+14,믹스견,2025(년생),F,N,호기심 왕성한 새끼로 겁이 많고 소심한 편. 천천히 신뢰를 쌓으면 잘 따름.,한마음동물병원,경기도 김포시 통진읍 김포대로 2025  ,032-562-0075,보호중,새끼,dog
4.28356E+14,믹스견,2024(년생),F,U,"너무너무 순함, 미용되어 있음, 말랐음, 사람 잘 따름, 귀염둥이",가정동물병원,인천광역시 서구 가정로 346 (가정동) ,032-575-0833,보호중,성체,dog
4.27348E+14,기타축종,2025(년생),F,U,호기심 왕성한 새끼로 겁이 많으나 천천히 적응함. 예민한 편.,화원연합동물병원,대구광역시 달성군 화원읍 사문진로 447 (화원읍) 화원읍 관할,053-634-7975,보호중,새끼,dog
4.1132E+14,믹스견,2025(년생),F,U,온순함,디아크 동물종합병원,서울특별시 동작구 장승배기로27길 18 (노량진동) 1층,02-816-7582,종료(반환),새끼,dog
4.11302E+14,푸들,2023(년생),F,N,활발하고 장난기가 많음. 주목받는 것을 즐김.,남산동물병원,서울특별시 용산구 후암로 51 (후암동) 1층,02-778-7582,보호중,성체,dog
4.11302E+14,믹스견,2022(년생),F,N,미용되었고 온순하며 활달함. 유두발적,남산동물병원,서울특별시 용산구 후암로 51 (후암동) 1층,02-778-7582,보호중,성체,dog
4.4547E+14,스탠다드 푸들,2017(년생),M,Y,조용하고 안정적이며 활발하고 장난기가 많음. 주목받는 것을 즐김.,청원동물병원,전북특별자치도 남원시 죽항동 278번지,063-633-3533,보호중,노령,dog
4.43439E+14,믹스견,2018(년생),F,U,조용하고 안정적이며 겁이 많고 소심한 편. 천천히 신뢰를 쌓으면 잘 따름.,충주시동물보호센터,충청북도 충주시 중앙탑면 일곱실길 70 (중앙탑면) ,043-851-3168,종료(반환),노령,dog
4.43439E+14,포메라니안,2024(년생),M,N,"도로배회, 순한편 겁있음, 사상충음성",충주시동물보호센터,충청북도 충주시 중앙탑면 일곱실길 70 (중앙탑면) ,043-851-3168,종료(반환),성체,dog
4.41553E+14,믹스견,2023(년생),F,N,테리어 느낌/사람을 잘 따름/생식기에 출혈이 있어 치료중,화성시민동물보호센터,경기도 화성시 서신면 전곡항로 492  ,010-3969-1034,보호중,성체,dog
4.41553E+14,믹스견,2019(년생),F,N,"치와와 느낌이 나는 귀여운 친구/노령으로 인한 질환은 있으나,밥 잘먹고 사람을 잘 따름",화성시민동물보호센터,경기도 화성시 서신면 전곡항로 492  ,010-3969-1034,종료(반환),성체,dog
4.41553E+14,믹스견,2026(60일미만)(년생),F,N,호기심 왕성한 새끼로 장난기가 많고 놀기를 좋아함. 사람과 함께 있는 것을 즐김.,화성시민동물보호센터,경기도 화성시 서신면 전곡항로 492  ,010-3969-1034,보호중,새끼,dog
4.41394E+14,믹스견,2026(60일미만)(년생),M,N,아직 어리지만 독립적이고 자기 의사 표현이 강함. 한 번 마음을 열면 충실함.,고양시동물보호센터,"경기도 고양시 덕양구 고양대로 1695 (원흥동, 고양시 농업기술센터) 고양시동물보호센터",031-962-3232,보호중,새끼,dog
4.41394E+14,믹스견,2026(60일미만)(년생),F,N,아직 어리지만 활발하고 에너지가 넘침. 낯선 환경에도 호기심이 많음.,고양시동물보호센터,"경기도 고양시 덕양구 고양대로 1695 (원흥동, 고양시 농업기술센터) 고양시동물보호센터",031-962-3232,보호중,새끼,dog
4.41394E+14,믹스견,2026(60일미만)(년생),M,N,어린 나이에도 온순하고 사람을 잘 따름. 겁이 약간 있으나 금방 적응함.,고양시동물보호센터,"경기도 고양시 덕양구 고양대로 1695 (원흥동, 고양시 농업기술센터) 고양시동물보호센터",031-962-3232,보호중,새끼,dog
4.41394E+14,믹스견,2026(60일미만)(년생),F,N,아직 어리지만 순하고 입질이 없음. 보호자에 대한 의존도가 높음.,고양시동물보호센터,"경기도 고양시 덕양구 고양대로 1695 (원흥동, 고양시 농업기술센터) 고양시동물보호센터",031-962-3232,보호중,새끼,dog
4.41394E+14,믹스견,2026(60일미만)(년생),F,N,아직 어리지만 경계심이 있으나 천천히 마음을 열어감. 혼자 있는 것을 무서워함.,고양시동물보호센터,"경기도 고양시 덕양구 고양대로 1695 (원흥동, 고양시 농업기술센터) 고양시동물보호센터",031-962-3232,보호중,새끼,dog
4.41394E+14,믹스견,2026(60일미만)(년생),F,N,어린 나이에도 활발하고 에너지가 넘침. 낯선 환경에도 호기심이 많음.,고양시동물보호센터,"경기도 고양시 덕양구 고양대로 1695 (원흥동, 고양시 농업기술센터) 고양시동물보호센터",031-962-3232,보호중,새끼,dog
4.41394E+14,믹스견,2026(60일미만)(년생),F,N,어린 나이에도 순하고 입질이 없음. 보호자에 대한 의존도가 높음.,고양시동물보호센터,"경기도 고양시 덕양구 고양대로 1695 (원흥동, 고양시 농업기술센터) 고양시동물보호센터",031-962-3232,보호중,새끼,dog
4.41394E+14,믹스견,2026(60일미만)(년생),M,N,호기심 왕성한 새끼로 독립적이고 자기 의사 표현이 강함. 한 번 마음을 열면 충실함.,고양시동물보호센터,"경기도 고양시 덕양구 고양대로 1695 (원흥동, 고양시 농업기술센터) 고양시동물보호센터",031-962-3232,보호중,새끼,dog
4.41394E+14,믹스견,2026(60일미만)(년생),M,N,어린 나이에도 활발하고 에너지가 넘침. 낯선 환경에도 호기심이 많음.,고양시동물보호센터,"경기도 고양시 덕양구 고양대로 1695 (원흥동, 고양시 농업기술센터) 고양시동물보호센터",031-962-3232,보호중,새끼,dog
4.41394E+14,믹스견,2026(60일미만)(년생),M,N,어린 나이에도 경계심이 있으나 천천히 마음을 열어감. 혼자 있는 것을 무서워함.,고양시동물보호센터,"경기도 고양시 덕양구 고양대로 1695 (원흥동, 고양시 농업기술센터) 고양시동물보호센터",031-962-3232,보호중,새끼,dog
4.41394E+14,믹스견,2023(년생),M,N,독립적이고 자기 의사 표현이 강함. 한 번 마음을 열면 충실함.,고양시동물보호센터,"경기도 고양시 덕양구 고양대로 1695 (원흥동, 고양시 농업기술센터) 고양시동물보호센터",031-962-3232,종료(반환),성체,dog
4.41394E+14,믹스견,2024(년생),M,N,온순하고 사람을 잘 따름. 겁이 약간 있으나 금방 적응함.,고양시동물보호센터,"경기도 고양시 덕양구 고양대로 1695 (원흥동, 고양시 농업기술센터) 고양시동물보호센터",031-962-3232,보호중,성체,dog
4.30366E+14,한국 고양이,2026(년생),F,U,아직 어리지만 겁이 많고 숨는 것을 좋아함. 안전한 공간에서만 활동함.,대전동물보호센터,대전광역시 유성구 금남구즉로 1234 (금고동) 대전광역시 동물보호센터,042-270-7239,종료(안락사),새끼,cat
4.69569E+14,프렌치 불독,2024(년생),M,Y,장난기가 있으나 지나치지 않음. 애정 표현을 잘 함.,세종유기동물보호센터,세종특별자치시  전동면 미륵당1길 188 (전동면) ,010-4435-3720,보호중,성체,dog
4.48547E+14,믹스견,2023(년생),M,N,"겁이많음, 경계",거창군 동물보호소,경상남도 거창군 거창읍 가실길 203  ,010-2617-6245,보호중,성체,dog
4.48541E+14,한국 고양이,2022(년생),F,Y,독립적이고 자기 영역 의식이 강함. 조용하고 관찰하는 것을 좋아함.,창녕 유기동물보호소,경상남도 창녕군 고암면 창밀로 335-26 (고암면) 고암면 억만리 28,010-5488-5003,보호중,성체,cat
4.48541E+14,믹스견,2023(년생),F,N,겁이 많고 소심한 편. 천천히 신뢰를 쌓으면 잘 따름.,창녕 유기동물보호소,경상남도 창녕군 고암면 창밀로 335-26 (고암면) 고암면 억만리 28,010-5488-5003,보호중,성체,dog
4.47506E+14,한국 고양이,2025(년생),M,N,어린 나이에도 예민하고 환경 변화에 민감함. 익숙한 환경에서 안정적임.,김천시 동물보호센터,경상북도 김천시 구성면 남김천대로 3296-22  하강리 44(김천시 유기동물보호센터),054-421-2547,종료(자연사),새끼,cat
4.47502E+14,믹스견,2024(년생),F,N,"포획틀구조, 사람을 매우 경계하고 무서워서 혼비백산 함, 시간이 엄청 필요할 듯",(사)영일동물플러스,경상북도 포항시 북구 흥해읍 덕장길 224 (흥해읍) ,054-262-8295,보호중,성체,dog
4.47502E+14,믹스견,2023(년생),M,N,"공원묘원을 돌아다니던 개체, 사람을 경계해서 다가가면 으르렁 하는중",(사)영일동물플러스,경상북도 포항시 북구 흥해읍 덕장길 224 (흥해읍) ,054-262-8295,보호중,성체,dog
4.47502E+14,한국 고양이,2026(년생),F,U,어린 나이에도 독립적이고 자기 영역 의식이 강함. 조용하고 관찰하는 것을 좋아함.,(사)영일동물플러스,경상북도 포항시 북구 흥해읍 덕장길 224 (흥해읍) ,054-262-8295,보호중,새끼,cat
4.47502E+14,믹스견,2026(60일미만)(년생),F,N,"1.5개월추정, 삼총사 중 홍일점, 소심한듯 아닌듯 애매한 성격, 아기몽이지만 매우 조용함",(사)영일동물플러스,경상북도 포항시 북구 흥해읍 덕장길 224 (흥해읍) ,054-262-8295,보호중,새끼,dog
4.47502E+14,믹스견,2026(60일미만)(년생),M,N,호기심 왕성한 새끼로 예민하고 낯선 사람을 경계함. 혼자만의 공간을 선호함.,(사)영일동물플러스,경상북도 포항시 북구 흥해읍 덕장길 224 (흥해읍) ,054-262-8295,보호중,새끼,dog
4.47502E+14,믹스견,2026(60일미만)(년생),M,N,"1.5개월추정, 꼬물이3총사, 낯선 장소에 도착해서 어리둥절중, 조용하고 차분한 느낌",(사)영일동물플러스,경상북도 포항시 북구 흥해읍 덕장길 224 (흥해읍) ,054-262-8295,보호중,새끼,dog
4.46496E+14,믹스견,2025(년생),M,U,경계심,학교임시동물보호센터,전라남도 함평군 학교면 송산길 84 (학교면) 월산리 806-1 ,010-5649-3435,보호중,새끼,dog
4.46496E+14,믹스견,2025(년생),F,U,경계심,학교임시동물보호센터,전라남도 함평군 학교면 송산길 84 (학교면) 월산리 806-1 ,010-5649-3435,보호중,새끼,dog
4.46496E+14,믹스견,2025(년생),M,U,경계심,학교임시동물보호센터,전라남도 함평군 학교면 송산길 84 (학교면) 월산리 806-1 ,010-5649-3435,보호중,새끼,dog
4.45464E+14,믹스견,2020(년생),F,U,순함 겁이 많음,링크늘푸른동물병원,전라북도 전주시 완산구 서원로 225 (중화산동2가) ,063-281-0075,보호중,성체,dog
4.45464E+14,믹스견,2020(년생),M,N,온순함,행복한동물병원,전라북도 전주시 덕진구 인후동1가 806-6,063-244-0090,보호중,성체,dog
4.45464E+14,믹스견,2023(년생),M,N,순하고 털이 복실복실함,박영재동물병원,전라북도 전주시 완산구 전주천서로 111 (서서학동) ,063-284-7774,보호중,성체,dog
4.45464E+14,믹스견,2026(년생),F,N,어린 나이에도 온순하고 사람을 잘 따름. 겁이 약간 있으나 금방 적응함.,동부동물병원,전라북도 전주시 완산구 경원동1가 3-10,063-231-2455,보호중,새끼,dog
4.45464E+14,믹스견,2025(년생),F,N,아직 어리지만 활발하고 에너지가 넘침. 낯선 환경에도 호기심이 많음.,동부동물병원,전라북도 전주시 완산구 경원동1가 3-10,063-231-2455,보호중,새끼,dog
4.44462E+14,믹스견,2024(년생),M,N,순하고 잘따름,최동물병원,충청남도 태안군 태안읍 남문리 504-6,041-672-0346,보호중,성체,dog
4.43571E+14,믹스견,2020(년생),M,Y,"칩 있음, 겁이 많아 입질이 있음, 양쪽 뒷다리 슬개골 있음",반려동물보호센터,충청북도 청주시 흥덕구 강내면 서부로 411-23  청주시 반려동물 보호센터,043-201-2298,보호중,성체,dog
4.43571E+14,웰시 코기 펨브로크,2021(년생),F,U,"순한 아이, 쇠목줄 착용",반려동물보호센터,충청북도 청주시 흥덕구 강내면 서부로 411-23  청주시 반려동물 보호센터,043-201-2298,보호중,성체,dog
4.43571E+14,비숑 프리제,2023(년생),F,U,매우 순하고 얌전한 아이,반려동물보호센터,충청북도 청주시 흥덕구 강내면 서부로 411-23  청주시 반려동물 보호센터,043-201-2298,종료(반환),성체,dog
4.42434E+14,믹스묘,2026(년생),F,N,호기심 왕성한 새끼로 낯선 환경에 예민하게 반응함. 안정되면 애교가 넘침.,고성군 동물보호센터,강원특별자치도 고성군 간성읍 진부령로 2768-10  ,033-680-4171,보호중,새끼,cat
4.42434E+14,진도견,2024(년생),F,N,순함,고성군 동물보호센터,강원특별자치도 고성군 간성읍 진부령로 2768-10  ,033-680-4171,보호중,성체,dog
4.42434E+14,진도견,2021(년생),F,N,착하고 순함 ,고성군 동물보호센터,강원특별자치도 고성군 간성읍 진부령로 2768-10  ,033-680-4171,보호중,성체,dog
4.41417E+14,요크셔 테리어,2014(년생),M,Y,"낯선 사람에게 거부반응이 없으며 온순하나, 먼저 다가오지는 않음. 노령으로 치아 상태 안 좋음.",양평군유기동물보호소,경기도 양평군 양평읍 농업기술센터길 59-1  ,031-770-2337,종료(반환),노령,dog
4.41402E+14,라브라도 리트리버,2023(년생),F,U,"갈색목줄,순함,칩있음",한국야생동물보호협회,경기도 안산시 상록구 청곡길 50 (부곡동) ,031-296-0124,보호중,성체,dog
4.41402E+14,골든 리트리버,2022(년생),F,U,"갈색목줄,순함",한국야생동물보호협회,경기도 안산시 상록구 청곡길 50 (부곡동) ,031-296-0124,보호중,성체,dog
4.41393E+14,한국 고양이,2025(년생),M,Y,"겁많음,뒷다리장애,기력없음",한국야생동물보호협회,경기도 안산시 상록구 청곡길 50 (부곡동) 안산시 상록구 부곡동 231-5,031-296-0124,보호중,새끼,cat
4.41386E+14,한국 고양이,2026(60일미만)(년생),M,N,어린 나이에도 활발하고 호기심이 왕성함. 장난감에 관심이 많음.,24시아이동물메디컬,경기도 부천시 오정구 소사로 779 (원종동) 201호,032-677-5262,보호중,새끼,cat
4.41386E+14,한국 고양이,2026(60일미만)(년생),M,N,호기심 왕성한 새끼로 조용하고 차분함. 보호자 곁에 있는 것을 좋아함.,24시아이동물메디컬,경기도 부천시 오정구 소사로 779 (원종동) 201호,032-677-5262,보호중,새끼,cat
4.41386E+14,한국 고양이,2026(60일미만)(년생),F,N,어린 나이에도 독립적이고 자기 영역 의식이 강함. 조용하고 관찰하는 것을 좋아함.,24시아이동물메디컬,경기도 부천시 오정구 소사로 779 (원종동) 201호,032-677-5262,보호중,새끼,cat
4.41386E+14,한국 고양이,2026(60일미만)(년생),F,N,아직 어리지만 조용하고 차분함. 보호자 곁에 있는 것을 좋아함.,24시아이동물메디컬,경기도 부천시 오정구 소사로 779 (원종동) 201호,032-677-5262,보호중,새끼,cat
4.41378E+14,한국 고양이,2017(년생),M,N,나이가 들었지만 조용하고 차분함. 보호자 곁에 있는 것을 좋아함.,펫앤쉘터동물병원,"경기도 성남시 분당구 불정로 266 (수내동, 유신제일조합) ",031-714-8392,보호중,노령,cat
4.31372E+14,한국 고양이,2026(60일미만)(년생),M,N,호기심 왕성한 새끼로 예민하고 환경 변화에 민감함. 익숙한 환경에서 안정적임.,산타클라라동물병원,울산광역시 중구 다운로 1 (다운동) 대왕빌딩 1층,052-244-4296,보호중,새끼,cat
4.3137E+14,한국 고양이,2026(60일미만)(년생),F,N,아주 귀여움/순함,사랑동물병원,울산광역시 남구 중앙로 165-1 (신정동) ,052-273-0075,보호중,새끼,cat
4.28357E+14,웰시 코기 카디건,2023(년생),F,Y,흰양말웰시. 온순함.,강화군 동물보호센터,인천광역시 강화군 강화읍 강화대로 254-1  ,010-2797-3786,보호중,성체,dog
4.27346E+14,믹스견,2023(년생),M,N,3~4세추정. 순해요. 주세요 개인기를 할 줄 알아요. ,신세계동물병원,대구광역시 수성구 수성동1가 명덕로 393 (수성동1가) ,053-751-6693,보호중,성체,dog
4.27346E+14,브리티시 쇼트헤어,2026(60일미만)(년생),M,N,어린 나이에도 조용하고 느긋한 성격. 안정된 환경에서 잘 지냄.,허동물병원,대구광역시 수성구 수성동2가 명덕로 421 (수성동2가) 허동물병원,053-752-7535,보호중,새끼,dog
4.48543E+14,믹스견,2026(60일미만)(년생),F,N,호기심 왕성한 새끼로 독립적이고 자기 의사 표현이 강함. 한 번 마음을 열면 충실함.,남해군동물보호센터,경상남도 남해군 이동면 남해대로 2449  동물보호센터,055-860-3974,보호중,새끼,dog
4.48543E+14,믹스견,2026(60일미만)(년생),M,N,어린 나이에도 경계심이 있으나 천천히 마음을 열어감. 혼자 있는 것을 무서워함.,남해군동물보호센터,경상남도 남해군 이동면 남해대로 2449  동물보호센터,055-860-3974,보호중,새끼,dog
4.48543E+14,믹스견,2026(60일미만)(년생),M,N,아직 어리지만 순하고 입질이 없음. 보호자에 대한 의존도가 높음.,남해군동물보호센터,경상남도 남해군 이동면 남해대로 2449  동물보호센터,055-860-3974,보호중,새끼,dog
4.48543E+14,믹스견,2026(60일미만)(년생),M,N,어린 나이에도 경계심이 있으나 천천히 마음을 열어감. 혼자 있는 것을 무서워함.,남해군동물보호센터,경상남도 남해군 이동면 남해대로 2449  동물보호센터,055-860-3974,보호중,새끼,dog
4.45475E+14,믹스견,2026(년생),F,N,"흰색의 순한 강아지, ",장수군 보호소,전라북도 장수군 천천면 승마1로 152  ,063-350-2436,보호중,새끼,dog
4.45475E+14,포메라니안,2018(년생),M,N,노령임에도 활발하고 자기 주장이 강함. 주인에 대한 충성심이 높음.,장수군 보호소,전라북도 장수군 천천면 승마1로 152  ,063-350-2436,보호중,노령,dog
4.44454E+14,한국 고양이,2024(년생),M,N,"경계심심함,목부위깊은상처",논산시 동물보호센터,충청남도 논산시 계백로665번길 100 (등화동) 논산시 동물보호센터,041-746-8470,보호중,성체,cat
4.43446E+14,믹스견,2021(년생),M,U,사납고 경계심이 많음,괴산증평동물보호센터,충청북도 증평군 도안면 입장길 239 (도안면) ,010-3169-1151,보호중,성체,dog
4.43446E+14,믹스견,2023(년생),M,U,사납고 경계심이 많음,괴산증평동물보호센터,충청북도 증평군 도안면 입장길 239 (도안면) ,010-3169-1151,보호중,성체,dog
4.43445E+14,믹스견,2025(년생),F,U,아직 어리지만 독립적이고 자기 의사 표현이 강함. 한 번 마음을 열면 충실함.,증평 가정견 훈련소,충청북도 증평군 도안면 입장길 239  ,010-3169-1151,보호중,새끼,dog
4.42426E+14,믹스견,2026(년생),F,N,호기심 왕성한 새끼로 경계심이 있으나 천천히 마음을 열어감. 혼자 있는 것을 무서워함.,횡성반려동물보호센터,강원특별자치도 횡성군 우천면 한우로 1109  ,033-340-2395,보호중,새끼,dog
4.26334E+14,포메라니안,2016(년생),F,N,"3두동시입소,미용이되어있음,온순함",부산동물보호센터,부산광역시 강서구 맥도강변길 752-15 (대저2동) ,051-832-7119,보호중,노령,dog
4.26334E+14,포메라니안,2016(년생),M,N,"3두동시입소,미용이되어있음,약간의입질이있음",부산동물보호센터,부산광역시 강서구 맥도강변길 752-15 (대저2동) ,051-832-7119,보호중,노령,dog
4.26334E+14,포메라니안,2016(년생),F,N,노령임에도 호기심이 왕성하고 에너지가 넘침. 낯선 사람에게도 쉽게 다가감.,부산동물보호센터,부산광역시 강서구 맥도강변길 752-15 (대저2동) ,051-832-7119,보호중,노령,dog
4.113E+14,한국 고양이,2016(년생),M,U,노령임에도 낯선 사람을 경계하나 익숙해지면 애교가 많음. 혼자 노는 것을 즐김.,한국동물구조관리협회,경기도 양주시 남면 감악산로 63-37 (남면) ,031-867-9119,보호중,노령,cat
4.47523E+14,믹스견,2025(년생),F,N,어린 나이에도 겁이 많고 소심한 편. 천천히 신뢰를 쌓으면 잘 따름.,예천군유기동물보호소,"경상북도 예천군 예천읍 충효로 632-84 (예천읍, 유기동물보호소) ",054-650-6578,보호중,새끼,dog
4.47522E+14,포메라니안,2018(년생),M,Y,노령임에도 호기심이 왕성하고 에너지가 넘침. 낯선 사람에게도 쉽게 다가감.,칠곡유기동물보호센터,경상북도 칠곡군 석적읍 포망로 341 (석적읍) ,054-973-5710,보호중,노령,dog
4.46483E+14,믹스견,2026(60일미만)(년생),M,N,생후2개월령으로보임. 온순함.,나주유기동물보호센터,전라남도 나주시 산포면 내기3길 71-43 [*미고시] ,010-2331-7377,보호중,새끼,dog
4.46483E+14,믹스견,2026(60일미만)(년생),M,N,생후2개월령으로보임. 온순함.,나주유기동물보호센터,전라남도 나주시 산포면 내기3길 71-43 [*미고시] ,010-2331-7377,보호중,새끼,dog
4.46483E+14,믹스견,2026(60일미만)(년생),M,N,생후2개월령으로보임. 온순함.,나주유기동물보호센터,전라남도 나주시 산포면 내기3길 71-43 [*미고시] ,010-2331-7377,보호중,새끼,dog
4.46483E+14,믹스견,2026(60일미만)(년생),M,N,생후2개월령으로보임. 온순함. 다리가긴강아지,나주유기동물보호센터,전라남도 나주시 산포면 내기3길 71-43 [*미고시] ,010-2331-7377,보호중,새끼,dog
4.46483E+14,믹스견,2026(60일미만)(년생),F,N,생후2개월령으로보임. 온순함,나주유기동물보호센터,전라남도 나주시 산포면 내기3길 71-43 [*미고시] ,010-2331-7377,보호중,새끼,dog
4.46483E+14,믹스견,2026(60일미만)(년생),F,N,생후2개월령으로보임. 온순함,나주유기동물보호센터,전라남도 나주시 산포면 내기3길 71-43 [*미고시] ,010-2331-7377,보호중,새끼,dog
4.45468E+14,믹스견,2026(년생),M,N,어린 나이에도 경계심이 있으나 천천히 마음을 열어감. 혼자 있는 것을 무서워함.,익산유기동물보호소,전북특별자치도 익산시 삼기면 황금로 342-17  ,063-855-1214,보호중,새끼,dog
4.45468E+14,믹스견,2025(년생),F,N,사람에 대한 경계심이 심함,익산유기동물보호소,전북특별자치도 익산시 삼기면 황금로 342-17  ,063-855-1214,보호중,새끼,dog
4.45468E+14,믹스견,2025(년생),M,N,사람에 대한 경계심이 심함,익산유기동물보호소,전북특별자치도 익산시 삼기면 황금로 342-17  ,063-855-1214,보호중,새끼,dog
4.45468E+14,믹스견,2025(년생),M,N,사람에 대한 경계심이 심함,익산유기동물보호소,전북특별자치도 익산시 삼기면 황금로 342-17  ,063-855-1214,보호중,새끼,dog
4.45468E+14,믹스견,2026(년생),F,N,생후3~4개월 정도로 보여지며 겁이많고 옴피부병이 심함,익산유기동물보호소,전북특별자치도 익산시 삼기면 황금로 342-17  ,063-855-1214,보호중,새끼,dog
4.45468E+14,믹스견,2026(년생),M,N,생후3~4개월 정도로 보여지며 겁이많고 옴피부병이 심함,익산유기동물보호소,전북특별자치도 익산시 삼기면 황금로 342-17  ,063-855-1214,보호중,새끼,dog
4.45468E+14,믹스견,2026(년생),M,N,생후3~4개월 정도로 보여지며 겁이많고 옴피부병이 심함,익산유기동물보호소,전북특별자치도 익산시 삼기면 황금로 342-17  ,063-855-1214,보호중,새끼,dog
4.45468E+14,믹스견,2026(년생),M,N,3~4개월정도 되어 보이며 겁이많고 옴피부병이 심함,익산유기동물보호소,전북특별자치도 익산시 삼기면 황금로 342-17  ,063-855-1214,보호중,새끼,dog
4.45468E+14,믹스견,2024(년생),M,N,살짝 경계심있고 몸이 말라있음.,익산유기동물보호소,전북특별자치도 익산시 삼기면 황금로 342-17  ,063-855-1214,보호중,성체,dog
4.45468E+14,믹스견,2024(년생),F,N,경계심이 적고 순한편임.,익산유기동물보호소,전북특별자치도 익산시 삼기면 황금로 342-17  ,063-855-1214,보호중,성체,dog
4.43444E+14,믹스견,2023(년생),M,U,"미등록, 매우 예민함",최종주동물병원,"충청북도 영동군 영동읍 계산로 54 (영동읍, 최종주동물병원) ",043-744-4209,보호중,성체,dog
4.42421E+14,믹스견,2026(60일미만)(년생),F,U,겁이 많고 얌전함,동해시동물보호센터,"강원도 동해시 대동로 159-13 (송정동, 동해시유기동물보호소) ",033-539-8145,보호중,새끼,dog
4.42421E+14,믹스견,2023(년생),F,U,경계심이 강함,동해시동물보호센터,"강원도 동해시 대동로 159-13 (송정동, 동해시유기동물보호소) ",033-539-8145,보호중,성체,dog
4.4242E+14,믹스견,2026(년생),M,N,어린 나이에도 경계심이 있으나 천천히 마음을 열어감. 혼자 있는 것을 무서워함.,강릉시 동물사랑센터,강원도 강릉시 성산면 내맬길 172  ,033-641-7515,보호중,새끼,dog
4.4242E+14,믹스견,2026(년생),M,N,아직 어리지만 겁이 많고 소심한 편. 천천히 신뢰를 쌓으면 잘 따름.,강릉시 동물사랑센터,강원도 강릉시 성산면 내맬길 172  ,033-641-7515,보호중,새끼,dog
4.4242E+14,믹스견,2026(년생),M,N,호기심 왕성한 새끼로 장난기가 많고 놀기를 좋아함. 사람과 함께 있는 것을 즐김.,강릉시 동물사랑센터,강원도 강릉시 성산면 내맬길 172  ,033-641-7515,보호중,새끼,dog
4.4242E+14,믹스견,2026(60일미만)(년생),M,N,어린 나이에도 예민하고 낯선 사람을 경계함. 혼자만의 공간을 선호함.,강릉시 동물사랑센터,강원도 강릉시 성산면 내맬길 172  ,033-641-7515,보호중,새끼,dog
4.4242E+14,믹스견,2026(년생),M,N,호기심 왕성한 새끼로 온순하고 사람을 잘 따름. 겁이 약간 있으나 금방 적응함.,강릉시 동물사랑센터,강원도 강릉시 성산면 내맬길 172  ,033-641-7515,보호중,새끼,dog
4.4242E+14,한국 고양이,2024(년생),M,N,예민하고 환경 변화에 민감함. 익숙한 환경에서 안정적임.,강릉시 동물사랑센터,강원도 강릉시 성산면 내맬길 172  ,033-641-7515,보호중,성체,cat
4.41559E+14,한국 고양이,2023(년생),M,N,온순. 눈곱. 얌전. 겁 있음. 예쁨. 털 상태 양호. ,한국동물구조관리협회,경기도 양주시 남면 감악산로 63-37 (남면) ,031-867-9119,보호중,성체,cat
4.41559E+14,믹스견,2025(년생),F,U,온순. 얌전. 빨간 바탕에 노란줄 있는 목줄 착용. 사람 좋아함. 분홍 코. 눈곱. 꼬리 단미 안됨.털 때탐. ,한국동물구조관리협회,경기도 양주시 남면 감악산로 63-37 (남면) ,031-867-9119,종료(반환),새끼,dog
4.41559E+14,믹스견,2023(년생),F,U,사나움. 겁. 경계. 방어적 입질. 약간의 부정교합. 털 때탐. ,한국동물구조관리협회,경기도 양주시 남면 감악산로 63-37 (남면) ,031-867-9119,보호중,성체,dog
4.41559E+14,프렌치 불독,2021(년생),M,N,온순. 얌전. 사람 잘 따름. 분홍 코. 치석. 꼬리 단미. 털 상태 양호. ,한국동물구조관리협회,경기도 양주시 남면 감악산로 63-37 (남면) ,031-867-9119,보호중,성체,dog
4.31373E+14,믹스견,2025(년생),F,N,"다리골절, 활발함",울산유기동물보호센터,울산광역시 울주군 온양읍 발리 1144,052-238-6113,보호중,새끼,dog
4.30365E+14,한국 고양이,2026(60일미만)(년생),F,U,호기심 왕성한 새끼로 조용하고 차분함. 보호자 곁에 있는 것을 좋아함.,대전동물보호센터,대전광역시 유성구 금남구즉로 1234 (금고동) 대전광역시 동물보호센터,042-270-7239,보호중,새끼,cat
4.30365E+14,이탈리안 그레이 하운드,2021(년생),F,U,독립적이고 자기 페이스대로 생활함. 적응력이 좋음.,대전동물보호센터,대전광역시 유성구 금남구즉로 1234 (금고동) 대전광역시 동물보호센터,042-270-7239,종료(반환),성체,dog
4.28356E+14,한국 고양이,2022(년생),M,N,낯선 사람을 경계하나 익숙해지면 애교가 많음. 혼자 노는 것을 즐김.,한마음동물병원,경기도 김포시 통진읍 김포대로 2025  ,032-562-0075,종료(자연사),성체,cat
4.28355E+14,한국 고양이,2026(년생),F,N,아직 어리지만 예민하고 환경 변화에 민감함. 익숙한 환경에서 안정적임.,신영재동물병원,인천광역시 계양구 장제로 923 (병방동) ,032-552-0075,보호중,새끼,cat
4.28354E+14,믹스견,2025(년생),M,N,순하고 얌전,삼산종합동물병원,인천광역시 부평구 체육관로 40 (삼산동) ,032-330-0075,보호중,새끼,dog
4.28354E+14,믹스견,2025(년생),M,N,순하고 얌전,삼산종합동물병원,인천광역시 부평구 체육관로 40 (삼산동) ,032-330-0075,보호중,새끼,dog
4.28353E+14,한국 고양이,2026(60일미만)(년생),Q,N,어린 나이에도 활발하고 호기심이 왕성함. 장난감에 관심이 많음.,시민동물병원,인천광역시 부평구 경인로 855 (부평동) ,032-426-4545,보호중,새끼,cat
4.28353E+14,한국 고양이,2026(60일미만)(년생),Q,N,아직 어리지만 겁이 많고 숨는 것을 좋아함. 안전한 공간에서만 활동함.,시민동물병원,인천광역시 부평구 경인로 855 (부평동) ,032-426-4545,보호중,새끼,cat
4.28353E+14,한국 고양이,2026(60일미만)(년생),Q,N,어린 나이에도 겁이 많고 숨는 것을 좋아함. 안전한 공간에서만 활동함.,시민동물병원,인천광역시 부평구 경인로 855 (부평동) ,032-426-4545,보호중,새끼,cat
4.28353E+14,한국 고양이,2026(60일미만)(년생),Q,N,어린 나이에도 예민하고 환경 변화에 민감함. 익숙한 환경에서 안정적임.,시민동물병원,인천광역시 부평구 경인로 855 (부평동) ,032-426-4545,보호중,새끼,cat
4.28353E+14,한국 고양이,2026(60일미만)(년생),Q,N,호기심 왕성한 새끼로 조용하고 차분함. 보호자 곁에 있는 것을 좋아함.,시민동물병원,인천광역시 부평구 경인로 855 (부평동) ,032-426-4545,보호중,새끼,cat
4.26335E+14,믹스묘,2026(년생),M,N,아직 어리지만 독립적이고 자유로운 성격. 자기 페이스대로 생활함.,동부동물보호협회,부산광역시 해운대구 송정2로13번길 46 (송정동) ,051-701-7599,보호중,새끼,cat
4.26335E+14,믹스묘,2026(년생),M,N,아직 어리지만 낯선 환경에 예민하게 반응함. 안정되면 애교가 넘침.,동부동물보호협회,부산광역시 해운대구 송정2로13번길 46 (송정동) ,051-701-7599,보호중,새끼,cat
4.26329E+14,페키니즈,2024(년생),F,N,자존심이 강하고 독립적임. 보호자에게는 애교가 많음.,동물보호관리협회,부산광역시 강서구 가락대로1283번길 25-2 (봉림동) ,051-971-6208,보호중,성체,dog
4.26327E+14,한국 고양이,2026(60일미만)(년생),F,N,어린 나이에도 독립적이고 자기 영역 의식이 강함. 조용하고 관찰하는 것을 좋아함.,동구종합동물병원,부산광역시 동구 망양로 835-1 (수정동) ,051-441-6383,보호중,새끼,cat
4.26327E+14,한국 고양이,2026(60일미만)(년생),F,N,호기심 왕성한 새끼로 활발하고 호기심이 왕성함. 장난감에 관심이 많음.,동구종합동물병원,부산광역시 동구 망양로 835-1 (수정동) ,051-441-6383,보호중,새끼,cat
4.26327E+14,한국 고양이,2026(60일미만)(년생),F,N,어린 나이에도 활발하고 호기심이 왕성함. 장난감에 관심이 많음.,동구종합동물병원,부산광역시 동구 망양로 835-1 (수정동) ,051-441-6383,보호중,새끼,cat
4.41394E+14,한국 고양이,2023(년생),M,Y,조용하고 차분함. 보호자 곁에 있는 것을 좋아함.,고양시동물보호센터,"경기도 고양시 덕양구 고양대로 1695 (원흥동, 고양시 농업기술센터) 고양시동물보호센터",031-962-3232,보호중,성체,cat
4.41394E+14,믹스견,2026(60일미만)(년생),M,N,어린 나이에도 독립적이고 자기 의사 표현이 강함. 한 번 마음을 열면 충실함.,고양시동물보호센터,"경기도 고양시 덕양구 고양대로 1695 (원흥동, 고양시 농업기술센터) 고양시동물보호센터",031-962-3232,보호중,새끼,dog
4.41394E+14,믹스견,2026(60일미만)(년생),M,N,호기심 왕성한 새끼로 예민하고 낯선 사람을 경계함. 혼자만의 공간을 선호함.,고양시동물보호센터,"경기도 고양시 덕양구 고양대로 1695 (원흥동, 고양시 농업기술센터) 고양시동물보호센터",031-962-3232,보호중,새끼,dog
4.41394E+14,믹스견,2026(60일미만)(년생),M,N,어린 나이에도 경계심이 있으나 천천히 마음을 열어감. 혼자 있는 것을 무서워함.,고양시동물보호센터,"경기도 고양시 덕양구 고양대로 1695 (원흥동, 고양시 농업기술센터) 고양시동물보호센터",031-962-3232,보호중,새끼,dog
4.41394E+14,믹스견,2026(60일미만)(년생),F,N,아직 어리지만 독립적이고 자기 의사 표현이 강함. 한 번 마음을 열면 충실함.,고양시동물보호센터,"경기도 고양시 덕양구 고양대로 1695 (원흥동, 고양시 농업기술센터) 고양시동물보호센터",031-962-3232,보호중,새끼,dog
4.30366E+14,포메라니안,2026(년생),M,Y,호기심 왕성한 새끼로 호기심이 왕성하고 에너지가 넘침. 낯선 사람에게도 쉽게 다가감.,대전동물보호센터,대전광역시 유성구 금남구즉로 1234 (금고동) 대전광역시 동물보호센터,042-270-7239,종료(반환),새끼,dog
4.5065E+14,믹스견,2026(년생),F,N,호기심 왕성한 새끼로 순하고 입질이 없음. 보호자에 대한 의존도가 높음.,제주 동물보호센터,제주특별자치도 제주시 첨단동길 184-14 (용강동) ,064-710-4065,보호중,새끼,dog
4.5065E+14,믹스견,2024(년생),M,N,장난기가 많고 놀기를 좋아함. 사람과 함께 있는 것을 즐김.,제주 동물보호센터,제주특별자치도 제주시 첨단동길 184-14 (용강동) ,064-710-4065,보호중,성체,dog
4.5065E+14,믹스견,2026(년생),M,N,어린 나이에도 예민하고 낯선 사람을 경계함. 혼자만의 공간을 선호함.,제주 동물보호센터,제주특별자치도 제주시 첨단동길 184-14 (용강동) ,064-710-4065,보호중,새끼,dog
4.46499E+14,믹스견,2026(60일미만)(년생),F,N,아직 어리지만 온순하고 사람을 잘 따름. 겁이 약간 있으나 금방 적응함.,유기동물임시보호센터,전라남도 완도군 신지면 신지로6번길 23-89 (신지면) ,061-550-5749,보호중,새끼,dog
4.46493E+14,기타,2021(년생),M,U,사람을 잘따름.,해남유기동물보호센터,전라남도 해남군 해남읍 용머리길 14-37  ,061-531-3916,보호중,성체,dog
4.46493E+14,믹스견,2023(년생),M,U,사람을 잘따름.,해남유기동물보호센터,전라남도 해남군 해남읍 용머리길 14-37  ,061-531-3916,보호중,성체,dog
4.4156E+14,믹스견,2016(년생),F,U,노령임에도 장난기가 많고 놀기를 좋아함. 사람과 함께 있는 것을 즐김.,한국동물구조관리협회,경기도 양주시 남면 감악산로 63-37  ,031-867-9119,보호중,노령,dog
4.41553E+14,믹스견,2026(60일미만)(년생),F,N,입 주변이 검은색인 너무 귀여운 아기강아지/형제들 중 겁이 제일 없는편/너무 애기같이 귀여움,화성시민동물보호센터,경기도 화성시 서신면 전곡항로 492  ,010-3969-1034,보호중,새끼,dog
4.41553E+14,믹스견,2026(60일미만)(년생),F,N,어린 나이에도 온순하고 사람을 잘 따름. 겁이 약간 있으나 금방 적응함.,화성시민동물보호센터,경기도 화성시 서신면 전곡항로 492  ,010-3969-1034,보호중,새끼,dog
4.41553E+14,믹스견,2026(60일미만)(년생),M,N,아직 어리지만 독립적이고 자기 의사 표현이 강함. 한 번 마음을 열면 충실함.,화성시민동물보호센터,경기도 화성시 서신면 전곡항로 492  ,010-3969-1034,보호중,새끼,dog
4.41553E+14,믹스견,2026(년생),M,N,어린 나이에도 활발하고 에너지가 넘침. 낯선 환경에도 호기심이 많음.,화성시민동물보호센터,경기도 화성시 서신면 전곡항로 492  ,010-3969-1034,보호중,새끼,dog
4.41553E+14,믹스견,2026(년생),M,N,털이 복실복실 귀여운 아기강아지/귀엽고 이쁘게 생긴 뽀?이/겁 많은편이나 순함,화성시민동물보호센터,경기도 화성시 서신면 전곡항로 492  ,010-3969-1034,보호중,새끼,dog
4.41553E+14,믹스견,2026(년생),F,N,겁많은 겁쟁이지만 순하고 귀여운 인형같은 외모의 아기강아지/안으면 비행기자세함,화성시민동물보호센터,경기도 화성시 서신면 전곡항로 492  ,010-3969-1034,보호중,새끼,dog
4.41553E+14,믹스견,2026(년생),M,N,겁은 많으나 순하고 귀여운 외모의 아기강아지/너무 매력적인 털을 가짐/완전 뽀?한 외모,화성시민동물보호센터,경기도 화성시 서신면 전곡항로 492  ,010-3969-1034,보호중,새끼,dog
4.41553E+14,믹스견,2026(년생),F,N,내려간 눈꼬리때문에 억울해 보이는 귀여운 아기강아지/이제 막 원숭이시기 시작됨/순하고 얌전함,화성시민동물보호센터,경기도 화성시 서신면 전곡항로 492  ,010-3969-1034,보호중,새끼,dog
4.41553E+14,믹스견,2026(년생),F,N,겁은 많지만 순하고 얌전한 성격의 이쁜 아기강아지/이제 막 원숭이 시기가 시작되고 있음,화성시민동물보호센터,경기도 화성시 서신면 전곡항로 492  ,010-3969-1034,보호중,새끼,dog
4.41414E+14,믹스견,2022(년생),M,N,경계. 공격적. 겁 많음. 방어적 입질. 눈곱. 눈물자국. 눈물 많음. 치석. 꼬리 단미 안됨. 털 때탐. ,한국동물구조관리협회,경기도 양주시 남면 감악산로 63-37 ,031-867-9119,보호중,성체,dog
4.41406E+14,도사,2020(년생),F,U,온순. 얌전. 눈곱. 치석. 꼬리 단미 안됨. 털 상태 양호. ,한국동물구조관리협회,경기도 양주시 남면 감악산로 63-37  ,031-867-9119,보호중,성체,dog
4.41406E+14,도사,2022(년생),F,U,온순. 얌전. 겁 있음. 눈곱. 치석. 머즐 진갈색. 꼬리 단미 안됨. 털 상태 양호. ,한국동물구조관리협회,경기도 양주시 남면 감악산로 63-37  ,031-867-9119,보호중,성체,dog
4.41398E+14,믹스견,2020(년생),M,N,말티푸추정.파란색강아지그림그려진기저귀착용.온순.사람잘따름.눈물자국.미용흔적.치석.꼬리단미안됨.,한국동물구조관리협회,경기도 양주시 남면 감악산로 63-37  ,031-867-9119,보호중,성체,dog
4.4139E+14,기타축종,2026(년생),Q,U,어린 나이에도 온순하고 순함. 사람을 잘 따름.,한국야생동물보호협회,경기도 안산시 상록구 청곡길 50 (부곡동) 한국야생동물보호협회,031-296-0124,보호중,새끼,dog
4.41382E+14,포메라니안,2020(년생),F,U,초록/파랑색하네스착용.경계.겁.사나움.방어적입질.분홍코.눈곱.눈물자국.치석.꼬리단미안됨.털때탐.,한국동물구조관리협회,경기도 양주시 남면 감악산로 63-37 (남면) ,031-867-9119,보호중,성체,dog
4.1131E+14,비숑 프리제,2023(년생),F,U,온순. 활발. 사람 너무 좋아함. 눈물 자국. 눈곱. 양 발가락 착색. 치석. 꼬리 단미 안됨. 털 상태 양호. ,한국동물구조관리협회,경기도 양주시 남면 감악산로 63-37 (남면) ,031-868-2851,보호중,성체,dog
4.11305E+14,먼치킨,2023(년생),M,Y,온순.얌전.호기심많음.눈곱.약간의 겁.좌측윗송곳니약간부서진흔적.안아도가만히안겨있음.털약간때탐. ,한국동물구조관리협회,경기도 양주시 남면 감악산로 63-37 ,031-867-9119,보호중,성체,dog
4.113E+14,믹스묘,2026(년생),M,N,메인쿤믹스추정.눈물많음.온순.비틀거림.좌후지잘못씀.얌전.여윔.왼쪽옆구리쪽털민흔적.꼬리단미안됨.,한국동물구조관리협회,경기도 양주시 남면 감악산로 63-37 (남면) ,031-867-9119,보호중,새끼,cat
4.41553E+14,푸들,2023(년생),M,N,순하고 얌전한 성격의 귀여운 검정푸들/소유권포기/사람 좋아하고 안기는거 좋아함,화성시민동물보호센터,경기도 화성시 서신면 전곡항로 492  ,010-3969-1034,보호중,성체,dog
4.5065E+14,믹스견,2024(년생),M,N,예민하고 낯선 사람을 경계함. 혼자만의 공간을 선호함.,제주 동물보호센터,제주특별자치도 제주시 첨단동길 184-14 (용강동) ,064-710-4065,보호중,성체,dog
4.5065E+14,한국 고양이,2026(60일미만)(년생),M,N,어린 나이에도 조용하고 차분함. 보호자 곁에 있는 것을 좋아함.,제2동물보호센터,제주특별자치도 제주시 애월읍 어림비로 616-107  ,064-710-4805,보호중,새끼,cat
4.5065E+14,한국 고양이,2026(60일미만)(년생),M,N,아직 어리지만 조용하고 차분함. 보호자 곁에 있는 것을 좋아함.,제2동물보호센터,제주특별자치도 제주시 애월읍 어림비로 616-107  ,064-710-4805,보호중,새끼,cat
4.5065E+14,한국 고양이,2025(년생),M,Y,어린 나이에도 활발하고 호기심이 왕성함. 장난감에 관심이 많음.,제2동물보호센터,제주특별자치도 제주시 애월읍 어림비로 616-107  ,064-710-4805,보호중,새끼,cat
4.48567E+14,믹스견,2025(년생),M,Y,아직 어리지만 겁이 많고 소심한 편. 천천히 신뢰를 쌓으면 잘 따름.,창원동물보호센터,경상남도 창원시 성산구 공단로474번길 117 (상복동) 창원동물보호센터,055-225-5701,보호중,새끼,dog
4.48567E+14,믹스견,2025(년생),M,Y,아직 어리지만 겁이 많고 소심한 편. 천천히 신뢰를 쌓으면 잘 따름.,창원동물보호센터,경상남도 창원시 성산구 공단로474번길 117 (상복동) 창원동물보호센터,055-225-5701,보호중,새끼,dog
4.48547E+14,믹스견,2022(년생),M,N,"겁이많음, 경계",거창군 동물보호소,경상남도 거창군 거창읍 가실길 203  ,010-2617-6245,보호중,성체,dog
4.48547E+14,믹스견,2026(60일미만)(년생),M,N,호기심 왕성한 새끼로 경계심이 있으나 천천히 마음을 열어감. 혼자 있는 것을 무서워함.,거창군 동물보호소,경상남도 거창군 거창읍 가실길 203  ,010-2617-6245,보호중,새끼,dog
4.48547E+14,믹스견,2026(60일미만)(년생),F,N,어린 나이에도 예민하고 낯선 사람을 경계함. 혼자만의 공간을 선호함.,거창군 동물보호소,경상남도 거창군 거창읍 가실길 203  ,010-2617-6245,보호중,새끼,dog
4.48547E+14,믹스견,2026(60일미만)(년생),F,N,호기심 왕성한 새끼로 겁이 많고 소심한 편. 천천히 신뢰를 쌓으면 잘 따름.,거창군 동물보호소,경상남도 거창군 거창읍 가실길 203  ,010-2617-6245,보호중,새끼,dog
4.48547E+14,믹스견,2026(60일미만)(년생),F,N,아직 어리지만 활발하고 에너지가 넘침. 낯선 환경에도 호기심이 많음.,거창군 동물보호소,경상남도 거창군 거창읍 가실길 203  ,010-2617-6245,보호중,새끼,dog
4.48547E+14,믹스견,2016(년생),F,N,나이가 들었지만 경계심이 있으나 천천히 마음을 열어감. 혼자 있는 것을 무서워함.,거창군 동물보호소,경상남도 거창군 거창읍 가실길 203  ,010-2617-6245,보호중,노령,dog
4.48547E+14,믹스견,2026(년생),F,N,"순함, 사람좋아함",거창군 동물보호소,경상남도 거창군 거창읍 가실길 203  ,010-2617-6245,보호중,새끼,dog
4.48541E+14,믹스견,2026(60일미만)(년생),F,N,호기심 왕성한 새끼로 활발하고 에너지가 넘침. 낯선 환경에도 호기심이 많음.,창녕 유기동물보호소,경상남도 창녕군 고암면 창밀로 335-26 (고암면) 고암면 억만리 28,010-5488-5003,보호중,새끼,dog
4.48541E+14,한국 고양이,2021(년생),F,Y,낯선 사람을 경계하나 익숙해지면 애교가 많음. 혼자 노는 것을 즐김.,창녕 유기동물보호소,경상남도 창녕군 고암면 창밀로 335-26 (고암면) 고암면 억만리 28,010-5488-5003,보호중,성체,cat
4.48541E+14,믹스견,2022(년생),M,N,경계심이 있으나 천천히 마음을 열어감. 혼자 있는 것을 무서워함.,창녕 유기동물보호소,경상남도 창녕군 고암면 창밀로 335-26 (고암면) 고암면 억만리 28,010-5488-5003,보호중,성체,dog
4.48539E+14,진도견,2023(년생),F,U,영리하고 판단력이 좋음. 혼자 있는 것도 잘 견딤.,의령군 동물보호센터,경상남도 의령군 의령읍 남강로 485-75  ,055-570-4203,보호중,성체,dog
4.48537E+14,믹스견,2026(년생),F,N,순함,거제시동물보호센터,경상남도 거제시 사등면 두동로1길 107  거제시동물보호센터,055-639-6368,보호중,새끼,dog
4.47522E+14,믹스견,2022(년생),M,N,순하고 입질이 없음. 보호자에 대한 의존도가 높음.,칠곡유기동물보호센터,경상북도 칠곡군 석적읍 포망로 341 (석적읍) ,054-973-5710,보호중,성체,dog
4.47522E+14,믹스견,2024(년생),F,N,겁이 많고 소심한 편. 천천히 신뢰를 쌓으면 잘 따름.,칠곡유기동물보호센터,경상북도 칠곡군 석적읍 포망로 341 (석적읍) ,054-973-5710,보호중,성체,dog
4.47521E+14,기타,2026(60일미만)(년생),F,N,"귀엽고, 사람좋아함, 활발함,",성주군동물보호센터,경상북도 성주군 선남면 선노로 522 (선남면) ,010-2949-6699,보호중,새끼,dog
4.47521E+14,노퍽 테리어,2026(60일미만)(년생),M,N,"귀엽고, 사람좋아함, 활발함",성주군동물보호센터,경상북도 성주군 선남면 선노로 522 (선남면) ,010-2949-6699,보호중,새끼,dog
4.47521E+14,기타,2026(60일미만)(년생),F,N,어린 나이에도 독립적이고 자기 페이스대로 생활함. 적응력이 좋음.,성주군동물보호센터,경상북도 성주군 선남면 선노로 522 (선남면) ,010-2949-6699,보호중,새끼,dog
4.47521E+14,기타,2026(년생),M,N,"귀엽고, 사람좋아함,예방접종완료",성주군동물보호센터,경상북도 성주군 선남면 선노로 522 (선남면) ,010-2949-6699,보호중,새끼,dog
4.47521E+14,기타,2026(60일미만)(년생),M,N,순하고 착함,성주군동물보호센터,경상북도 성주군 선남면 선노로 522 (선남면) ,010-2949-6699,보호중,새끼,dog
4.47521E+14,기타,2026(60일미만)(년생),M,N,순하고 귀여움,성주군동물보호센터,경상북도 성주군 선남면 선노로 522 (선남면) ,010-2949-6699,보호중,새끼,dog
4.47519E+14,믹스견,2026(60일미만)(년생),F,U,어린 나이에도 경계심이 있으나 천천히 마음을 열어감. 혼자 있는 것을 무서워함.,청도군동물보호센터,경상북도 청도군 청도읍 중앙로 84-466  동물보호센터,054-371-9267,보호중,새끼,dog
4.47519E+14,믹스견,2026(60일미만)(년생),F,U,어린 나이에도 순하고 입질이 없음. 보호자에 대한 의존도가 높음.,청도군동물보호센터,경상북도 청도군 청도읍 중앙로 84-466  동물보호센터,054-371-9267,보호중,새끼,dog
4.47519E+14,믹스견,2025(년생),F,U,아직 어리지만 온순하고 사람을 잘 따름. 겁이 약간 있으나 금방 적응함.,청도군동물보호센터,경상북도 청도군 청도읍 중앙로 84-466  동물보호센터,054-371-9267,보호중,새끼,dog
4.47519E+14,믹스견,2025(년생),F,U,어린 나이에도 겁이 많고 소심한 편. 천천히 신뢰를 쌓으면 잘 따름.,청도군동물보호센터,경상북도 청도군 청도읍 중앙로 84-466  동물보호센터,054-371-9267,보호중,새끼,dog
4.47518E+14,믹스묘,2026(60일미만)(년생),F,N,호기심 왕성한 새끼로 독립적이고 자유로운 성격. 자기 페이스대로 생활함.,영덕반려동물입양센터,경상북도 영덕군 영덕읍 중앙길 88-1  1층,054-733-7580,보호중,새끼,cat
4.47508E+14,믹스견,2026(60일미만)(년생),M,N,순함 / 2개월 추정,구미시 동물보호센터,경상북도 구미시 옥성면 선상동로 1358  애니멀 케어 센터,054-481-5809,보호중,새끼,dog
4.47506E+14,스핑크스,2025(년생),F,N,"미용 완료, 순하고 얌전함, 102번의 자묘",김천시 동물보호센터,경상북도 김천시 구성면 남김천대로 3296-22  하강리 44(김천시 유기동물보호센터),054-421-2547,보호중,새끼,dog
4.47506E+14,스핑크스,2025(년생),F,N,"미용 완료, 순하고 얌전함, 102번의 자묘",김천시 동물보호센터,경상북도 김천시 구성면 남김천대로 3296-22  하강리 44(김천시 유기동물보호센터),054-421-2547,보호중,새끼,dog
4.47506E+14,스핑크스,2022(년생),F,N,"미용 완료, 순하고 얌전함, 많이 뚱뚱함(임신 가능성 있어보임)",김천시 동물보호센터,경상북도 김천시 구성면 남김천대로 3296-22  하강리 44(김천시 유기동물보호센터),054-421-2547,보호중,성체,dog
4.47506E+14,믹스견,2023(년생),F,N,경계심 강하고 입질있음,김천시 동물보호센터,경상북도 김천시 구성면 남김천대로 3296-22  하강리 44(김천시 유기동물보호센터),054-421-2547,보호중,성체,dog
4.47506E+14,믹스견,2021(년생),M,N,활발하고 에너지가 넘침. 낯선 환경에도 호기심이 많음.,김천시 동물보호센터,경상북도 김천시 구성면 남김천대로 3296-22  하강리 44(김천시 유기동물보호센터),054-421-2547,보호중,성체,dog
4.47505E+14,믹스견,2023(년생),F,N,겁이 많아 경계심 심해요. 심장사상충 양성,경주동물사랑보호센터,경상북도 경주시 천북면 천북로 8-4  경주시 동물사랑보호센터,010-8889-2883,보호중,성체,dog
4.47505E+14,믹스견,2024(년생),F,N,겁이 많고 경계심 심해요 ,경주동물사랑보호센터,경상북도 경주시 천북면 천북로 8-4  경주시 동물사랑보호센터,010-8889-2883,보호중,성체,dog
4.47505E+14,믹스견,2024(년생),M,N,활발하고 사람을 좋아하는 강아지!!,경주동물사랑보호센터,경상북도 경주시 천북면 천북로 8-4  경주시 동물사랑보호센터,010-8889-2883,보호중,성체,dog
4.47505E+14,믹스견,2023(년생),F,N,겁은 많지만 온순해요. 심장사상충 양성,경주동물사랑보호센터,경상북도 경주시 천북면 천북로 8-4  경주시 동물사랑보호센터,010-8889-2883,보호중,성체,dog
4.47505E+14,믹스견,2023(년생),M,N,사납고 예민함. 만지기 어려움.,경주동물사랑보호센터,경상북도 경주시 천북면 천북로 8-4  경주시 동물사랑보호센터,010-8889-2883,보호중,성체,dog
4.47505E+14,믹스견,2023(년생),M,N,사납고 예민함. 만지기 어려움.,경주동물사랑보호센터,경상북도 경주시 천북면 천북로 8-4  경주시 동물사랑보호센터,010-8889-2883,보호중,성체,dog
4.47505E+14,믹스견,2014(년생),M,Y,노령임에도 활발하고 에너지가 넘침. 낯선 환경에도 호기심이 많음.,경주동물사랑보호센터,경상북도 경주시 천북면 천북로 8-4  경주시 동물사랑보호센터,010-8889-2883,종료(반환),노령,dog
4.47502E+14,말티즈,2019(년생),F,U,겁이 많고 낯선 환경을 무서워함. 익숙한 사람에게는 매우 다정함.,(사)영일동물플러스,경상북도 포항시 북구 흥해읍 덕장길 224 (흥해읍) ,054-262-8295,보호중,성체,dog
4.47502E+14,진도견,2024(년생),F,U,"사람이 너무 좋아서 꼬리가 풍차마냥 멈출 수 없음, 불랙탄 무늬가 또렷한 공주님",(사)영일동물플러스,경상북도 포항시 북구 흥해읍 덕장길 224 (흥해읍) ,054-262-8295,보호중,성체,dog
4.47502E+14,믹스견,2025(년생),F,U,"귀염뽀짝 여우상 쁘띠진도, 장난감 뜯는거 좋아하는 말괄량이 아가씨. 신고자 입양희망",(사)영일동물플러스,경상북도 포항시 북구 흥해읍 덕장길 224 (흥해읍) ,054-262-8295,보호중,새끼,dog
4.47502E+14,믹스견,2025(년생),M,N,호기심 왕성한 새끼로 온순하고 사람을 잘 따름. 겁이 약간 있으나 금방 적응함.,(사)영일동물플러스,경상북도 포항시 북구 흥해읍 덕장길 224 (흥해읍) ,054-262-8295,보호중,새끼,dog
4.46497E+14,믹스견,2026(60일미만)(년생),M,N,아직 어리지만 겁이 많고 소심한 편. 천천히 신뢰를 쌓으면 잘 따름.,영광동물보호센터,전라남도 영광군 불갑면 함영로 2755-48  ,010-9188-5525,보호중,새끼,dog
4.46497E+14,믹스견,2026(년생),F,N,아직 어리지만 겁이 많고 소심한 편. 천천히 신뢰를 쌓으면 잘 따름.,영광동물보호센터,전라남도 영광군 불갑면 함영로 2755-48  ,010-9188-5525,보호중,새끼,dog
4.46497E+14,믹스견,2026(년생),F,N,어린 나이에도 독립적이고 자기 의사 표현이 강함. 한 번 마음을 열면 충실함.,영광동물보호센터,전라남도 영광군 불갑면 함영로 2755-48  ,010-9188-5525,보호중,새끼,dog
4.46496E+14,믹스견,2025(년생),F,U,경계심,학교임시동물보호센터,전라남도 함평군 학교면 송산길 84 (학교면) 월산리 806-1 ,010-5649-3435,보호중,새끼,dog
4.46496E+14,믹스견,2024(년생),F,U,경계심,학교임시동물보호센터,전라남도 함평군 학교면 송산길 84 (학교면) 월산리 806-1 ,010-5649-3435,보호중,성체,dog
4.46496E+14,믹스견,2025(년생),M,U,경계심,학교임시동물보호센터,전라남도 함평군 학교면 송산길 84 (학교면) 월산리 806-1 ,010-5649-3435,보호중,새끼,dog
4.46495E+14,믹스견,2023(년생),F,U,온순하고 사람을 잘 따릅니다,무안군유기동물보호소,전라남도 무안군 무안읍 면주길 99  ,061-450-4495,보호중,성체,dog
4.46495E+14,믹스견,2026(60일미만)(년생),M,U,온순하고 사람을 잘 따릅니다,무안군유기동물보호소,전라남도 무안군 무안읍 면주길 99  ,061-450-4495,보호중,새끼,dog
4.46495E+14,믹스견,2024(년생),F,U,경계심이 많음.,무안군유기동물보호소,전라남도 무안군 무안읍 면주길 99  ,061-450-4495,종료(자연사),성체,dog
4.46495E+14,믹스견,2023(년생),F,U,온순하고 사람을 잘 따릅니다,무안군유기동물보호소,전라남도 무안군 무안읍 면주길 99  ,061-450-4495,보호중,성체,dog
4.46495E+14,믹스견,2025(년생),F,U,경계심이 많고 조용합니다,무안군유기동물보호소,전라남도 무안군 무안읍 면주길 99  ,061-450-4495,보호중,새끼,dog
4.46495E+14,믹스견,2024(년생),F,U,온순하고 사람을 잘 따릅니다,무안군유기동물보호소,전라남도 무안군 무안읍 면주길 99  ,061-450-4495,보호중,성체,dog
4.46495E+14,믹스견,2023(년생),Q,U,온순하고 사람을 잘 따릅니다,무안군유기동물보호소,전라남도 무안군 무안읍 면주길 99  ,061-450-4495,보호중,성체,dog
4.46482E+14,믹스묘,2025(년생),F,N,호기심 왕성한 새끼로 조용하고 관찰하는 것을 좋아함. 신중하게 행동함.,대한동물사랑협회,전라남도 순천시 상사면 민속마을길 978 (상사면) .,061-751-7565,보호중,새끼,cat
4.46482E+14,믹스견,2023(년생),M,N,겁이 많고 소심한 편. 천천히 신뢰를 쌓으면 잘 따름.,순천시유기동물보호소,"전라남도 순천시 승주읍 승주로 628 (승주읍, 농업기술센터) 순천시유기동물보호소",061-749-3094,보호중,성체,dog
4.46481E+14,믹스견,2024(년생),F,N,떠돌이견 추정 / 경계심 강함,반려동물보호센터,전라남도 여수시 여수산단로 292-62 (평여동) 반려동물보호센터,061-659-2474,보호중,성체,dog
4.45479E+14,믹스견,2023(년생),M,N,활발하고 에너지가 넘침. 낯선 환경에도 호기심이 많음.,부안군 동물보호센터,전북특별자치도 부안군 주산면 주산로 369  부안군 동물보호센터,063-580-4445,보호중,성체,dog
4.45479E+14,믹스견,2022(년생),M,N,겁이 많고 소심한 편. 천천히 신뢰를 쌓으면 잘 따름.,부안군 동물보호센터,전북특별자치도 부안군 주산면 주산로 369  부안군 동물보호센터,063-580-4445,보호중,성체,dog
4.45479E+14,믹스묘,2024(년생),Q,N,낯선 환경에 예민하게 반응함. 안정되면 애교가 넘침.,부안군 동물보호센터,전북특별자치도 부안군 주산면 주산로 369  부안군 동물보호센터,063-580-4445,보호중,성체,cat
4.45479E+14,믹스묘,2026(60일미만)(년생),Q,N,아직 어리지만 낯선 환경에 예민하게 반응함. 안정되면 애교가 넘침.,부안군 동물보호센터,전북특별자치도 부안군 주산면 주산로 369  부안군 동물보호센터,063-580-4445,보호중,새끼,cat
4.45472E+14,믹스견,2021(년생),F,N,경계심이 있으나 천천히 마음을 열어감. 혼자 있는 것을 무서워함.,완주군유기동물보호소,전북특별자치도 완주군 화산면 누하길 127  ,063-290-3248,보호중,성체,dog
4.45469E+14,믹스견,2024(년생),F,N,약간의 경계심있음,정읍시 동물보호소,전북특별자치도 정읍시 2산단5길 37-1 (하북동) ,063-535-6295,보호중,성체,dog
4.45469E+14,믹스견,2024(년생),F,N,약간의 경계심있음,정읍시 동물보호소,전북특별자치도 정읍시 2산단5길 37-1 (하북동) ,063-535-6295,보호중,성체,dog
4.45469E+14,믹스견,2026(60일미만)(년생),M,N,"약 3개월추정, 약간의 경계심있음",정읍시 동물보호소,전북특별자치도 정읍시 2산단5길 37-1 (하북동) ,063-535-6295,보호중,새끼,dog
4.45469E+14,믹스견,2016(년생),F,N,온순함,정읍시 동물보호소,전북특별자치도 정읍시 2산단5길 37-1 (하북동) ,063-535-6295,보호중,노령,dog
4.45469E+14,믹스견,2026(60일미만)(년생),F,N,"약 2개월추정, 온순하고 사람을 좋아함",정읍시 동물보호소,전북특별자치도 정읍시 2산단5길 37-1 (하북동) ,063-535-6295,보호중,새끼,dog
4.45469E+14,믹스견,2026(60일미만)(년생),F,N,"약 2개월추정, 온순하고 사람을 좋아함",정읍시 동물보호소,전북특별자치도 정읍시 2산단5길 37-1 (하북동) ,063-535-6295,보호중,새끼,dog
4.45469E+14,믹스견,2026(60일미만)(년생),F,N,"약 2개월추정, 온순하고 사람을 좋아함",정읍시 동물보호소,전북특별자치도 정읍시 2산단5길 37-1 (하북동) ,063-535-6295,보호중,새끼,dog
4.45469E+14,믹스견,2026(60일미만)(년생),F,N,"약 2개월추정, 온순하고 사람을 좋아함",정읍시 동물보호소,전북특별자치도 정읍시 2산단5길 37-1 (하북동) ,063-535-6295,보호중,새끼,dog
4.45469E+14,믹스견,2026(60일미만)(년생),M,N,"약 3개월추정, 약간의 경계심있음",정읍시 동물보호소,전북특별자치도 정읍시 2산단5길 37-1 (하북동) ,063-535-6295,보호중,새끼,dog
4.45469E+14,믹스견,2024(년생),F,N,경계심이강함,정읍시 동물보호소,전북특별자치도 정읍시 2산단5길 37-1 (하북동) ,063-535-6295,보호중,성체,dog
4.45469E+14,믹스견,2022(년생),F,N,온순하고 사람을 좋아함,정읍시 동물보호소,전북특별자치도 정읍시 2산단5길 37-1 (하북동) ,063-535-6295,보호중,성체,dog
4.45464E+14,한국 고양이,2026(60일미만)(년생),F,N,아직 어리지만 활발하고 호기심이 왕성함. 장난감에 관심이 많음.,동부동물병원,전라북도 전주시 완산구 경원동1가 3-10,063-231-2455,보호중,새끼,cat
4.45464E+14,한국 고양이,2026(60일미만)(년생),F,N,아직 어리지만 조용하고 차분함. 보호자 곁에 있는 것을 좋아함.,동부동물병원,전라북도 전주시 완산구 경원동1가 3-10,063-231-2455,보호중,새끼,cat
4.45464E+14,한국 고양이,2026(60일미만)(년생),F,N,어린 나이에도 겁이 많고 숨는 것을 좋아함. 안전한 공간에서만 활동함.,동부동물병원,전라북도 전주시 완산구 경원동1가 3-10,063-231-2455,보호중,새끼,cat
4.45464E+14,믹스견,2024(년생),M,N,예민하고 낯선 사람을 경계함. 혼자만의 공간을 선호함.,박영재동물병원,전라북도 전주시 완산구 전주천서로 111 (서서학동) ,063-284-7774,종료(반환),성체,dog
4.44568E+14,한국 고양이,2023(년생),F,Y,예민하고 환경 변화에 민감함. 익숙한 환경에서 안정적임.,당진시동물보호소,충청남도 당진시 고대면 삼포길 180  ,041-356-8210,보호중,성체,cat
4.44568E+14,한국 고양이,2020(년생),M,U,"구내염,구순염,극심한 탈수,극심한 영양결핍상태",당진시동물보호소,충청남도 당진시 고대면 삼포길 180  ,041-356-8210,보호중,성체,cat
4.44558E+14,믹스견,2026(년생),F,U,어린 나이에도 장난기가 많고 놀기를 좋아함. 사람과 함께 있는 것을 즐김.,주동물병원,충청남도 계룡시 계룡대로 245 (금암동) 1층,042-840-2653,보호중,새끼,dog
4.44462E+14,믹스견,2026(년생),M,N,"겁이 많음,야생동물 접촉으로 개선충 감염,털빠짐 증상",최동물병원,충청남도 태안군 태안읍 남문리 504-6,041-672-0346,보호중,새끼,dog
4.44462E+14,믹스견,2024(년생),F,N,예민하고 낯선 사람을 경계함. 혼자만의 공간을 선호함.,최동물병원,충청남도 태안군 태안읍 남문리 504-6,041-672-0346,보호중,성체,dog
4.44462E+14,믹스견,2023(년생),M,N,얌전하고 잘따름,최동물병원,충청남도 태안군 태안읍 남문리 504-6,041-672-0346,보호중,성체,dog
4.44452E+14,시바,2025(년생),F,U,호기심 왕성한 새끼로 독립적이고 깔끔함. 낯선 사람에게 경계심이 강함.,아산동물복지지원센터,충청남도 아산시 환경공원로 158 (배미동) ,041-530-6200,종료(반환),새끼,dog
4.44451E+14,믹스견,2021(년생),M,N,순하고 입질이 없음. 보호자에 대한 의존도가 높음.,보령시유기동물보호소,충청남도 보령시 대천방조제로 322 (대천동) 보령시시설관리공단 내 좌측 생태공원2,010-5427-7210,종료(반환),성체,dog
4.44451E+14,한국 고양이,2026(60일미만)(년생),F,N,아직 어리지만 조용하고 차분함. 보호자 곁에 있는 것을 좋아함.,보령길고양이보호협회,충청남도 보령시 남대천로 91 (대천동) 상가동 201호,010-9942-9901,보호중,새끼,cat
4.44451E+14,한국 고양이,2026(60일미만)(년생),M,N,호기심 왕성한 새끼로 예민하고 환경 변화에 민감함. 익숙한 환경에서 안정적임.,보령길고양이보호협회,충청남도 보령시 남대천로 91 (대천동) 상가동 201호,010-9942-9901,보호중,새끼,cat
4.44451E+14,한국 고양이,2026(60일미만)(년생),M,N,어린 나이에도 독립적이고 자기 영역 의식이 강함. 조용하고 관찰하는 것을 좋아함.,보령길고양이보호협회,충청남도 보령시 남대천로 91 (대천동) 상가동 201호,010-9942-9901,보호중,새끼,cat
4.44451E+14,한국 고양이,2026(60일미만)(년생),F,N,아직 어리지만 독립적이고 자기 영역 의식이 강함. 조용하고 관찰하는 것을 좋아함.,보령길고양이보호협회,충청남도 보령시 남대천로 91 (대천동) 상가동 201호,010-9942-9901,보호중,새끼,cat
4.4445E+14,푸들,2025(년생),F,U,어린 나이에도 감수성이 풍부하고 보호자에게 애착이 강함. 새로운 것을 잘 배움.,공주시 동물보호센터,충청남도 공주시 우성면 내산목천길 52-15  ,041-840-3495,보호중,새끼,dog
4.44449E+14,비숑 프리제,2021(년생),F,U,"순함, 미용되어 있음 ",천안시 동물보호센터,"충청남도 천안시 동남구 목천읍 충절로 577  문의전화 : 입양(010-5913-5119), 구조(010-4999-6119)",010-5913-5119,보호중,성체,dog
4.44449E+14,말티즈,2018(년생),F,N,"순함, 우측 결막염, 우측 3, 좌측 5 유선종양, 유치 잔존(우측 송곳니)",천안시 동물보호센터,"충청남도 천안시 동남구 목천읍 충절로 577  문의전화 : 입양(010-5913-5119), 구조(010-4999-6119)",010-5913-5119,보호중,노령,dog
4.44449E+14,믹스견,2024(년생),F,N,"좌측후지 덫 걸린채 뼈가 드러나있음, 겁 있으나 순함",천안시 동물보호센터,"충청남도 천안시 동남구 목천읍 충절로 577  문의전화 : 입양(010-5913-5119), 구조(010-4999-6119)",010-5913-5119,보호중,성체,dog
4.43571E+14,치와와,2026(년생),M,N,어린 나이에도 보호자에 대한 애착이 강하고 충성스러움. 낯선 사람에게 경계심을 보임.,반려동물보호센터,충청북도 청주시 흥덕구 강내면 서부로 411-23  청주시 반려동물 보호센터,043-201-2298,종료(반환),새끼,dog
4.43447E+14,믹스견,2026(60일미만)(년생),F,N,어린 나이에도 온순하고 사람을 잘 따름. 겁이 약간 있으나 금방 적응함.,음성군 동물보호센터,충청북도 음성군 삼성면 대금로 715-5  ,043-877-3081,보호중,새끼,dog
4.43447E+14,믹스견,2026(60일미만)(년생),F,N,아직 어리지만 겁이 많고 소심한 편. 천천히 신뢰를 쌓으면 잘 따름.,음성군 동물보호센터,충청북도 음성군 삼성면 대금로 715-5  ,043-877-3081,보호중,새끼,dog
4.43447E+14,믹스견,2026(60일미만)(년생),M,N,아직 어리지만 독립적이고 자기 의사 표현이 강함. 한 번 마음을 열면 충실함.,음성군 동물보호센터,충청북도 음성군 삼성면 대금로 715-5  ,043-877-3081,보호중,새끼,dog
4.43447E+14,믹스견,2026(60일미만)(년생),M,N,아직 어리지만 겁이 많고 소심한 편. 천천히 신뢰를 쌓으면 잘 따름.,음성군 동물보호센터,충청북도 음성군 삼성면 대금로 715-5  ,043-877-3081,보호중,새끼,dog
4.43447E+14,믹스견,2024(년생),F,N,성격이 온순한 편입니다,음성군 동물보호센터,충청북도 음성군 삼성면 대금로 715-5  ,043-877-3081,보호중,성체,dog
4.43445E+14,믹스견,2026(60일미만)(년생),M,U,호기심 왕성한 새끼로 경계심이 있으나 천천히 마음을 열어감. 혼자 있는 것을 무서워함.,증평 가정견 훈련소,충청북도 증평군 도안면 입장길 239  ,010-3169-1151,보호중,새끼,dog
4.43443E+14,시츄,2012(년생),M,Y,나이가 들었지만 애교가 많고 사람을 잘 따름. 낯선 환경에 적응을 잘 함.,옥천동물병원,"충청북도 옥천군 옥천읍 삼금로 53 (옥천읍, 동물병원) 옥천동물병원",010-8843-8844,보호중,노령,dog
4.42434E+14,진도견,2023(년생),F,N,충성심이 강하고 주인에게 헌신적임. 낯선 사람에게는 경계심이 강함.,고성군 동물보호센터,강원특별자치도 고성군 간성읍 진부령로 2768-10  ,033-680-4173,보호중,성체,dog
4.42434E+14,믹스견,2025(년생),M,N,조용하고 얌전함 ,고성군 동물보호센터,강원특별자치도 고성군 간성읍 진부령로 2768-10  ,033-680-4172,보호중,새끼,dog
4.42427E+14,믹스견,2026(60일미만)(년생),F,U,호기심 왕성한 새끼로 활발하고 에너지가 넘침. 낯선 환경에도 호기심이 많음.,영월군 동물보호센터,강원특별자치도 영월군 남면 갈골길 12  영월군 동물보호센터,033-374-4983,보호중,새끼,dog
4.42425E+14,믹스견,2022(년생),F,U,예민함,홍천군유기동물보호소,"강원도 홍천군 화촌면 둔덕이길 68 (화촌면, 홍천군유기동물보호센터) ",033-434-9435,보호중,성체,dog
4.42418E+14,포메라니안,2017(년생),M,U,"온순,칩있음,한쪽눈없음",춘천시 동물보호센터,강원도 춘천시 신북읍 영서로 3282 (신북읍) (전)102보충대 주차장,033-245-5351,보호중,노령,dog
4.42418E+14,믹스견,2022(년생),M,U,경계심이 있으나 천천히 마음을 열어감. 혼자 있는 것을 무서워함.,춘천시 동물보호센터,강원도 춘천시 신북읍 영서로 3282 (신북읍) (전)102보충대 주차장,033-245-5351,보호중,성체,dog
4.4157E+14,믹스견,2026(60일미만)(년생),F,N,"매우온순함, 포유",위더스 동물보호센터,경기도 여주시 여양2로 42 (천송동) ,031-882-4381,보호중,새끼,dog
4.4157E+14,믹스견,2026(60일미만)(년생),F,N,"매우온순함, 포유",위더스 동물보호센터,경기도 여주시 여양2로 42 (천송동) ,031-882-4381,보호중,새끼,dog
4.4157E+14,믹스견,2026(60일미만)(년생),M,N,"매우온순함, 포유",위더스 동물보호센터,경기도 여주시 여양2로 42 (천송동) ,031-882-4381,보호중,새끼,dog
4.4157E+14,믹스견,2026(60일미만)(년생),F,N,"매우온순함, 포유",위더스 동물보호센터,경기도 여주시 여양2로 42 (천송동) ,031-882-4381,보호중,새끼,dog
4.4157E+14,믹스견,2026(60일미만)(년생),F,N,"매우온순함, 포유",위더스 동물보호센터,경기도 여주시 여양2로 42 (천송동) ,031-882-4381,보호중,새끼,dog
4.4157E+14,믹스견,2026(60일미만)(년생),M,N,"사람을 좋아하며, 매우온순함",위더스 동물보호센터,경기도 여주시 여양2로 42 (천송동) ,031-882-4381,보호중,새끼,dog
4.4157E+14,믹스견,2026(60일미만)(년생),M,N,"사람을 좋아하며, 매우온순함",위더스 동물보호센터,경기도 여주시 여양2로 42 (천송동) ,031-882-4381,보호중,새끼,dog
4.4157E+14,한국 고양이,2024(년생),M,N,조용하고 차분함. 보호자 곁에 있는 것을 좋아함.,위더스 동물보호센터,경기도 여주시 여양2로 42 (천송동) ,031-882-4381,보호중,성체,cat
4.4157E+14,믹스견,2026(년생),F,N,"온순함, 좌측 후지 교상",위더스 동물보호센터,경기도 여주시 여양2로 42 (천송동) ,031-882-4381,보호중,새끼,dog
4.41553E+14,한국 고양이,2026(60일미만)(년생),Q,N,너무 순하고 얌전한 성격의 사람 손 탄 귀여운 아기고등어냥이/완전 미묘임/핑크코가 너무 귀여움,화성시민동물보호센터,경기도 화성시 서신면 전곡항로 492  ,010-3969-1034,보호중,새끼,cat
4.41553E+14,한국 고양이,2026(60일미만)(년생),Q,N,순하고 사람 손 탄듯한 너무 이쁜 아기냥이/눈꼬리가 올라가서 너무 이쁘고 매력적임,화성시민동물보호센터,경기도 화성시 서신면 전곡항로 492  ,010-3969-1034,보호중,새끼,cat
4.41408E+14,믹스견,2026(60일미만)(년생),F,N,호기심 왕성한 새끼로 예민하고 낯선 사람을 경계함. 혼자만의 공간을 선호함.,안성시동물보호센터,경기도 안성시 보개원삼로 157 (가사동) 미래동물병원,031-673-5491,보호중,새끼,dog
4.41408E+14,믹스견,2026(60일미만)(년생),M,N,어린 나이에도 활발하고 에너지가 넘침. 낯선 환경에도 호기심이 많음.,안성시동물보호센터,경기도 안성시 보개원삼로 157 (가사동) 미래동물병원,031-673-5491,보호중,새끼,dog
4.41408E+14,믹스견,2026(60일미만)(년생),F,N,아직 어리지만 독립적이고 자기 의사 표현이 강함. 한 번 마음을 열면 충실함.,안성시동물보호센터,경기도 안성시 보개원삼로 157 (가사동) 미래동물병원,031-673-5491,보호중,새끼,dog
4.41408E+14,믹스견,2024(년생),F,N,겁이 많고 소심한 편. 천천히 신뢰를 쌓으면 잘 따름.,안성시동물보호센터,경기도 안성시 보개원삼로 157 (가사동) 미래동물병원,031-673-5491,보호중,성체,dog
4.41399E+14,푸들,2016(년생),M,Y,겁이 많지만 사람의 손길을 피하지 않음,남양주시동물보호센터,경기도 남양주시 경강로163번길 32-27 (이패동) ,031-590-2785,보호중,노령,dog
4.41397E+14,기타축종,2026(년생),Q,U,호기심 왕성한 새끼로 온순하고 순함. 사람을 잘 따름.,한국야생동물보호협회,경기도 안산시 상록구 청곡길 50 (부곡동) (사)한국야생동물보호협회,031-296-0124,보호중,새끼,dog
4.41393E+14,믹스견,2026(60일미만)(년생),M,N,순함,한국야생동물보호협회,경기도 안산시 상록구 청곡길 50 (부곡동) 안산시 상록구 부곡동 231-5,031-296-0124,보호중,새끼,dog
4.41393E+14,한국 고양이,2025(년생),Q,U,아직 어리지만 겁이 많고 숨는 것을 좋아함. 안전한 공간에서만 활동함.,한국야생동물보호협회,경기도 안산시 상록구 청곡길 50 (부곡동) 안산시 상록구 부곡동 231-5,031-296-0124,보호중,새끼,cat
4.41393E+14,한국 고양이,2026(년생),F,N,호기심 왕성한 새끼로 조용하고 차분함. 보호자 곁에 있는 것을 좋아함.,한국야생동물보호협회,경기도 안산시 상록구 청곡길 50 (부곡동) 안산시 상록구 부곡동 231-5,031-296-0124,보호중,새끼,cat
4.41393E+14,한국 고양이,2026(년생),F,N,호기심 왕성한 새끼로 조용하고 차분함. 보호자 곁에 있는 것을 좋아함.,한국야생동물보호협회,경기도 안산시 상록구 청곡길 50 (부곡동) 안산시 상록구 부곡동 231-5,031-296-0124,보호중,새끼,cat
4.41393E+14,한국 고양이,2026(년생),F,N,아직 어리지만 조용하고 차분함. 보호자 곁에 있는 것을 좋아함.,한국야생동물보호협회,경기도 안산시 상록구 청곡길 50 (부곡동) 안산시 상록구 부곡동 231-5,031-296-0124,보호중,새끼,cat
4.41393E+14,한국 고양이,2026(년생),F,N,어린 나이에도 활발하고 호기심이 왕성함. 장난감에 관심이 많음.,한국야생동물보호협회,경기도 안산시 상록구 청곡길 50 (부곡동) 안산시 상록구 부곡동 231-5,031-296-0124,보호중,새끼,cat
4.41393E+14,한국 고양이,2026(년생),F,N,호기심 왕성한 새끼로 독립적이고 자기 영역 의식이 강함. 조용하고 관찰하는 것을 좋아함.,한국야생동물보호협회,경기도 안산시 상록구 청곡길 50 (부곡동) 안산시 상록구 부곡동 231-5,031-296-0124,보호중,새끼,cat
4.41393E+14,한국 고양이,2026(년생),F,N,어린 나이에도 활발하고 호기심이 왕성함. 장난감에 관심이 많음.,한국야생동물보호협회,경기도 안산시 상록구 청곡길 50 (부곡동) 안산시 상록구 부곡동 231-5,031-296-0124,보호중,새끼,cat
4.41393E+14,한국 고양이,2026(년생),M,N,호기심 왕성한 새끼로 겁이 많고 숨는 것을 좋아함. 안전한 공간에서만 활동함.,한국야생동물보호협회,경기도 안산시 상록구 청곡길 50 (부곡동) 안산시 상록구 부곡동 231-5,031-296-0124,보호중,새끼,cat
4.41393E+14,한국 고양이,2026(년생),M,N,어린 나이에도 독립적이고 자기 영역 의식이 강함. 조용하고 관찰하는 것을 좋아함.,한국야생동물보호협회,경기도 안산시 상록구 청곡길 50 (부곡동) 안산시 상록구 부곡동 231-5,031-296-0124,보호중,새끼,cat
4.41393E+14,한국 고양이,2026(년생),F,N,어린 나이에도 독립적이고 자기 영역 의식이 강함. 조용하고 관찰하는 것을 좋아함.,한국야생동물보호협회,경기도 안산시 상록구 청곡길 50 (부곡동) 안산시 상록구 부곡동 231-5,031-296-0124,보호중,새끼,cat
4.41393E+14,기타축종,2026(년생),Q,U,호기심 왕성한 새끼로 온순하고 순함. 사람을 잘 따름.,한국야생동물보호협회,경기도 안산시 상록구 청곡길 50 (부곡동) 안산시 상록구 부곡동 231-5,031-296-0124,보호중,새끼,dog
4.41393E+14,코카 푸,2020(년생),M,Y,"순함,검정목줄",한국야생동물보호협회,경기도 안산시 상록구 청곡길 50 (부곡동) 안산시 상록구 부곡동 231-5,031-296-0124,종료(반환),성체,dog
4.41393E+14,말티즈,2015(년생),M,Y,"순함,피부질환있음",한국야생동물보호협회,경기도 안산시 상록구 청곡길 50 (부곡동) 안산시 상록구 부곡동 231-5,031-296-0124,종료(반환),노령,dog
4.41393E+14,한국 고양이,2026(년생),M,N,어린 나이에도 예민하고 환경 변화에 민감함. 익숙한 환경에서 안정적임.,한국야생동물보호협회,경기도 안산시 상록구 청곡길 50 (부곡동) 안산시 상록구 부곡동 231-5,031-296-0124,보호중,새끼,cat
4.41393E+14,한국 고양이,2026(년생),M,N,아직 어리지만 낯선 사람을 경계하나 익숙해지면 애교가 많음. 혼자 노는 것을 즐김.,한국야생동물보호협회,경기도 안산시 상록구 청곡길 50 (부곡동) 안산시 상록구 부곡동 231-5,031-296-0124,보호중,새끼,cat
4.41393E+14,한국 고양이,2026(년생),M,N,호기심 왕성한 새끼로 겁이 많고 숨는 것을 좋아함. 안전한 공간에서만 활동함.,한국야생동물보호협회,경기도 안산시 상록구 청곡길 50 (부곡동) 안산시 상록구 부곡동 231-5,031-296-0124,보호중,새끼,cat
4.41393E+14,한국 고양이,2026(년생),M,N,호기심 왕성한 새끼로 겁이 많고 숨는 것을 좋아함. 안전한 공간에서만 활동함.,한국야생동물보호협회,경기도 안산시 상록구 청곡길 50 (부곡동) 안산시 상록구 부곡동 231-5,031-296-0124,보호중,새끼,cat
4.41393E+14,한국 고양이,2026(년생),F,N,호기심 왕성한 새끼로 낯선 사람을 경계하나 익숙해지면 애교가 많음. 혼자 노는 것을 즐김.,한국야생동물보호협회,경기도 안산시 상록구 청곡길 50 (부곡동) 안산시 상록구 부곡동 231-5,031-296-0124,보호중,새끼,cat
4.41393E+14,한국 고양이,2026(년생),F,N,호기심 왕성한 새끼로 활발하고 호기심이 왕성함. 장난감에 관심이 많음.,한국야생동물보호협회,경기도 안산시 상록구 청곡길 50 (부곡동) 안산시 상록구 부곡동 231-5,031-296-0124,보호중,새끼,cat
4.41393E+14,한국 고양이,2026(년생),M,N,호기심 왕성한 새끼로 활발하고 호기심이 왕성함. 장난감에 관심이 많음.,한국야생동물보호협회,경기도 안산시 상록구 청곡길 50 (부곡동) 안산시 상록구 부곡동 231-5,031-296-0124,보호중,새끼,cat
4.41393E+14,한국 고양이,2026(년생),M,N,아직 어리지만 낯선 사람을 경계하나 익숙해지면 애교가 많음. 혼자 노는 것을 즐김.,한국야생동물보호협회,경기도 안산시 상록구 청곡길 50 (부곡동) 안산시 상록구 부곡동 231-5,031-296-0124,보호중,새끼,cat
4.41391E+14,믹스견,2026(년생),M,N,3개월령 순둥순둥 너무 예쁘고 귀여움..,평택시동물보호센터,경기도 평택시 청북읍 청북로 497  ,031-8024-8080,보호중,새끼,dog
4.41378E+14,믹스견,2025(년생),F,U,아직 어리지만 순하고 입질이 없음. 보호자에 대한 의존도가 높음.,펫앤쉘터동물병원,"경기도 성남시 분당구 불정로 266 (수내동, 유신제일조합) ",031-714-8392,종료(반환),새끼,dog
4.41378E+14,포메라니안,2018(년생),F,U,나이가 들었지만 호기심이 왕성하고 에너지가 넘침. 낯선 사람에게도 쉽게 다가감.,펫앤쉘터동물병원,"경기도 성남시 분당구 불정로 266 (수내동, 유신제일조합) ",031-714-8392,보호중,노령,dog
4.31373E+14,믹스견,2025(년생),F,U,"순함, 왼쪽 앞발톱 상처있음",울산유기동물보호센터,울산광역시 울주군 온양읍 발리 1144,052-238-6113,보호중,새끼,dog
4.31371E+14,한국 고양이,2026(60일미만)(년생),M,N,"순함,약간기침,약간 눈안좋음",일산동물의료센터,울산광역시 동구 방어진순환도로 645 (일산동) ,052-252-5878,보호중,새끼,cat
4.3137E+14,한국 고양이,2026(60일미만)(년생),M,N,호기심 왕성한 새끼로 겁이 많고 숨는 것을 좋아함. 안전한 공간에서만 활동함.,강남동물병원,울산광역시 남구 돋질로 232 (달동) 1층,052-271-0075,보호중,새끼,cat
4.3137E+14,한국 고양이,2026(60일미만)(년생),F,N,호기심 왕성한 새끼로 활발하고 호기심이 왕성함. 장난감에 관심이 많음.,강남동물병원,울산광역시 남구 돋질로 232 (달동) 1층,052-271-0075,보호중,새끼,cat
4.31369E+14,한국 고양이,2024(년생),M,N,활발하고 호기심이 왕성함. 장난감에 관심이 많음.,산타클라라동물병원,울산광역시 중구 다운로 1 (다운동) ,052-244-4296,보호중,성체,cat
4.2936E+14,치와와,2021(년생),F,N,보호자에 대한 애착이 강하고 충성스러움. 낯선 사람에게 경계심을 보임.,광주동물보호센터,광주광역시 북구 본촌마을길 25-1 (본촌동) 광주동물보호센터,062-613-6770,종료(반환),성체,dog
4.28354E+14,한국 고양이,2026(60일미만)(년생),Q,N,어린 나이에도 낯선 사람을 경계하나 익숙해지면 애교가 많음. 혼자 노는 것을 즐김.,삼산종합동물병원,인천광역시 부평구 체육관로 40 (삼산동) ,032-330-0075,보호중,새끼,cat
4.28354E+14,한국 고양이,2026(60일미만)(년생),Q,N,아직 어리지만 겁이 많고 숨는 것을 좋아함. 안전한 공간에서만 활동함.,삼산종합동물병원,인천광역시 부평구 체육관로 40 (삼산동) ,032-330-0075,보호중,새끼,cat
4.28354E+14,한국 고양이,2026(60일미만)(년생),Q,N,어린 나이에도 예민하고 환경 변화에 민감함. 익숙한 환경에서 안정적임.,삼산종합동물병원,인천광역시 부평구 체육관로 40 (삼산동) ,032-330-0075,보호중,새끼,cat
4.28354E+14,한국 고양이,2026(60일미만)(년생),Q,N,아직 어리지만 겁이 많고 숨는 것을 좋아함. 안전한 공간에서만 활동함.,삼산종합동물병원,인천광역시 부평구 체육관로 40 (삼산동) ,032-330-0075,보호중,새끼,cat
4.27514E+14,믹스견,2026(60일미만)(년생),M,N,순하고 사람 엄청 잘 따름,군위종합동물병원,대구광역시 군위군 군위읍 군청로 49-18  1층,010-5121-3193,보호중,새끼,dog
4.27514E+14,믹스견,2025(년생),F,N,공격성이 강하고 손을 타지 않음,군위종합동물병원,대구광역시 군위군 군위읍 군청로 49-18  1층,010-5121-3193,보호중,새끼,dog
4.27347E+14,한국 고양이,2026(60일미만)(년생),Q,N,어린 나이에도 활발하고 호기심이 왕성함. 장난감에 관심이 많음.,대구유기동물보호협회,대구광역시 동구 금강로 151-13 (금강동) ,053-964-6258,종료(자연사),새끼,cat
4.27346E+14,보더 콜리,2021(년생),F,U,보호자 사정으로 유기동물 보호소로 오게 되었어요.경계심이 조금 있으나 만지면 바로 순해져요..,제니스동물병원,대구광역시 수성구 달구벌대로 2475 (범어동) ,053-756-8293,보호중,성체,dog
4.27346E+14,진도견,2026(60일미만)(년생),F,N,호기심 왕성한 새끼로 독립적이고 자존심이 강함. 한 번 신뢰한 사람에게는 매우 충실함.,제니스동물병원,대구광역시 수성구 달구벌대로 2475 (범어동) ,053-756-8293,보호중,새끼,dog
4.27346E+14,한국 고양이,2026(60일미만)(년생),F,N,어린 나이에도 활발하고 호기심이 왕성함. 장난감에 관심이 많음.,제니스동물병원,대구광역시 수성구 달구벌대로 2475 (범어동) ,053-756-8293,보호중,새끼,cat
4.27346E+14,한국 고양이,2025(년생),F,N,어린 나이에도 조용하고 차분함. 보호자 곁에 있는 것을 좋아함.,세인트동물병원,대구광역시 수성구 청호로 484 (만촌동) ,053-744-8285,종료(안락사),새끼,cat
4.27346E+14,한국 고양이,2026(년생),F,N,호기심 왕성한 새끼로 독립적이고 자기 영역 의식이 강함. 조용하고 관찰하는 것을 좋아함.,세인트동물병원,대구광역시 수성구 청호로 484 (만촌동) ,053-744-8285,종료(안락사),새끼,cat
4.27346E+14,터키시 앙고라,2024(년생),Q,U,경계심 있어요. 예뻐요.,금강동물병원,대구광역시 수성구 동원로 150 (만촌동) 금강동물병원,053-746-7111,보호중,성체,dog
4.27345E+14,포메라니안,(년생),M,Y,호기심이 왕성하고 에너지가 넘침. 낯선 사람에게도 쉽게 다가감.,대구유기동물보호협회,대구광역시 동구 금강로 151-13 (금강동) ,053-964-6258,종료(반환),성체,dog
4.26338E+14,기타축종,2026(60일미만)(년생),Q,U,"순함, 흰색",(사)동부동물보호협회,부산광역시 해운대구 송정2로13번길 46 (송정동) ,051-701-7599,보호중,새끼,dog
4.26334E+14,믹스견,2024(년생),M,N,"경계심과공격성이강함,들개서식지에서구조,진드기도포",부산동물보호센터,부산광역시 강서구 맥도강변길 752-15 (대저2동) ,051-832-7119,보호중,성체,dog
4.45472E+14,한국 고양이,2025(년생),M,N,아직 어리지만 독립적이고 자기 영역 의식이 강함. 조용하고 관찰하는 것을 좋아함.,완주군유기동물보호소,전북특별자치도 완주군 화산면 누하길 127  ,063-290-3248,종료(자연사),새끼,cat
4.5065E+14,페르시안,2024(년생),M,Y,독립적이고 우아한 성격. 혼자만의 시간을 즐김.,제2동물보호센터,제주특별자치도 제주시 애월읍 어림비로 616-107  ,064-710-4805,보호중,성체,dog
4.44452E+14,믹스묘,2022(년생),F,U,활발하고 탐색하기를 좋아함. 호기심이 많음.,아산동물복지지원센터,충청남도 아산시 환경공원로 158 (배미동) ,041-530-6200,보호중,성체,cat
4.29361E+14,한국 고양이,2026(60일미만)(년생),F,N,호기심 왕성한 새끼로 활발하고 호기심이 왕성함. 장난감에 관심이 많음.,광주동물보호센터,광주광역시 북구 본촌마을길 25-1 (본촌동) 광주동물보호센터,062-613-6770,보호중,새끼,cat
4.45469E+14,믹스견,2026(60일미만)(년생),M,N,"약 2개월추정, 온순하고 사람을 좋아함",정읍시 동물보호소,전북특별자치도 정읍시 2산단5길 37-1 (하북동) ,063-535-6295,보호중,새끼,dog
4.45469E+14,믹스견,2026(60일미만)(년생),M,N,"약 2개월추정, 온순하고 사람을 좋아함",정읍시 동물보호소,전북특별자치도 정읍시 2산단5길 37-1 (하북동) ,063-535-6295,보호중,새끼,dog
4.45469E+14,믹스견,2026(60일미만)(년생),F,N,"약 2개월추정, 온순하고 사람을 좋아함",정읍시 동물보호소,전북특별자치도 정읍시 2산단5길 37-1 (하북동) ,063-535-6295,보호중,새끼,dog
4.45469E+14,믹스견,2026(60일미만)(년생),F,N,"약 2개월추정, 온순하고 사람을 좋아함",정읍시 동물보호소,전북특별자치도 정읍시 2산단5길 37-1 (하북동) ,063-535-6295,보호중,새끼,dog
4.44454E+14,믹스견,2026(60일미만)(년생),F,N,"개선충,모질상태불량,눈곱심함,온순함",논산시 동물보호센터,충청남도 논산시 계백로665번길 100 (등화동) 논산시 동물보호센터,041-746-8470,보호중,새끼,dog
4.43446E+14,한국 고양이,2023(년생),M,U,"사납고 공격적임, 경계심 많은",괴산증평동물보호센터,충청북도 증평군 도안면 입장길 239 (도안면) ,010-3169-1151,보호중,성체,cat
4.43446E+14,믹스견,2026(60일미만)(년생),M,U,호기심 왕성한 새끼로 경계심이 있으나 천천히 마음을 열어감. 혼자 있는 것을 무서워함.,괴산증평동물보호센터,충청북도 증평군 도안면 입장길 239 (도안면) ,010-3169-1151,보호중,새끼,dog
4.43446E+14,믹스견,2026(년생),M,U,어린 나이에도 독립적이고 자기 의사 표현이 강함. 한 번 마음을 열면 충실함.,괴산증평동물보호센터,충청북도 증평군 도안면 입장길 239 (도안면) ,010-3169-1151,보호중,새끼,dog
4.43445E+14,한국 고양이,2024(년생),F,U,조용하고 차분함. 보호자 곁에 있는 것을 좋아함.,증평 가정견 훈련소,충청북도 증평군 도안면 입장길 239  ,010-3169-1151,보호중,성체,cat
4.30367E+14,말티즈,2023(년생),M,N,영리하고 눈치가 빠름. 감정 표현이 풍부함.,대전동물보호센터,대전광역시 유성구 금남구즉로 1234 (금고동) 대전광역시 동물보호센터,042-270-7239,보호중,성체,dog
4.46483E+14,믹스견,2020(년생),F,N,나무에 리드줄로 묶여있음 구조. 온순함,나주유기동물보호센터,전라남도 나주시 산포면 내기3길 71-43 [*미고시] ,010-2331-7377,보호중,성체,dog
4.46483E+14,믹스견,2025(년생),F,N,아직 어리지만 순하고 입질이 없음. 보호자에 대한 의존도가 높음.,나주유기동물보호센터,전라남도 나주시 산포면 내기3길 71-43 [*미고시] ,010-2331-7377,보호중,새끼,dog
4.4242E+14,믹스견,2026(년생),M,N,아직 어리지만 활발하고 에너지가 넘침. 낯선 환경에도 호기심이 많음.,강릉시 동물사랑센터,강원도 강릉시 성산면 내맬길 172  ,033-641-7515,보호중,새끼,dog
4.30364E+14,푸들,2026(년생),M,U,호기심 왕성한 새끼로 영리하고 훈련 능력이 뛰어남. 사람을 매우 좋아하고 붙임성이 있음.,대전동물보호센터,대전광역시 유성구 금남구즉로 1234 (금고동) 대전광역시 동물보호센터,042-270-7239,보호중,새끼,dog
4.30364E+14,기타,2024(년생),F,U,독립적이고 자기 페이스대로 생활함. 적응력이 좋음.,대전동물보호센터,대전광역시 유성구 금남구즉로 1234 (금고동) 대전광역시 동물보호센터,042-270-7239,보호중,성체,dog
4.28353E+14,말티즈,2023(년생),M,N,겁이 많고 낯선 환경을 무서워함. 익숙한 사람에게는 매우 다정함.,보람동물병원,인천광역시 남동구 문화서로3번길 7 (구월동) ,032-429-1673,보호중,성체,dog
4.28351E+14,말티즈,2026(60일미만)(년생),M,N,호기심 왕성한 새끼로 온순하고 애교가 많음. 보호자에게 매우 의존적임.,경동동물병원,인천광역시 중구 개항로 68 (경동) ,032-765-9988,보호중,새끼,dog
4.28349E+14,믹스견,2026(60일미만)(년생),M,U,호기심 왕성한 새끼로 활발하고 에너지가 넘침. 낯선 환경에도 호기심이 많음.,신공항동물병원,인천광역시 중구 운남동로3번길 9 (운남동) ,032-751-4598,보호중,새끼,dog
4.28349E+14,믹스견,2026(60일미만)(년생),M,U,어린 나이에도 순하고 입질이 없음. 보호자에 대한 의존도가 높음.,신공항동물병원,인천광역시 중구 운남동로3번길 9 (운남동) ,032-751-4598,보호중,새끼,dog
4.28349E+14,믹스견,2026(60일미만)(년생),M,U,어린 나이에도 겁이 많고 소심한 편. 천천히 신뢰를 쌓으면 잘 따름.,신공항동물병원,인천광역시 중구 운남동로3번길 9 (운남동) ,032-751-4598,보호중,새끼,dog
4.28349E+14,믹스견,2026(60일미만)(년생),F,U,호기심 왕성한 새끼로 경계심이 있으나 천천히 마음을 열어감. 혼자 있는 것을 무서워함.,신공항동물병원,인천광역시 중구 운남동로3번길 9 (운남동) ,032-751-4598,보호중,새끼,dog
4.28349E+14,말티즈,2023(년생),M,Y,"구조시 털이 많이 엉켜있음, 순함",신공항동물병원,인천광역시 중구 운남동로3번길 9 (운남동) ,032-751-4598,보호중,성체,dog
4.28349E+14,한국 고양이,2024(년생),F,U,겁이 많고 숨는 것을 좋아함. 안전한 공간에서만 활동함.,신공항동물병원,인천광역시 중구 운남동로3번길 9 (운남동) ,032-751-4598,보호중,성체,cat
4.2634E+14,믹스견,2026(60일미만)(년생),M,N,호기심 왕성한 새끼로 겁이 많고 소심한 편. 천천히 신뢰를 쌓으면 잘 따름.,사단법인 동부,부산광역시 해운대구 송정2로13번길 46 (송정동) ,051-701-7599,보호중,새끼,dog
4.2634E+14,믹스견,2026(60일미만)(년생),M,U,아직 어리지만 장난기가 많고 놀기를 좋아함. 사람과 함께 있는 것을 즐김.,사단법인 동부,부산광역시 해운대구 송정2로13번길 46 (송정동) ,051-701-7599,보호중,새끼,dog
4.2634E+14,믹스견,2026(60일미만)(년생),M,N,아직 어리지만 경계심이 있으나 천천히 마음을 열어감. 혼자 있는 것을 무서워함.,사단법인 동부,부산광역시 해운대구 송정2로13번길 46 (송정동) ,051-701-7599,보호중,새끼,dog
4.2634E+14,믹스견,2026(60일미만)(년생),F,N,어린 나이에도 활발하고 에너지가 넘침. 낯선 환경에도 호기심이 많음.,사단법인 동부,부산광역시 해운대구 송정2로13번길 46 (송정동) ,051-701-7599,보호중,새끼,dog
4.2634E+14,믹스견,2026(60일미만)(년생),F,N,호기심 왕성한 새끼로 독립적이고 자기 의사 표현이 강함. 한 번 마음을 열면 충실함.,사단법인 동부,부산광역시 해운대구 송정2로13번길 46 (송정동) ,051-701-7599,보호중,새끼,dog
4.2634E+14,믹스견,2026(60일미만)(년생),F,N,어린 나이에도 경계심이 있으나 천천히 마음을 열어감. 혼자 있는 것을 무서워함.,사단법인 동부,부산광역시 해운대구 송정2로13번길 46 (송정동) ,051-701-7599,보호중,새끼,dog
4.2634E+14,믹스견,2022(년생),F,N,"겁 많음, 경계, 갈+흰",사단법인 동부,부산광역시 해운대구 송정2로13번길 46 (송정동) ,051-701-7599,보호중,성체,dog
4.26339E+14,비숑 프리제,2021(년생),M,N,"온순함,하얀색하네스를하고있음,미용흔적이있음",부산동물보호센터,부산광역시 강서구 맥도강변길 752-15 (대저2동) ,051-832-7119,보호중,성체,dog
4.26339E+14,한국 고양이,2026(년생),Q,N,어린 나이에도 조용하고 차분함. 보호자 곁에 있는 것을 좋아함.,부산동물보호센터,부산광역시 강서구 맥도강변길 752-15 (대저2동) ,051-832-7119,보호중,새끼,cat
4.26339E+14,믹스견,2025(년생),M,N,아직 어리지만 순하고 입질이 없음. 보호자에 대한 의존도가 높음.,부산동물보호센터,부산광역시 강서구 맥도강변길 752-15 (대저2동) ,051-832-7119,보호중,새끼,dog
4.26339E+14,믹스견,2025(년생),M,N,아직 어리지만 경계심이 있으나 천천히 마음을 열어감. 혼자 있는 것을 무서워함.,부산동물보호센터,부산광역시 강서구 맥도강변길 752-15 (대저2동) ,051-832-7119,보호중,새끼,dog
4.26339E+14,믹스견,2026(년생),M,N,"경계심이강함,겁이많음,진드기도포",부산동물보호센터,부산광역시 강서구 맥도강변길 752-15 (대저2동) ,051-832-7119,보호중,새끼,dog
4.26336E+14,믹스견,2022(년생),F,N,"약간의경계심,파란색목걸이를하고있음,다부진몸매",부산동물보호센터,부산광역시 강서구 맥도강변길 752-15 (대저2동) ,051-832-7119,보호중,성체,dog
4.46499E+14,믹스견,2025(년생),F,N,아직 어리지만 순하고 입질이 없음. 보호자에 대한 의존도가 높음.,유기동물임시보호센터,전라남도 완도군 신지면 신지로6번길 23-89 (신지면) ,061-550-5749,보호중,새끼,dog
4.5065E+14,믹스견,2022(년생),M,N,겁이 많고 소심한 편. 천천히 신뢰를 쌓으면 잘 따름.,제주 동물보호센터,제주특별자치도 제주시 첨단동길 184-14 (용강동) ,064-710-4065,보호중,성체,dog
4.5065E+14,믹스견,2026(년생),M,N,호기심 왕성한 새끼로 겁이 많고 소심한 편. 천천히 신뢰를 쌓으면 잘 따름.,제주 동물보호센터,제주특별자치도 제주시 첨단동길 184-14 (용강동) ,064-710-4065,보호중,새끼,dog
4.5065E+14,믹스견,2026(년생),F,N,호기심 왕성한 새끼로 경계심이 있으나 천천히 마음을 열어감. 혼자 있는 것을 무서워함.,제주 동물보호센터,제주특별자치도 제주시 첨단동길 184-14 (용강동) ,064-710-4065,보호중,새끼,dog
4.5065E+14,믹스견,2026(년생),F,N,어린 나이에도 장난기가 많고 놀기를 좋아함. 사람과 함께 있는 것을 즐김.,제주 동물보호센터,제주특별자치도 제주시 첨단동길 184-14 (용강동) ,064-710-4065,보호중,새끼,dog
4.5065E+14,믹스견,2026(년생),F,N,호기심 왕성한 새끼로 활발하고 에너지가 넘침. 낯선 환경에도 호기심이 많음.,제주 동물보호센터,제주특별자치도 제주시 첨단동길 184-14 (용강동) ,064-710-4065,보호중,새끼,dog
4.5065E+14,믹스견,2026(년생),F,N,어린 나이에도 활발하고 에너지가 넘침. 낯선 환경에도 호기심이 많음.,제주 동물보호센터,제주특별자치도 제주시 첨단동길 184-14 (용강동) ,064-710-4065,보호중,새끼,dog
4.5065E+14,믹스견,2026(년생),M,N,아직 어리지만 예민하고 낯선 사람을 경계함. 혼자만의 공간을 선호함.,제주 동물보호센터,제주특별자치도 제주시 첨단동길 184-14 (용강동) ,064-710-4065,보호중,새끼,dog
4.5065E+14,믹스견,2026(년생),M,N,아직 어리지만 예민하고 낯선 사람을 경계함. 혼자만의 공간을 선호함.,제주 동물보호센터,제주특별자치도 제주시 첨단동길 184-14 (용강동) ,064-710-4065,보호중,새끼,dog
4.5065E+14,믹스견,2026(년생),M,N,어린 나이에도 예민하고 낯선 사람을 경계함. 혼자만의 공간을 선호함.,제주 동물보호센터,제주특별자치도 제주시 첨단동길 184-14 (용강동) ,064-710-4065,보호중,새끼,dog
